pair	pp	group	sentence	spk_thisTrial	voice	wavfile	trial	rating	rt	participant	voiceC	trialC	recognition	simRatingPair
1_1	1	E	5	1	self	spk1_5.wav	68	1	0.870285987854	1	-0.5	-0.215481171548117	0.233333333333333	1.8
1_1	1	E	30	1	self	spk1_30.wav	46	2	0.836942911148	1	-0.5	-0.307531380753138	0.233333333333333	1.8
1_1	1	E	35	1	self	spk1_35.wav	126	1	0.385811090469	1	-0.5	0.0271966527196653	0.233333333333333	1.8
1_1	1	E	41	1	self	spk1_41.wav	130	3	1.5893599987	1	-0.5	0.0439330543933054	0.233333333333333	1.8
1_1	1	E	18	1	self	spk1_18.wav	8	2	0.987934827805	1	-0.5	-0.46652719665272	0.233333333333333	1.8
1_1	1	E	21	1	self	spk1_21.wav	133	2	2.30850315094	1	-0.5	0.0564853556485355	0.233333333333333	1.8
1_1	1	E	12	1	self	spk1_12.wav	173	2	1.10235190392	1	-0.5	0.223849372384937	0.233333333333333	1.8
1_1	1	E	44	1	self	spk1_44.wav	147	2	1.28955602646	1	-0.5	0.115062761506276	0.233333333333333	1.8
1_1	1	E	10	1	self	spk1_10.wav	42	1	1.00488877296	1	-0.5	-0.324267782426778	0.233333333333333	1.8
1_1	1	E	49	1	self	spk1_49.wav	189	2	0.955040216446	1	-0.5	0.290794979079498	0.233333333333333	1.8
1_1	1	E	40	1	self	spk1_40.wav	17	2	1.57329487801	1	-0.5	-0.428870292887029	0.233333333333333	1.8
1_1	1	E	15	1	self	spk1_15.wav	44	2	2.24017500877	1	-0.5	-0.315899581589958	0.233333333333333	1.8
1_1	1	E	31	1	self	spk1_31.wav	166	2	1.75648212433	1	-0.5	0.194560669456067	0.233333333333333	1.8
1_1	1	E	14	1	self	spk1_14.wav	72	2	2.0235350132	1	-0.5	-0.198744769874477	0.233333333333333	1.8
1_1	1	E	53	1	self	spk1_53.wav	128	1	1.30575489998	1	-0.5	0.0355648535564853	0.233333333333333	1.8
1_1	1	E	37	1	self	spk1_37.wav	35	2	1.48872494698	1	-0.5	-0.353556485355649	0.233333333333333	1.8
1_1	1	E	7	1	self	spk1_7.wav	196	3	1.67229294777	1	-0.5	0.320083682008368	0.233333333333333	1.8
1_1	1	E	45	1	self	spk1_45.wav	39	1	0.871151924133	1	-0.5	-0.336820083682008	0.233333333333333	1.8
1_1	1	E	60	1	self	spk1_60.wav	119	2	2.20786881447	1	-0.5	-0.002092050209205	0.233333333333333	1.8
1_1	1	E	50	1	self	spk1_50.wav	38	1	1.42267894745	1	-0.5	-0.341004184100418	0.233333333333333	1.8
1_1	1	E	22	1	self	spk1_22.wav	160	1	1.23814702034	1	-0.5	0.169456066945607	0.233333333333333	1.8
1_1	1	E	25	1	self	spk1_25.wav	14	1	1.45620918274	1	-0.5	-0.441422594142259	0.233333333333333	1.8
1_1	1	E	55	1	self	spk1_55.wav	122	3	2.05672097206	1	-0.5	0.0104602510460251	0.233333333333333	1.8
1_1	1	E	9	1	self	spk1_9.wav	124	2	0.0689830780029	1	-0.5	0.0188284518828452	0.233333333333333	1.8
1_1	1	E	58	1	self	spk1_58.wav	178	1	0.737948179245	1	-0.5	0.244769874476987	0.233333333333333	1.8
1_1	1	E	51	1	self	spk1_51.wav	58	3	1.27281785011	1	-0.5	-0.257322175732218	0.233333333333333	1.8
1_1	1	E	59	1	self	spk1_59.wav	206	3	1.2720990181	1	-0.5	0.361924686192469	0.233333333333333	1.8
1_1	1	E	39	1	self	spk1_39.wav	154	1	2.32484292984	1	-0.5	0.144351464435146	0.233333333333333	1.8
1_1	1	E	32	1	self	spk1_32.wav	168	2	1.47304701805	1	-0.5	0.202928870292887	0.233333333333333	1.8
1_1	1	E	33	1	self	spk1_33.wav	129	1	0.403515815735	1	-0.5	0.0397489539748954	0.233333333333333	1.8
1_1	1	E	46	1	self	spk1_46.wav	131	1	1.55658817291	1	-0.5	0.0481171548117155	0.233333333333333	1.8
1_1	1	E	13	1	self	spk1_13.wav	12	1	0.921618938446	1	-0.5	-0.449790794979079	0.233333333333333	1.8
1_1	1	E	34	1	self	spk1_34.wav	51	2	1.35554504395	1	-0.5	-0.286610878661088	0.233333333333333	1.8
1_1	1	E	8	1	self	spk1_8.wav	92	2	1.84061717987	1	-0.5	-0.115062761506276	0.233333333333333	1.8
1_1	1	E	27	1	self	spk1_27.wav	148	2	0.669408082962	1	-0.5	0.119246861924686	0.233333333333333	1.8
1_1	1	E	48	1	self	spk1_48.wav	54	3	1.99096918106	1	-0.5	-0.274058577405858	0.233333333333333	1.8
1_1	1	E	42	1	self	spk1_42.wav	163	2	1.15536618233	1	-0.5	0.182008368200837	0.233333333333333	1.8
1_1	1	E	24	1	self	spk1_24.wav	164	3	1.92374587059	1	-0.5	0.186192468619247	0.233333333333333	1.8
1_1	1	E	2	1	self	spk1_2.wav	205	2	0.435790061951	1	-0.5	0.357740585774059	0.233333333333333	1.8
1_1	1	E	47	1	self	spk1_47.wav	219	2	0.937510967255	1	-0.5	0.416317991631799	0.233333333333333	1.8
1_1	1	E	6	1	self	spk1_6.wav	167	2	1.07120084763	1	-0.5	0.198744769874477	0.233333333333333	1.8
1_1	1	E	11	1	self	spk1_11.wav	100	2	0.637449979782	1	-0.5	-0.0815899581589958	0.233333333333333	1.8
1_1	1	E	52	1	self	spk1_52.wav	61	4	1.83884501457	1	-0.5	-0.244769874476987	0.233333333333333	1.8
1_1	1	E	17	1	self	spk1_17.wav	89	2	1.65648412704	1	-0.5	-0.127615062761506	0.233333333333333	1.8
1_1	1	E	54	1	self	spk1_54.wav	211	3	1.18923306465	1	-0.5	0.382845188284519	0.233333333333333	1.8
1_1	1	E	38	1	self	spk1_38.wav	185	2	0.401243925095	1	-0.5	0.274058577405858	0.233333333333333	1.8
1_1	1	E	20	1	self	spk1_20.wav	65	3	1.9241271019	1	-0.5	-0.228033472803347	0.233333333333333	1.8
1_1	1	E	4	1	self	spk1_4.wav	227	3	0.486798048019	1	-0.5	0.449790794979079	0.233333333333333	1.8
1_1	1	E	43	1	self	spk1_43.wav	228	1	0.737664937973	1	-0.5	0.45397489539749	0.233333333333333	1.8
1_1	1	E	19	1	self	spk1_19.wav	108	1	0.818957090378	1	-0.5	-0.0481171548117155	0.233333333333333	1.8
1_1	1	E	16	1	self	spk1_16.wav	177	1	1.94064497948	1	-0.5	0.240585774058577	0.233333333333333	1.8
1_1	1	E	29	1	self	spk1_29.wav	218	3	1.25619316101	1	-0.5	0.412133891213389	0.233333333333333	1.8
1_1	1	E	36	1	self	spk1_36.wav	232	3	1.40387415886	1	-0.5	0.47071129707113	0.233333333333333	1.8
1_1	1	E	26	1	self	spk1_26.wav	233	3	0.670976161957	1	-0.5	0.47489539748954	0.233333333333333	1.8
1_1	1	E	57	1	self	spk1_57.wav	194	2	1.50432682037	1	-0.5	0.311715481171548	0.233333333333333	1.8
1_1	1	E	3	1	self	spk1_3.wav	115	1	0.487044095993	1	-0.5	-0.0188284518828452	0.233333333333333	1.8
1_1	1	E	56	1	self	spk1_56.wav	236	2	1.44068217278	1	-0.5	0.48744769874477	0.233333333333333	1.8
1_1	1	E	28	1	self	spk1_28.wav	224	2	0.7037961483	1	-0.5	0.437238493723849	0.233333333333333	1.8
1_1	1	E	23	1	self	spk1_23.wav	37	1	1.38951301575	1	-0.5	-0.345188284518828	0.233333333333333	1.8
1_1	1	E	1	1	self	spk1_1.wav	78	2	0.986817121506	1	-0.5	-0.173640167364017	0.233333333333333	1.8
1_15	1	E	21	15	other	spk15_21.wav	239	1	0.570420026779	1	0.5	0.5	0.233333333333333	1.6
1_15	1	E	25	15	other	spk15_25.wav	213	1	0.218397140503	1	0.5	0.391213389121339	0.233333333333333	1.6
1_15	1	E	17	15	other	spk15_17.wav	229	1	1.37171006203	1	0.5	0.4581589958159	0.233333333333333	1.6
1_15	1	E	15	15	other	spk15_15.wav	135	1	1.20574998856	1	0.5	0.0648535564853556	0.233333333333333	1.6
1_15	1	E	30	15	other	spk15_30.wav	27	2	1.40630912781	1	0.5	-0.387029288702929	0.233333333333333	1.6
1_15	1	E	37	15	other	spk15_37.wav	165	3	1.69009590149	1	0.5	0.190376569037657	0.233333333333333	1.6
1_15	1	E	7	15	other	spk15_7.wav	199	2	1.69045209885	1	0.5	0.332635983263598	0.233333333333333	1.6
1_15	1	E	8	15	other	spk15_8.wav	86	1	1.97422790527	1	0.5	-0.140167364016736	0.233333333333333	1.6
1_15	1	E	23	15	other	spk15_23.wav	85	2	1.75714802742	1	0.5	-0.144351464435146	0.233333333333333	1.6
1_15	1	E	52	15	other	spk15_52.wav	162	1	1.12117195129	1	0.5	0.177824267782427	0.233333333333333	1.6
1_15	1	E	46	15	other	spk15_46.wav	202	1	0.686233043671	1	0.5	0.345188284518828	0.233333333333333	1.6
1_15	1	E	28	15	other	spk15_28.wav	172	2	1.42309093475	1	0.5	0.219665271966527	0.233333333333333	1.6
1_15	1	E	14	15	other	spk15_14.wav	11	2	2.02422499657	1	0.5	-0.45397489539749	0.233333333333333	1.6
1_15	1	E	24	15	other	spk15_24.wav	125	1	0.453774929047	1	0.5	0.0230125523012552	0.233333333333333	1.6
1_15	1	E	27	15	other	spk15_27.wav	159	2	1.18862390518	1	0.5	0.165271966527197	0.233333333333333	1.6
1_15	1	E	1	15	other	spk15_1.wav	215	1	0.503814935684	1	0.5	0.399581589958159	0.233333333333333	1.6
1_15	1	E	36	15	other	spk15_36.wav	84	1	2.00747013092	1	0.5	-0.148535564853557	0.233333333333333	1.6
1_15	1	E	18	15	other	spk15_18.wav	26	2	1.05411887169	1	0.5	-0.391213389121339	0.233333333333333	1.6
1_15	1	E	11	15	other	spk15_11.wav	67	2	1.65505313873	1	0.5	-0.219665271966527	0.233333333333333	1.6
1_15	1	E	33	15	other	spk15_33.wav	139	3	1.02179694176	1	0.5	0.0815899581589958	0.233333333333333	1.6
1_15	1	E	16	15	other	spk15_16.wav	87	1	1.13856816292	1	0.5	-0.135983263598326	0.233333333333333	1.6
1_15	1	E	57	15	other	spk15_57.wav	83	1	1.28880500793	1	0.5	-0.152719665271967	0.233333333333333	1.6
1_15	1	E	53	15	other	spk15_53.wav	217	2	1.0204949379	1	0.5	0.407949790794979	0.233333333333333	1.6
1_15	1	E	20	15	other	spk15_20.wav	63	2	1.0053460598	1	0.5	-0.236401673640167	0.233333333333333	1.6
1_15	1	E	22	15	other	spk15_22.wav	23	1	0.434536933899	1	0.5	-0.403765690376569	0.233333333333333	1.6
1_15	1	E	31	15	other	spk15_31.wav	198	1	1.372371912	1	0.5	0.328451882845188	0.233333333333333	1.6
1_15	1	E	41	15	other	spk15_41.wav	186	2	1.53924918175	1	0.5	0.278242677824268	0.233333333333333	1.6
1_15	1	E	39	15	other	spk15_39.wav	134	1	0.653846025467	1	0.5	0.0606694560669456	0.233333333333333	1.6
1_15	1	E	45	15	other	spk15_45.wav	161	1	0.387336969376	1	0.5	0.173640167364017	0.233333333333333	1.6
1_15	1	E	29	15	other	spk15_29.wav	138	2	0.753213882446	1	0.5	0.0774058577405857	0.233333333333333	1.6
1_15	1	E	13	15	other	spk15_13.wav	137	2	1.25540590286	1	0.5	0.0732217573221757	0.233333333333333	1.6
1_15	1	E	2	15	other	spk15_2.wav	150	2	1.89047408104	1	0.5	0.127615062761506	0.233333333333333	1.6
1_15	1	E	3	15	other	spk15_3.wav	31	1	1.48834705353	1	0.5	-0.370292887029289	0.233333333333333	1.6
1_15	1	E	60	15	other	spk15_60.wav	153	4	1.00488996506	1	0.5	0.140167364016736	0.233333333333333	1.6
1_15	1	E	56	15	other	spk15_56.wav	207	2	1.23760700226	1	0.5	0.366108786610879	0.233333333333333	1.6
1_15	1	E	40	15	other	spk15_40.wav	156	3	1.80683398247	1	0.5	0.152719665271967	0.233333333333333	1.6
1_15	1	E	43	15	other	spk15_43.wav	48	2	1.83879685402	1	0.5	-0.299163179916318	0.233333333333333	1.6
1_15	1	E	34	15	other	spk15_34.wav	158	1	1.50551891327	1	0.5	0.161087866108787	0.233333333333333	1.6
1_15	1	E	49	15	other	spk15_49.wav	184	3	1.0554189682	1	0.5	0.269874476987448	0.233333333333333	1.6
1_15	1	E	12	15	other	spk15_12.wav	117	2	1.55649614334	1	0.5	-0.0104602510460251	0.233333333333333	1.6
1_15	1	E	9	15	other	spk15_9.wav	187	1	0.503371953964	1	0.5	0.282426778242678	0.233333333333333	1.6
1_15	1	E	32	15	other	spk15_32.wav	174	1	0.804361104965	1	0.5	0.228033472803347	0.233333333333333	1.6
1_15	1	E	38	15	other	spk15_38.wav	80	1	1.07150793076	1	0.5	-0.165271966527197	0.233333333333333	1.6
1_15	1	E	35	15	other	spk15_35.wav	2	1	0.58740401268	1	0.5	-0.49163179916318	0.233333333333333	1.6
1_15	1	E	5	15	other	spk15_5.wav	216	1	0.0693879127502	1	0.5	0.403765690376569	0.233333333333333	1.6
1_15	1	E	42	15	other	spk15_42.wav	190	1	0.754723072052	1	0.5	0.294979079497908	0.233333333333333	1.6
1_15	1	E	51	15	other	spk15_51.wav	152	4	2.59228801727	1	0.5	0.135983263598326	0.233333333333333	1.6
1_15	1	E	26	15	other	spk15_26.wav	180	2	2.54230308533	1	0.5	0.253138075313807	0.233333333333333	1.6
1_15	1	E	4	15	other	spk15_4.wav	20	2	1.10542798042	1	0.5	-0.416317991631799	0.233333333333333	1.6
1_15	1	E	50	15	other	spk15_50.wav	222	3	0.788125991821	1	0.5	0.428870292887029	0.233333333333333	1.6
1_15	1	E	48	15	other	spk15_48.wav	143	2	1.00371909142	1	0.5	0.0983263598326359	0.233333333333333	1.6
1_15	1	E	47	15	other	spk15_47.wav	197	2	0.954929828644	1	0.5	0.324267782426778	0.233333333333333	1.6
1_15	1	E	6	15	other	spk15_6.wav	237	2	0.369741916656	1	0.5	0.49163179916318	0.233333333333333	1.6
1_15	1	E	58	15	other	spk15_58.wav	106	1	0.670791149139	1	0.5	-0.0564853556485356	0.233333333333333	1.6
1_15	1	E	54	15	other	spk15_54.wav	235	2	0.818994045258	1	0.5	0.48326359832636	0.233333333333333	1.6
1_15	1	E	59	15	other	spk15_59.wav	214	1	0.769864082336	1	0.5	0.395397489539749	0.233333333333333	1.6
1_15	1	E	10	15	other	spk15_10.wav	55	2	1.65638995171	1	0.5	-0.269874476987448	0.233333333333333	1.6
1_15	1	E	55	15	other	spk15_55.wav	220	3	1.18897390366	1	0.5	0.420502092050209	0.233333333333333	1.6
1_15	1	E	44	15	other	spk15_44.wav	30	2	2.00756001472	1	0.5	-0.374476987447699	0.233333333333333	1.6
1_15	1	E	19	15	other	spk15_19.wav	223	3	0.75426197052	1	0.5	0.433054393305439	0.233333333333333	1.6
1_24	1	E	21	24	other	spk24_21.wav	0	2	1.45689988136	1	0.5	-0.5	0.233333333333333	1.8
1_24	1	E	44	24	other	spk24_44.wav	81	1	2.10793495178	1	0.5	-0.161087866108787	0.233333333333333	1.8
1_24	1	E	10	24	other	spk24_10.wav	82	2	1.43772411346	1	0.5	-0.156903765690377	0.233333333333333	1.8
1_24	1	E	31	24	other	spk24_31.wav	3	2	0.971637010574	1	0.5	-0.48744769874477	0.233333333333333	1.8
1_24	1	E	49	24	other	spk24_49.wav	97	2	1.67372894287	1	0.5	-0.0941422594142259	0.233333333333333	1.8
1_24	1	E	43	24	other	spk24_43.wav	5	3	1.55545210838	1	0.5	-0.47907949790795	0.233333333333333	1.8
1_24	1	E	28	24	other	spk24_28.wav	140	1	0.904165029526	1	0.5	0.0857740585774058	0.233333333333333	1.8
1_24	1	E	19	24	other	spk24_19.wav	7	2	1.18845200539	1	0.5	-0.47071129707113	0.233333333333333	1.8
1_24	1	E	1	24	other	spk24_1.wav	169	2	1.1221511364	1	0.5	0.207112970711297	0.233333333333333	1.8
1_24	1	E	4	24	other	spk24_4.wav	9	1	3.46090388298	1	0.5	-0.46234309623431	0.233333333333333	1.8
1_24	1	E	32	24	other	spk24_32.wav	10	2	2.09114789963	1	0.5	-0.4581589958159	0.233333333333333	1.8
1_24	1	E	35	24	other	spk24_35.wav	132	1	0.68740606308	1	0.5	0.0523012552301255	0.233333333333333	1.8
1_24	1	E	48	24	other	spk24_48.wav	52	3	1.52321815491	1	0.5	-0.282426778242678	0.233333333333333	1.8
1_24	1	E	51	24	other	spk24_51.wav	53	1	2.00560307503	1	0.5	-0.278242677824268	0.233333333333333	1.8
1_24	1	E	30	24	other	spk24_30.wav	175	2	1.20550298691	1	0.5	0.232217573221757	0.233333333333333	1.8
1_24	1	E	20	24	other	spk24_20.wav	95	1	1.98870301247	1	0.5	-0.102510460251046	0.233333333333333	1.8
1_24	1	E	23	24	other	spk24_23.wav	16	3	1.97364592552	1	0.5	-0.433054393305439	0.233333333333333	1.8
1_24	1	E	27	24	other	spk24_27.wav	70	2	1.23846006393	1	0.5	-0.207112970711297	0.233333333333333	1.8
1_24	1	E	40	24	other	spk24_40.wav	179	2	0.837094068527	1	0.5	0.248953974895398	0.233333333333333	1.8
1_24	1	E	39	24	other	spk24_39.wav	32	1	0.653719186783	1	0.5	-0.366108786610879	0.233333333333333	1.8
1_24	1	E	41	24	other	spk24_41.wav	181	3	1.40611386299	1	0.5	0.257322175732218	0.233333333333333	1.8
1_24	1	E	52	24	other	spk24_52.wav	21	1	1.50622797012	1	0.5	-0.412133891213389	0.233333333333333	1.8
1_24	1	E	37	24	other	spk24_37.wav	183	2	0.671473026276	1	0.5	0.265690376569038	0.233333333333333	1.8
1_24	1	E	58	24	other	spk24_58.wav	144	2	1.52243900299	1	0.5	0.102510460251046	0.233333333333333	1.8
1_24	1	E	12	24	other	spk24_12.wav	24	2	1.43922305107	1	0.5	-0.399581589958159	0.233333333333333	1.8
1_24	1	E	9	24	other	spk24_9.wav	212	2	0.635609865189	1	0.5	0.387029288702929	0.233333333333333	1.8
1_24	1	E	45	24	other	spk24_45.wav	66	2	0.136444091797	1	0.5	-0.223849372384937	0.233333333333333	1.8
1_24	1	E	42	24	other	spk24_42.wav	188	1	0.704509973526	1	0.5	0.286610878661088	0.233333333333333	1.8
1_24	1	E	56	24	other	spk24_56.wav	28	2	1.05533289909	1	0.5	-0.382845188284519	0.233333333333333	1.8
1_24	1	E	6	24	other	spk24_6.wav	69	2	2.70896911621	1	0.5	-0.211297071129707	0.233333333333333	1.8
1_24	1	E	57	24	other	spk24_57.wav	96	3	1.42079281807	1	0.5	-0.098326359832636	0.233333333333333	1.8
1_24	1	E	25	24	other	spk24_25.wav	111	1	0.703503847122	1	0.5	-0.0355648535564854	0.233333333333333	1.8
1_24	1	E	34	24	other	spk24_34.wav	45	1	0.352151870728	1	0.5	-0.311715481171548	0.233333333333333	1.8
1_24	1	E	59	24	other	spk24_59.wav	113	1	1.10507702827	1	0.5	-0.0271966527196653	0.233333333333333	1.8
1_24	1	E	14	24	other	spk24_14.wav	47	1	1.8072988987	1	0.5	-0.303347280334728	0.233333333333333	1.8
1_24	1	E	50	24	other	spk24_50.wav	75	2	1.32238698006	1	0.5	-0.186192468619247	0.233333333333333	1.8
1_24	1	E	7	24	other	spk24_7.wav	36	2	1.58759093285	1	0.5	-0.349372384937238	0.233333333333333	1.8
1_24	1	E	26	24	other	spk24_26.wav	77	3	3.2591240406	1	0.5	-0.177824267782427	0.233333333333333	1.8
1_24	1	E	33	24	other	spk24_33.wav	64	3	1.35578417778	1	0.5	-0.232217573221757	0.233333333333333	1.8
1_24	1	E	55	24	other	spk24_55.wav	200	2	0.337312936783	1	0.5	0.336820083682008	0.233333333333333	1.8
1_24	1	E	38	24	other	spk24_38.wav	93	3	0.969794034958	1	0.5	-0.110878661087866	0.233333333333333	1.8
1_24	1	E	24	24	other	spk24_24.wav	121	2	0.654271841049	1	0.5	0.00627615062761511	0.233333333333333	1.8
1_24	1	E	17	24	other	spk24_17.wav	99	4	1.02166414261	1	0.5	-0.0857740585774058	0.233333333333333	1.8
1_24	1	E	53	24	other	spk24_53.wav	109	2	1.08864402771	1	0.5	-0.0439330543933054	0.233333333333333	1.8
1_24	1	E	22	24	other	spk24_22.wav	231	3	1.52198696136	1	0.5	0.46652719665272	0.233333333333333	1.8
1_24	1	E	29	24	other	spk24_29.wav	98	4	0.702143907547	1	0.5	-0.0899581589958159	0.233333333333333	1.8
1_24	1	E	11	24	other	spk24_11.wav	50	2	1.07189416885	1	0.5	-0.290794979079498	0.233333333333333	1.8
1_24	1	E	8	24	other	spk24_8.wav	221	1	0.370642900467	1	0.5	0.424686192468619	0.233333333333333	1.8
1_24	1	E	3	24	other	spk24_3.wav	88	1	1.60523319244	1	0.5	-0.131799163179916	0.233333333333333	1.8
1_24	1	E	54	24	other	spk24_54.wav	170	3	0.804430007935	1	0.5	0.211297071129707	0.233333333333333	1.8
1_24	1	E	15	24	other	spk24_15.wav	94	2	1.37267899513	1	0.5	-0.106694560669456	0.233333333333333	1.8
1_24	1	E	46	24	other	spk24_46.wav	238	2	0.51970410347	1	0.5	0.49581589958159	0.233333333333333	1.8
1_24	1	E	18	24	other	spk24_18.wav	104	2	0.252956151962	1	0.5	-0.0648535564853556	0.233333333333333	1.8
1_24	1	E	16	24	other	spk24_16.wav	149	3	1.30485415459	1	0.5	0.123430962343096	0.233333333333333	1.8
1_24	1	E	2	24	other	spk24_2.wav	230	2	0.871454000473	1	0.5	0.46234309623431	0.233333333333333	1.8
1_24	1	E	13	24	other	spk24_13.wav	193	1	1.07027602196	1	0.5	0.307531380753138	0.233333333333333	1.8
1_24	1	E	47	24	other	spk24_47.wav	209	1	1.00465083122	1	0.5	0.374476987447699	0.233333333333333	1.8
1_24	1	E	36	24	other	spk24_36.wav	101	3	1.53995990753	1	0.5	-0.0774058577405858	0.233333333333333	1.8
1_24	1	E	5	24	other	spk24_5.wav	208	1	0.685424089432	1	0.5	0.370292887029289	0.233333333333333	1.8
1_24	1	E	60	24	other	spk24_60.wav	103	2	0.804966926575	1	0.5	-0.0690376569037657	0.233333333333333	1.8
1_4	1	E	29	4	other	spk4_29.wav	4	4	1.43947911263	1	0.5	-0.48326359832636	0.233333333333333	2.7
1_4	1	E	44	4	other	spk4_44.wav	40	1	1.77339696884	1	0.5	-0.332635983263598	0.233333333333333	2.7
1_4	1	E	48	4	other	spk4_48.wav	123	3	1.1218688488	1	0.5	0.0146443514644351	0.233333333333333	2.7
1_4	1	E	6	4	other	spk4_6.wav	15	2	1.87401485443	1	0.5	-0.437238493723849	0.233333333333333	2.7
1_4	1	E	1	4	other	spk4_1.wav	34	2	1.62337803841	1	0.5	-0.357740585774059	0.233333333333333	2.7
1_4	1	E	43	4	other	spk4_43.wav	91	3	1.88949394226	1	0.5	-0.119246861924686	0.233333333333333	2.7
1_4	1	E	34	4	other	spk4_34.wav	22	1	0.804615020752	1	0.5	-0.407949790794979	0.233333333333333	2.7
1_4	1	E	7	4	other	spk4_7.wav	107	2	1.30570983887	1	0.5	-0.0523012552301255	0.233333333333333	2.7
1_4	1	E	58	4	other	spk4_58.wav	25	4	1.23850893974	1	0.5	-0.395397489539749	0.233333333333333	2.7
1_4	1	E	47	4	other	spk4_47.wav	43	4	1.57307600975	1	0.5	-0.320083682008368	0.233333333333333	2.7
1_4	1	E	52	4	other	spk4_52.wav	146	2	1.03642606735	1	0.5	0.110878661087866	0.233333333333333	2.7
1_4	1	E	14	4	other	spk4_14.wav	6	3	1.37250781059	1	0.5	-0.47489539748954	0.233333333333333	2.7
1_4	1	E	5	4	other	spk4_5.wav	1	2	1.67294383049	1	0.5	-0.49581589958159	0.233333333333333	2.7
1_4	1	E	45	4	other	spk4_45.wav	33	1	0.60399889946	1	0.5	-0.361924686192469	0.233333333333333	2.7
1_4	1	E	37	4	other	spk4_37.wav	57	1	2.17468094826	1	0.5	-0.261506276150628	0.233333333333333	2.7
1_4	1	E	54	4	other	spk4_54.wav	155	2	1.83988499641	1	0.5	0.148535564853556	0.233333333333333	2.7
1_4	1	E	36	4	other	spk4_36.wav	18	2	1.80749106407	1	0.5	-0.424686192468619	0.233333333333333	2.7
1_4	1	E	9	4	other	spk4_9.wav	118	1	0.904511928558	1	0.5	-0.00627615062761505	0.233333333333333	2.7
1_4	1	E	51	4	other	spk4_51.wav	105	1	0.771562099457	1	0.5	-0.0606694560669456	0.233333333333333	2.7
1_4	1	E	50	4	other	spk4_50.wav	145	1	0.902926921844	1	0.5	0.106694560669456	0.233333333333333	2.7
1_4	1	E	33	4	other	spk4_33.wav	201	2	0.770503044128	1	0.5	0.341004184100418	0.233333333333333	2.7
1_4	1	E	46	4	other	spk4_46.wav	120	2	2.77639603615	1	0.5	0.002092050209205	0.233333333333333	2.7
1_4	1	E	39	4	other	spk4_39.wav	176	1	0.837224960327	1	0.5	0.236401673640167	0.233333333333333	2.7
1_4	1	E	21	4	other	spk4_21.wav	204	3	2.45830702782	1	0.5	0.353556485355649	0.233333333333333	2.7
1_4	1	E	28	4	other	spk4_28.wav	71	3	0.788276195526	1	0.5	-0.202928870292887	0.233333333333333	2.7
1_4	1	E	38	4	other	spk4_38.wav	191	2	1.13802504539	1	0.5	0.299163179916318	0.233333333333333	2.7
1_4	1	E	57	4	other	spk4_57.wav	59	2	2.32472896576	1	0.5	-0.253138075313807	0.233333333333333	2.7
1_4	1	E	4	4	other	spk4_4.wav	74	2	0.735040903091	1	0.5	-0.190376569037657	0.233333333333333	2.7
1_4	1	E	2	4	other	spk4_2.wav	182	2	1.37266302109	1	0.5	0.261506276150628	0.233333333333333	2.7
1_4	1	E	11	4	other	spk4_11.wav	76	2	2.42506814003	1	0.5	-0.182008368200837	0.233333333333333	2.7
1_4	1	E	26	4	other	spk4_26.wav	90	2	1.90750193596	1	0.5	-0.123430962343096	0.233333333333333	2.7
1_4	1	E	60	4	other	spk4_60.wav	171	3	1.10392189026	1	0.5	0.215481171548117	0.233333333333333	2.7
1_4	1	E	16	4	other	spk4_16.wav	56	2	2.40906596184	1	0.5	-0.265690376569038	0.233333333333333	2.7
1_4	1	E	56	4	other	spk4_56.wav	13	3	1.78898286819	1	0.5	-0.445606694560669	0.233333333333333	2.7
1_4	1	E	15	4	other	spk4_15.wav	151	1	1.67111206055	1	0.5	0.131799163179916	0.233333333333333	2.7
1_4	1	E	8	4	other	spk4_8.wav	41	2	1.35380506516	1	0.5	-0.328451882845188	0.233333333333333	2.7
1_4	1	E	49	4	other	spk4_49.wav	141	2	1.78820300102	1	0.5	0.0899581589958159	0.233333333333333	2.7
1_4	1	E	17	4	other	spk4_17.wav	203	2	0.587296009064	1	0.5	0.349372384937239	0.233333333333333	2.7
1_4	1	E	13	4	other	spk4_13.wav	102	2	0.353250980377	1	0.5	-0.0732217573221757	0.233333333333333	2.7
1_4	1	E	40	4	other	spk4_40.wav	112	3	1.05517911911	1	0.5	-0.0313807531380753	0.233333333333333	2.7
1_4	1	E	10	4	other	spk4_10.wav	157	2	1.47031021118	1	0.5	0.156903765690377	0.233333333333333	2.7
1_4	1	E	19	4	other	spk4_19.wav	114	1	1.48969912529	1	0.5	-0.0230125523012552	0.233333333333333	2.7
1_4	1	E	25	4	other	spk4_25.wav	226	2	0.135670900345	1	0.5	0.445606694560669	0.233333333333333	2.7
1_4	1	E	53	4	other	spk4_53.wav	62	3	1.89022302628	1	0.5	-0.240585774058577	0.233333333333333	2.7
1_4	1	E	32	4	other	spk4_32.wav	79	2	1.68782687187	1	0.5	-0.169456066945607	0.233333333333333	2.7
1_4	1	E	31	4	other	spk4_31.wav	73	2	0.854364156723	1	0.5	-0.194560669456067	0.233333333333333	2.7
1_4	1	E	35	4	other	spk4_35.wav	136	2	0.85390996933	1	0.5	0.0690376569037657	0.233333333333333	2.7
1_4	1	E	24	4	other	spk4_24.wav	195	2	0.953015089035	1	0.5	0.315899581589958	0.233333333333333	2.7
1_4	1	E	59	4	other	spk4_59.wav	110	4	2.20726490021	1	0.5	-0.0397489539748954	0.233333333333333	2.7
1_4	1	E	22	4	other	spk4_22.wav	49	3	1.35475492477	1	0.5	-0.294979079497908	0.233333333333333	2.7
1_4	1	E	42	4	other	spk4_42.wav	127	2	1.33885192871	1	0.5	0.0313807531380753	0.233333333333333	2.7
1_4	1	E	41	4	other	spk4_41.wav	225	2	1.43957304955	1	0.5	0.441422594142259	0.233333333333333	2.7
1_4	1	E	27	4	other	spk4_27.wav	116	1	1.72360897064	1	0.5	-0.0146443514644352	0.233333333333333	2.7
1_4	1	E	12	4	other	spk4_12.wav	210	1	0.637202978134	1	0.5	0.378661087866109	0.233333333333333	2.7
1_4	1	E	3	4	other	spk4_3.wav	192	2	0.737939834595	1	0.5	0.303347280334728	0.233333333333333	2.7
1_4	1	E	55	4	other	spk4_55.wav	29	3	1.67302298546	1	0.5	-0.378661087866109	0.233333333333333	2.7
1_4	1	E	18	4	other	spk4_18.wav	60	2	1.85549783707	1	0.5	-0.248953974895398	0.233333333333333	2.7
1_4	1	E	23	4	other	spk4_23.wav	234	2	0.903738975525	1	0.5	0.47907949790795	0.233333333333333	2.7
1_4	1	E	30	4	other	spk4_30.wav	142	3	3.57802605629	1	0.5	0.0941422594142259	0.233333333333333	2.7
1_4	1	E	20	4	other	spk4_20.wav	19	3	1.47276711464	1	0.5	-0.420502092050209	0.233333333333333	2.7
10_10	10	C	43	10	self	spk10_43.wav	235	1	0.420067071915	10	-0.5	0.48326359832636	0.5	2.8
10_10	10	C	41	10	self	spk10_41.wav	92	1	1.64051294327	10	-0.5	-0.115062761506276	0.5	2.8
10_10	10	C	31	10	self	spk10_31.wav	95	1	0.536978006363	10	-0.5	-0.102510460251046	0.5	2.8
10_10	10	C	4	10	self	spk10_4.wav	163	2	0.737545967102	10	-0.5	0.182008368200837	0.5	2.8
10_10	10	C	8	10	self	spk10_8.wav	146	3	0.85457611084	10	-0.5	0.110878661087866	0.5	2.8
10_10	10	C	32	10	self	spk10_32.wav	37	1	0.705399990082	10	-0.5	-0.345188284518828	0.5	2.8
10_10	10	C	42	10	self	spk10_42.wav	155	2	1.02165913582	10	-0.5	0.148535564853556	0.5	2.8
10_10	10	C	58	10	self	spk10_58.wav	113	3	0.503821849823	10	-0.5	-0.0271966527196653	0.5	2.8
10_10	10	C	53	10	self	spk10_53.wav	7	1	1.07312107086	10	-0.5	-0.47071129707113	0.5	2.8
10_10	10	C	36	10	self	spk10_36.wav	59	1	0.671837806702	10	-0.5	-0.253138075313807	0.5	2.8
10_10	10	C	22	10	self	spk10_22.wav	170	3	0.587121963501	10	-0.5	0.211297071129707	0.5	2.8
10_10	10	C	20	10	self	spk10_20.wav	105	2	0.538069963455	10	-0.5	-0.0606694560669456	0.5	2.8
10_10	10	C	30	10	self	spk10_30.wav	187	1	2.30813503265	10	-0.5	0.282426778242678	0.5	2.8
10_10	10	C	49	10	self	spk10_49.wav	157	1	1.28883600235	10	-0.5	0.156903765690377	0.5	2.8
10_10	10	C	29	10	self	spk10_29.wav	2	1	0.869292020798	10	-0.5	-0.49163179916318	0.5	2.8
10_10	10	C	52	10	self	spk10_52.wav	215	2	1.84040498734	10	-0.5	0.399581589958159	0.5	2.8
10_10	10	C	12	10	self	spk10_12.wav	203	2	0.75514793396	10	-0.5	0.349372384937239	0.5	2.8
10_10	10	C	26	10	self	spk10_26.wav	148	2	1.07166814804	10	-0.5	0.119246861924686	0.5	2.8
10_10	10	C	54	10	self	spk10_54.wav	111	2	1.23974514008	10	-0.5	-0.0355648535564854	0.5	2.8
10_10	10	C	10	10	self	spk10_10.wav	99	1	0.971513032913	10	-0.5	-0.0857740585774058	0.5	2.8
10_10	10	C	46	10	self	spk10_46.wav	152	3	0.721921920776	10	-0.5	0.135983263598326	0.5	2.8
10_10	10	C	13	10	self	spk10_13.wav	181	3	0.385583877563	10	-0.5	0.257322175732218	0.5	2.8
10_10	10	C	44	10	self	spk10_44.wav	8	1	0.319713115692	10	-0.5	-0.46652719665272	0.5	2.8
10_10	10	C	37	10	self	spk10_37.wav	143	3	1.85489702225	10	-0.5	0.0983263598326359	0.5	2.8
10_10	10	C	55	10	self	spk10_55.wav	51	1	0.904918909073	10	-0.5	-0.286610878661088	0.5	2.8
10_10	10	C	57	10	self	spk10_57.wav	104	2	1.28909015656	10	-0.5	-0.0648535564853556	0.5	2.8
10_10	10	C	47	10	self	spk10_47.wav	213	3	1.07172989845	10	-0.5	0.391213389121339	0.5	2.8
10_10	10	C	39	10	self	spk10_39.wav	94	2	0.33763384819	10	-0.5	-0.106694560669456	0.5	2.8
10_10	10	C	2	10	self	spk10_2.wav	228	2	0.254092931747	10	-0.5	0.45397489539749	0.5	2.8
10_10	10	C	24	10	self	spk10_24.wav	202	2	0.72104883194	10	-0.5	0.345188284518828	0.5	2.8
10_10	10	C	48	10	self	spk10_48.wav	139	4	0.570401906967	10	-0.5	0.0815899581589958	0.5	2.8
10_10	10	C	50	10	self	spk10_50.wav	205	3	1.68785190582	10	-0.5	0.357740585774059	0.5	2.8
10_10	10	C	27	10	self	spk10_27.wav	233	2	0.954425096512	10	-0.5	0.47489539748954	0.5	2.8
10_10	10	C	11	10	self	spk10_11.wav	231	1	0.535237073898	10	-0.5	0.46652719665272	0.5	2.8
10_10	10	C	1	10	self	spk10_1.wav	72	3	1.53967094421	10	-0.5	-0.198744769874477	0.5	2.8
10_10	10	C	19	10	self	spk10_19.wav	21	1	0.585464954376	10	-0.5	-0.412133891213389	0.5	2.8
10_10	10	C	59	10	self	spk10_59.wav	156	1	0.869204044342	10	-0.5	0.152719665271967	0.5	2.8
10_10	10	C	18	10	self	spk10_18.wav	237	2	0.754155874252	10	-0.5	0.49163179916318	0.5	2.8
10_10	10	C	40	10	self	spk10_40.wav	91	2	1.23871803284	10	-0.5	-0.119246861924686	0.5	2.8
10_10	10	C	45	10	self	spk10_45.wav	226	1	0.3698990345	10	-0.5	0.445606694560669	0.5	2.8
10_10	10	C	34	10	self	spk10_34.wav	26	1	1.33893585205	10	-0.5	-0.391213389121339	0.5	2.8
10_10	10	C	5	10	self	spk10_5.wav	13	1	1.99067997932	10	-0.5	-0.445606694560669	0.5	2.8
10_10	10	C	9	10	self	spk10_9.wav	210	2	0.87021613121	10	-0.5	0.378661087866109	0.5	2.8
10_10	10	C	51	10	self	spk10_51.wav	96	1	1.97316002846	10	-0.5	-0.098326359832636	0.5	2.8
10_10	10	C	23	10	self	spk10_23.wav	29	1	0.720571041107	10	-0.5	-0.378661087866109	0.5	2.8
10_10	10	C	25	10	self	spk10_25.wav	44	2	0.571669816971	10	-0.5	-0.315899581589958	0.5	2.8
10_10	10	C	21	10	self	spk10_21.wav	106	2	1.30682110786	10	-0.5	-0.0564853556485356	0.5	2.8
10_10	10	C	7	10	self	spk10_7.wav	64	2	0.76901102066	10	-0.5	-0.232217573221757	0.5	2.8
10_10	10	C	6	10	self	spk10_6.wav	47	5	1.38893294334	10	-0.5	-0.303347280334728	0.5	2.8
10_10	10	C	28	10	self	spk10_28.wav	209	1	0.520478010178	10	-0.5	0.374476987447699	0.5	2.8
10_10	10	C	14	10	self	spk10_14.wav	30	1	0.319003105164	10	-0.5	-0.374476987447699	0.5	2.8
10_10	10	C	17	10	self	spk10_17.wav	102	2	0.971628189087	10	-0.5	-0.0732217573221757	0.5	2.8
10_10	10	C	16	10	self	spk10_16.wav	158	2	0.770905017853	10	-0.5	0.161087866108787	0.5	2.8
10_10	10	C	60	10	self	spk10_60.wav	78	2	2.47534799576	10	-0.5	-0.173640167364017	0.5	2.8
10_10	10	C	56	10	self	spk10_56.wav	238	1	0.486935138702	10	-0.5	0.49581589958159	0.5	2.8
10_10	10	C	35	10	self	spk10_35.wav	39	1	0.137021064758	10	-0.5	-0.336820083682008	0.5	2.8
10_10	10	C	3	10	self	spk10_3.wav	221	2	2.22442507744	10	-0.5	0.424686192468619	0.5	2.8
10_10	10	C	15	10	self	spk10_15.wav	63	1	0.68746805191	10	-0.5	-0.236401673640167	0.5	2.8
10_10	10	C	38	10	self	spk10_38.wav	69	2	0.302530050278	10	-0.5	-0.211297071129707	0.5	2.8
10_10	10	C	33	10	self	spk10_33.wav	50	1	0.336333036423	10	-0.5	-0.290794979079498	0.5	2.8
10_13	10	C	14	13	other	spk13_14.wav	186	1	0.651757001877	10	0.5	0.278242677824268	0.5	3.3
10_13	10	C	24	13	other	spk13_24.wav	24	1	0.888715982437	10	0.5	-0.399581589958159	0.5	3.3
10_13	10	C	53	13	other	spk13_53.wav	136	2	4.73074603081	10	0.5	0.0690376569037657	0.5	3.3
10_13	10	C	52	13	other	spk13_52.wav	131	5	2.9274930954	10	0.5	0.0481171548117155	0.5	3.3
10_13	10	C	16	13	other	spk13_16.wav	9	1	0.384582996368	10	0.5	-0.46234309623431	0.5	3.3
10_13	10	C	44	13	other	spk13_44.wav	82	2	2.49200391769	10	0.5	-0.156903765690377	0.5	3.3
10_13	10	C	27	13	other	spk13_27.wav	116	3	0.485594034195	10	0.5	-0.0146443514644352	0.5	3.3
10_13	10	C	57	13	other	spk13_57.wav	77	1	0.687303066254	10	0.5	-0.177824267782427	0.5	3.3
10_13	10	C	38	13	other	spk13_38.wav	16	2	0.971576213837	10	0.5	-0.433054393305439	0.5	3.3
10_13	10	C	21	13	other	spk13_21.wav	169	2	1.72203183174	10	0.5	0.207112970711297	0.5	3.3
10_13	10	C	42	13	other	spk13_42.wav	165	1	1.02177095413	10	0.5	0.190376569037657	0.5	3.3
10_13	10	C	18	13	other	spk13_18.wav	135	3	0.58745598793	10	0.5	0.0648535564853556	0.5	3.3
10_13	10	C	4	13	other	spk13_4.wav	225	2	1.84158182144	10	0.5	0.441422594142259	0.5	3.3
10_13	10	C	20	13	other	spk13_20.wav	38	1	1.67453193665	10	0.5	-0.341004184100418	0.5	3.3
10_13	10	C	8	13	other	spk13_8.wav	86	2	1.77376008034	10	0.5	-0.140167364016736	0.5	3.3
10_13	10	C	3	13	other	spk13_3.wav	49	2	0.252847909927	10	0.5	-0.294979079497908	0.5	3.3
10_13	10	C	50	13	other	spk13_50.wav	1	2	0.854918956757	10	0.5	-0.49581589958159	0.5	3.3
10_13	10	C	60	13	other	spk13_60.wav	150	3	2.19126105309	10	0.5	0.127615062761506	0.5	3.3
10_13	10	C	47	13	other	spk13_47.wav	211	2	1.05625486374	10	0.5	0.382845188284519	0.5	3.3
10_13	10	C	19	13	other	spk13_19.wav	147	1	0.637360095978	10	0.5	0.115062761506276	0.5	3.3
10_13	10	C	2	13	other	spk13_2.wav	10	1	0.285840988159	10	0.5	-0.4581589958159	0.5	3.3
10_13	10	C	41	13	other	spk13_41.wav	117	2	0.62095618248	10	0.5	-0.0104602510460251	0.5	3.3
10_13	10	C	5	13	other	spk13_5.wav	216	3	0.370658159256	10	0.5	0.403765690376569	0.5	3.3
10_13	10	C	15	13	other	spk13_15.wav	43	2	1.52299284935	10	0.5	-0.320083682008368	0.5	3.3
10_13	10	C	35	13	other	spk13_35.wav	107	1	0.436201095581	10	0.5	-0.0523012552301255	0.5	3.3
10_13	10	C	49	13	other	spk13_49.wav	176	2	1.18985104561	10	0.5	0.236401673640167	0.5	3.3
10_13	10	C	23	13	other	spk13_23.wav	129	1	1.54024195671	10	0.5	0.0397489539748954	0.5	3.3
10_13	10	C	51	13	other	spk13_51.wav	100	2	2.62471604347	10	0.5	-0.0815899581589958	0.5	3.3
10_13	10	C	7	13	other	spk13_7.wav	88	2	2.19063210487	10	0.5	-0.131799163179916	0.5	3.3
10_13	10	C	36	13	other	spk13_36.wav	75	1	0.586356878281	10	0.5	-0.186192468619247	0.5	3.3
10_13	10	C	26	13	other	spk13_26.wav	90	1	0.754180192947	10	0.5	-0.123430962343096	0.5	3.3
10_13	10	C	11	13	other	spk13_11.wav	23	2	1.27067399025	10	0.5	-0.403765690376569	0.5	3.3
10_13	10	C	34	13	other	spk13_34.wav	118	3	0.935909032822	10	0.5	-0.00627615062761505	0.5	3.3
10_13	10	C	12	13	other	spk13_12.wav	134	3	0.886165857315	10	0.5	0.0606694560669456	0.5	3.3
10_13	10	C	10	13	other	spk13_10.wav	121	2	1.00247192383	10	0.5	0.00627615062761511	0.5	3.3
10_13	10	C	33	13	other	spk13_33.wav	108	1	0.318724870682	10	0.5	-0.0481171548117155	0.5	3.3
10_13	10	C	58	13	other	spk13_58.wav	190	1	0.285169839859	10	0.5	0.294979079497908	0.5	3.3
10_13	10	C	40	13	other	spk13_40.wav	3	3	0.705183982849	10	0.5	-0.48744769874477	0.5	3.3
10_13	10	C	31	13	other	spk13_31.wav	70	2	1.25697088242	10	0.5	-0.207112970711297	0.5	3.3
10_13	10	C	37	13	other	spk13_37.wav	194	1	0.670674085617	10	0.5	0.311715481171548	0.5	3.3
10_13	10	C	43	13	other	spk13_43.wav	153	3	3.14210581779	10	0.5	0.140167364016736	0.5	3.3
10_13	10	C	45	13	other	spk13_45.wav	141	2	0.33802318573	10	0.5	0.0899581589958159	0.5	3.3
10_13	10	C	6	13	other	spk13_6.wav	89	2	1.93838596344	10	0.5	-0.127615062761506	0.5	3.3
10_13	10	C	28	13	other	spk13_28.wav	103	2	0.902688980103	10	0.5	-0.0690376569037657	0.5	3.3
10_13	10	C	13	13	other	spk13_13.wav	161	1	0.603969097137	10	0.5	0.173640167364017	0.5	3.3
10_13	10	C	55	13	other	spk13_55.wav	224	2	1.80749297142	10	0.5	0.437238493723849	0.5	3.3
10_13	10	C	25	13	other	spk13_25.wav	119	2	2.60889315605	10	0.5	-0.002092050209205	0.5	3.3
10_13	10	C	29	13	other	spk13_29.wav	174	2	0.52156496048	10	0.5	0.228033472803347	0.5	3.3
10_13	10	C	30	13	other	spk13_30.wav	192	3	2.22449684143	10	0.5	0.303347280334728	0.5	3.3
10_13	10	C	54	13	other	spk13_54.wav	127	2	0.603688001633	10	0.5	0.0313807531380753	0.5	3.3
10_13	10	C	1	13	other	spk13_1.wav	110	1	0.58838891983	10	0.5	-0.0397489539748954	0.5	3.3
10_13	10	C	48	13	other	spk13_48.wav	164	2	0.837897777557	10	0.5	0.186192468619247	0.5	3.3
10_13	10	C	39	13	other	spk13_39.wav	74	1	0.353083133698	10	0.5	-0.190376569037657	0.5	3.3
10_13	10	C	46	13	other	spk13_46.wav	120	3	1.15672397614	10	0.5	0.002092050209205	0.5	3.3
10_13	10	C	17	13	other	spk13_17.wav	223	2	1.57150912285	10	0.5	0.433054393305439	0.5	3.3
10_13	10	C	9	13	other	spk13_9.wav	239	2	0.75418305397	10	0.5	0.5	0.5	3.3
10_13	10	C	22	13	other	spk13_22.wav	189	1	0.321307897568	10	0.5	0.290794979079498	0.5	3.3
10_13	10	C	59	13	other	spk13_59.wav	198	2	1.23893404007	10	0.5	0.328451882845188	0.5	3.3
10_13	10	C	56	13	other	spk13_56.wav	230	2	0.805761098862	10	0.5	0.46234309623431	0.5	3.3
10_13	10	C	32	13	other	spk13_32.wav	149	2	0.520266056061	10	0.5	0.123430962343096	0.5	3.3
10_5	10	C	19	5	other	spk5_19.wav	0	3	6.13511419296	10	0.5	-0.5	0.5	3.1
10_5	10	C	49	5	other	spk5_49.wav	122	2	2.79277610779	10	0.5	0.0104602510460251	0.5	3.1
10_5	10	C	32	5	other	spk5_32.wav	28	3	2.62535881996	10	0.5	-0.382845188284519	0.5	3.1
10_5	10	C	45	5	other	spk5_45.wav	124	2	1.52085494995	10	0.5	0.0188284518828452	0.5	3.1
10_5	10	C	30	5	other	spk5_30.wav	4	2	1.37291288376	10	0.5	-0.48326359832636	0.5	3.1
10_5	10	C	54	5	other	spk5_54.wav	5	3	1.10507297516	10	0.5	-0.47907949790795	0.5	3.1
10_5	10	C	7	5	other	spk5_7.wav	46	3	0.887454032898	10	0.5	-0.307531380753138	0.5	3.1
10_5	10	C	6	5	other	spk5_6.wav	128	4	0.250905990601	10	0.5	0.0355648535564853	0.5	3.1
10_5	10	C	56	5	other	spk5_56.wav	142	2	0.403198003769	10	0.5	0.0941422594142259	0.5	3.1
10_5	10	C	4	5	other	spk5_4.wav	22	2	1.67087197304	10	0.5	-0.407949790794979	0.5	3.1
10_5	10	C	39	5	other	spk5_39.wav	171	3	0.787626028061	10	0.5	0.215481171548117	0.5	3.1
10_5	10	C	10	5	other	spk5_10.wav	11	1	1.06990194321	10	0.5	-0.45397489539749	0.5	3.1
10_5	10	C	60	5	other	spk5_60.wav	133	5	1.77126216888	10	0.5	0.0564853556485355	0.5	3.1
10_5	10	C	44	5	other	spk5_44.wav	53	3	2.07215595245	10	0.5	-0.278242677824268	0.5	3.1
10_5	10	C	50	5	other	spk5_50.wav	175	2	0.988020896912	10	0.5	0.232217573221757	0.5	3.1
10_5	10	C	12	5	other	spk5_12.wav	81	3	0.902821063995	10	0.5	-0.161087866108787	0.5	3.1
10_5	10	C	46	5	other	spk5_46.wav	217	4	0.837803125381	10	0.5	0.407949790794979	0.5	3.1
10_5	10	C	28	5	other	spk5_28.wav	17	2	0.887769937515	10	0.5	-0.428870292887029	0.5	3.1
10_5	10	C	2	5	other	spk5_2.wav	58	1	1.25510001183	10	0.5	-0.257322175732218	0.5	3.1
10_5	10	C	14	5	other	spk5_14.wav	140	2	0.470484972	10	0.5	0.0857740585774058	0.5	3.1
10_5	10	C	59	5	other	spk5_59.wav	20	3	1.94023418427	10	0.5	-0.416317991631799	0.5	3.1
10_5	10	C	55	5	other	spk5_55.wav	195	2	1.80690002441	10	0.5	0.315899581589958	0.5	3.1
10_5	10	C	57	5	other	spk5_57.wav	35	2	1.30694890022	10	0.5	-0.353556485355649	0.5	3.1
10_5	10	C	35	5	other	spk5_35.wav	144	2	0.637572050095	10	0.5	0.102510460251046	0.5	3.1
10_5	10	C	48	5	other	spk5_48.wav	184	5	2.42500114441	10	0.5	0.269874476987448	0.5	3.1
10_5	10	C	43	5	other	spk5_43.wav	199	2	2.39040398598	10	0.5	0.332635983263598	0.5	3.1
10_5	10	C	21	5	other	spk5_21.wav	227	3	1.37346696854	10	0.5	0.449790794979079	0.5	3.1
10_5	10	C	41	5	other	spk5_41.wav	67	3	1.94191908836	10	0.5	-0.219665271966527	0.5	3.1
10_5	10	C	15	5	other	spk5_15.wav	80	3	0.852578878403	10	0.5	-0.165271966527197	0.5	3.1
10_5	10	C	22	5	other	spk5_22.wav	109	1	0.336485862732	10	0.5	-0.0439330543933054	0.5	3.1
10_5	10	C	31	5	other	spk5_31.wav	151	4	1.03932285309	10	0.5	0.131799163179916	0.5	3.1
10_5	10	C	16	5	other	spk5_16.wav	31	2	0.869868993759	10	0.5	-0.370292887029289	0.5	3.1
10_5	10	C	23	5	other	spk5_23.wav	32	2	0.934574127197	10	0.5	-0.366108786610879	0.5	3.1
10_5	10	C	5	5	other	spk5_5.wav	154	3	0.5375020504	10	0.5	0.144351464435146	0.5	3.1
10_5	10	C	11	5	other	spk5_11.wav	168	3	1.63846611977	10	0.5	0.202928870292887	0.5	3.1
10_5	10	C	17	5	other	spk5_17.wav	61	1	2.1401848793	10	0.5	-0.244769874476987	0.5	3.1
10_5	10	C	9	5	other	spk5_9.wav	182	3	0.035003900528	10	0.5	0.261506276150628	0.5	3.1
10_5	10	C	37	5	other	spk5_37.wav	236	4	0.936028957367	10	0.5	0.48744769874477	0.5	3.1
10_5	10	C	26	5	other	spk5_26.wav	68	1	0.419394016266	10	0.5	-0.215481171548117	0.5	3.1
10_5	10	C	47	5	other	spk5_47.wav	160	2	2.24141716957	10	0.5	0.169456066945607	0.5	3.1
10_5	10	C	58	5	other	spk5_58.wav	40	2	2.24120593071	10	0.5	-0.332635983263598	0.5	3.1
10_5	10	C	18	5	other	spk5_18.wav	166	2	2.60885691643	10	0.5	0.194560669456067	0.5	3.1
10_5	10	C	3	5	other	spk5_3.wav	207	2	0.25198507309	10	0.5	0.366108786610879	0.5	3.1
10_5	10	C	42	5	other	spk5_42.wav	204	2	0.520270109177	10	0.5	0.353556485355649	0.5	3.1
10_5	10	C	27	5	other	spk5_27.wav	178	3	1.30590105057	10	0.5	0.244769874476987	0.5	3.1
10_5	10	C	1	5	other	spk5_1.wav	196	1	0.771589040756	10	0.5	0.320083682008368	0.5	3.1
10_5	10	C	13	5	other	spk5_13.wav	218	3	0.370953083038	10	0.5	0.412133891213389	0.5	3.1
10_5	10	C	25	5	other	spk5_25.wav	60	1	0.919458866119	10	0.5	-0.248953974895398	0.5	3.1
10_5	10	C	53	5	other	spk5_53.wav	132	2	1.52274394035	10	0.5	0.0523012552301255	0.5	3.1
10_5	10	C	20	5	other	spk5_20.wav	93	3	1.22337412834	10	0.5	-0.110878661087866	0.5	3.1
10_5	10	C	51	5	other	spk5_51.wav	79	4	0.9710958004	10	0.5	-0.169456066945607	0.5	3.1
10_5	10	C	38	5	other	spk5_38.wav	200	3	0.636192798615	10	0.5	0.336820083682008	0.5	3.1
10_5	10	C	52	5	other	spk5_52.wav	126	3	0.920830965042	10	0.5	0.0271966527196653	0.5	3.1
10_5	10	C	33	5	other	spk5_33.wav	191	1	0.603339910507	10	0.5	0.299163179916318	0.5	3.1
10_5	10	C	34	5	other	spk5_34.wav	179	2	0.285559892654	10	0.5	0.248953974895398	0.5	3.1
10_5	10	C	29	5	other	spk5_29.wav	193	1	1.53766489029	10	0.5	0.307531380753138	0.5	3.1
10_5	10	C	8	5	other	spk5_8.wav	125	3	1.35580801964	10	0.5	0.0230125523012552	0.5	3.1
10_5	10	C	24	5	other	spk5_24.wav	71	1	1.06972312927	10	0.5	-0.202928870292887	0.5	3.1
10_5	10	C	40	5	other	spk5_40.wav	97	3	0.437595129013	10	0.5	-0.0941422594142259	0.5	3.1
10_5	10	C	36	5	other	spk5_36.wav	85	2	0.169612169266	10	0.5	-0.144351464435146	0.5	3.1
10_8	10	C	57	8	other	spk8_57.wav	123	3	0.336087942123	10	0.5	0.0146443514644351	0.5	3.5
10_8	10	C	55	8	other	spk8_55.wav	6	2	1.77235984802	10	0.5	-0.47489539748954	0.5	3.5
10_8	10	C	42	8	other	spk8_42.wav	56	2	4.16218996048	10	0.5	-0.265690376569038	0.5	3.5
10_8	10	C	35	8	other	spk8_35.wav	33	2	2.95940089226	10	0.5	-0.361924686192469	0.5	3.5
10_8	10	C	30	8	other	spk8_30.wav	52	3	0.153738975525	10	0.5	-0.282426778242678	0.5	3.5
10_8	10	C	51	8	other	spk8_51.wav	98	2	0.653760910034	10	0.5	-0.0899581589958159	0.5	3.5
10_8	10	C	49	8	other	spk8_49.wav	87	2	1.62311410904	10	0.5	-0.135983263598326	0.5	3.5
10_8	10	C	47	8	other	spk8_47.wav	14	3	2.34105181694	10	0.5	-0.441422594142259	0.5	3.5
10_8	10	C	10	8	other	spk8_10.wav	27	4	1.55632019043	10	0.5	-0.387029288702929	0.5	3.5
10_8	10	C	33	8	other	spk8_33.wav	15	3	0.93793797493	10	0.5	-0.437238493723849	0.5	3.5
10_8	10	C	28	8	other	spk8_28.wav	62	2	0.887810945511	10	0.5	-0.240585774058577	0.5	3.5
10_8	10	C	38	8	other	spk8_38.wav	19	3	2.42531895638	10	0.5	-0.420502092050209	0.5	3.5
10_8	10	C	58	8	other	spk8_58.wav	45	3	1.79028391838	10	0.5	-0.311715481171548	0.5	3.5
10_8	10	C	48	8	other	spk8_48.wav	180	4	1.62210893631	10	0.5	0.253138075313807	0.5	3.5
10_8	10	C	17	8	other	spk8_17.wav	137	4	0.42142701149	10	0.5	0.0732217573221757	0.5	3.5
10_8	10	C	27	8	other	spk8_27.wav	34	3	0.386540174484	10	0.5	-0.357740585774059	0.5	3.5
10_8	10	C	8	8	other	spk8_8.wav	76	3	4.31343388557	10	0.5	-0.182008368200837	0.5	3.5
10_8	10	C	16	8	other	spk8_16.wav	36	2	0.704153060913	10	0.5	-0.349372384937238	0.5	3.5
10_8	10	C	6	8	other	spk8_6.wav	73	3	2.25579810143	10	0.5	-0.194560669456067	0.5	3.5
10_8	10	C	11	8	other	spk8_11.wav	12	2	0.669927835464	10	0.5	-0.449790794979079	0.5	3.5
10_8	10	C	37	8	other	spk8_37.wav	41	4	6.65255999565	10	0.5	-0.328451882845188	0.5	3.5
10_8	10	C	41	8	other	spk8_41.wav	201	2	0.687433004379	10	0.5	0.341004184100418	0.5	3.5
10_8	10	C	12	8	other	spk8_12.wav	162	4	0.952564001083	10	0.5	0.177824267782427	0.5	3.5
10_8	10	C	45	8	other	spk8_45.wav	42	2	0.720895051956	10	0.5	-0.324267782426778	0.5	3.5
10_8	10	C	34	8	other	spk8_34.wav	138	3	0.454789161682	10	0.5	0.0774058577405857	0.5	3.5
10_8	10	C	25	8	other	spk8_25.wav	18	2	1.67137384415	10	0.5	-0.424686192468619	0.5	3.5
10_8	10	C	54	8	other	spk8_54.wav	206	3	0.167366981506	10	0.5	0.361924686192469	0.5	3.5
10_8	10	C	59	8	other	spk8_59.wav	167	3	1.53790807724	10	0.5	0.198744769874477	0.5	3.5
10_8	10	C	13	8	other	spk8_13.wav	208	3	1.53958320618	10	0.5	0.370292887029289	0.5	3.5
10_8	10	C	4	8	other	spk8_4.wav	48	3	0.45284986496	10	0.5	-0.299163179916318	0.5	3.5
10_8	10	C	40	8	other	spk8_40.wav	130	5	0.268206119537	10	0.5	0.0439330543933054	0.5	3.5
10_8	10	C	19	8	other	spk8_19.wav	172	3	2.10892510414	10	0.5	0.219665271966527	0.5	3.5
10_8	10	C	53	8	other	spk8_53.wav	25	3	1.75813794136	10	0.5	-0.395397489539749	0.5	3.5
10_8	10	C	39	8	other	spk8_39.wav	173	3	3.24364209175	10	0.5	0.223849372384937	0.5	3.5
10_8	10	C	14	8	other	spk8_14.wav	214	3	0.702522993088	10	0.5	0.395397489539749	0.5	3.5
10_8	10	C	43	8	other	spk8_43.wav	54	2	2.34162116051	10	0.5	-0.274058577405858	0.5	3.5
10_8	10	C	9	8	other	spk8_9.wav	55	2	0.620391845703	10	0.5	-0.269874476987448	0.5	3.5
10_8	10	C	56	8	other	spk8_56.wav	83	3	2.74172592163	10	0.5	-0.152719665271967	0.5	3.5
10_8	10	C	20	8	other	spk8_20.wav	84	3	0.821268081665	10	0.5	-0.148535564853557	0.5	3.5
10_8	10	C	22	8	other	spk8_22.wav	219	2	1.83814907074	10	0.5	0.416317991631799	0.5	3.5
10_8	10	C	36	8	other	spk8_36.wav	220	3	0.302901029587	10	0.5	0.420502092050209	0.5	3.5
10_8	10	C	32	8	other	spk8_32.wav	101	4	1.30448698997	10	0.5	-0.0774058577405858	0.5	3.5
10_8	10	C	18	8	other	spk8_18.wav	222	3	0.253407001495	10	0.5	0.428870292887029	0.5	3.5
10_8	10	C	44	8	other	spk8_44.wav	183	2	1.32148098946	10	0.5	0.265690376569038	0.5	3.5
10_8	10	C	1	8	other	spk8_1.wav	145	2	1.70687294006	10	0.5	0.106694560669456	0.5	3.5
10_8	10	C	3	8	other	spk8_3.wav	212	2	0.9881939888	10	0.5	0.387029288702929	0.5	3.5
10_8	10	C	52	8	other	spk8_52.wav	65	2	0.787827014923	10	0.5	-0.228033472803347	0.5	3.5
10_8	10	C	24	8	other	spk8_24.wav	66	2	1.43937301636	10	0.5	-0.223849372384937	0.5	3.5
10_8	10	C	31	8	other	spk8_31.wav	188	2	0.470202922821	10	0.5	0.286610878661088	0.5	3.5
10_8	10	C	26	8	other	spk8_26.wav	229	2	1.65546488762	10	0.5	0.4581589958159	0.5	3.5
10_8	10	C	60	8	other	spk8_60.wav	177	3	0.353837013245	10	0.5	0.240585774058577	0.5	3.5
10_8	10	C	23	8	other	spk8_23.wav	57	1	0.735769033432	10	0.5	-0.261506276150628	0.5	3.5
10_8	10	C	46	8	other	spk8_46.wav	232	3	0.486898899078	10	0.5	0.47071129707113	0.5	3.5
10_8	10	C	5	8	other	spk8_5.wav	112	4	0.788298130035	10	0.5	-0.0313807531380753	0.5	3.5
10_8	10	C	7	8	other	spk8_7.wav	234	2	1.33810210228	10	0.5	0.47907949790795	0.5	3.5
10_8	10	C	29	8	other	spk8_29.wav	114	4	0.451350212097	10	0.5	-0.0230125523012552	0.5	3.5
10_8	10	C	15	8	other	spk8_15.wav	115	2	1.23878383636	10	0.5	-0.0188284518828452	0.5	3.5
10_8	10	C	50	8	other	spk8_50.wav	197	3	0.33740401268	10	0.5	0.324267782426778	0.5	3.5
10_8	10	C	21	8	other	spk8_21.wav	185	3	0.955632925034	10	0.5	0.274058577405858	0.5	3.5
10_8	10	C	2	8	other	spk8_2.wav	159	3	0.00356507301331	10	0.5	0.165271966527197	0.5	3.5
11_11	11	B	40	11	self	spk11_40.wav	0	3	1.02037215233	11	-0.5	-0.5	1.9	2
11_11	11	B	32	11	self	spk11_32.wav	1	3	2.58953905106	11	-0.5	-0.49581589958159	1.9	2
11_11	11	B	25	11	self	spk11_25.wav	42	2	3.86063814163	11	-0.5	-0.324267782426778	1.9	2
11_11	11	B	24	11	self	spk11_24.wav	43	4	1.55559706688	11	-0.5	-0.320083682008368	1.9	2
11_11	11	B	34	11	self	spk11_34.wav	205	3	1.33795189857	11	-0.5	0.357740585774059	1.9	2
11_11	11	B	1	11	self	spk11_1.wav	126	3	3.2102200985	11	-0.5	0.0271966527196653	1.9	2
11_11	11	B	52	11	self	spk11_52.wav	86	4	3.96239900589	11	-0.5	-0.140167364016736	1.9	2
11_11	11	B	19	11	self	spk11_19.wav	7	2	1.70693182945	11	-0.5	-0.47071129707113	1.9	2
11_11	11	B	48	11	self	spk11_48.wav	209	2	0.738075971603	11	-0.5	0.374476987447699	1.9	2
11_11	11	B	36	11	self	spk11_36.wav	22	4	4.02976799011	11	-0.5	-0.407949790794979	1.9	2
11_11	11	B	44	11	self	spk11_44.wav	10	3	1.47227287292	11	-0.5	-0.4581589958159	1.9	2
11_11	11	B	8	11	self	spk11_8.wav	11	3	1.90802311897	11	-0.5	-0.45397489539749	1.9	2
11_11	11	B	30	11	self	spk11_30.wav	52	2	1.17181491852	11	-0.5	-0.282426778242678	1.9	2
11_11	11	B	27	11	self	spk11_27.wav	53	1	2.39197397232	11	-0.5	-0.278242677824268	1.9	2
11_11	11	B	41	11	self	spk11_41.wav	54	3	1.59051680565	11	-0.5	-0.274058577405858	1.9	2
11_11	11	B	57	11	self	spk11_57.wav	15	3	2.69234013557	11	-0.5	-0.437238493723849	1.9	2
11_11	11	B	38	11	self	spk11_38.wav	217	3	0.737478971481	11	-0.5	0.407949790794979	1.9	2
11_11	11	B	5	11	self	spk11_5.wav	17	3	1.72360396385	11	-0.5	-0.428870292887029	1.9	2
11_11	11	B	10	11	self	spk11_10.wav	31	2	2.12555813789	11	-0.5	-0.370292887029289	1.9	2
11_11	11	B	35	11	self	spk11_35.wav	19	2	1.22249412537	11	-0.5	-0.420502092050209	1.9	2
11_11	11	B	60	11	self	spk11_60.wav	60	3	3.09259080887	11	-0.5	-0.248953974895398	1.9	2
11_11	11	B	45	11	self	spk11_45.wav	21	3	4.22866487503	11	-0.5	-0.412133891213389	1.9	2
11_11	11	B	2	11	self	spk11_2.wav	128	3	3.09377980232	11	-0.5	0.0355648535564853	1.9	2
11_11	11	B	43	11	self	spk11_43.wav	224	2	1.08626818657	11	-0.5	0.437238493723849	1.9	2
11_11	11	B	49	11	self	spk11_49.wav	37	2	1.69067406654	11	-0.5	-0.345188284518828	1.9	2
11_11	11	B	7	11	self	spk11_7.wav	65	3	1.92378115654	11	-0.5	-0.228033472803347	1.9	2
11_11	11	B	11	11	self	spk11_11.wav	26	3	1.60495901108	11	-0.5	-0.391213389121339	1.9	2
11_11	11	B	56	11	self	spk11_56.wav	107	3	4.99915218353	11	-0.5	-0.0523012552301255	1.9	2
11_11	11	B	29	11	self	spk11_29.wav	201	5	1.68830704689	11	-0.5	0.341004184100418	1.9	2
11_11	11	B	3	11	self	spk11_3.wav	55	2	1.95796608925	11	-0.5	-0.269874476987448	1.9	2
11_11	11	B	18	11	self	spk11_18.wav	204	3	2.60858488083	11	-0.5	0.353556485355649	1.9	2
11_11	11	B	55	11	self	spk11_55.wav	57	3	5.51612591743	11	-0.5	-0.261506276150628	1.9	2
11_11	11	B	23	11	self	spk11_23.wav	153	4	1.4871430397	11	-0.5	0.140167364016736	1.9	2
11_11	11	B	58	11	self	spk11_58.wav	33	4	5.16498708725	11	-0.5	-0.361924686192469	1.9	2
11_11	11	B	33	11	self	spk11_33.wav	114	3	2.75996088982	11	-0.5	-0.0230125523012552	1.9	2
11_11	11	B	16	11	self	spk11_16.wav	61	3	4.48046803474	11	-0.5	-0.244769874476987	1.9	2
11_11	11	B	31	11	self	spk11_31.wav	36	3	4.71242594719	11	-0.5	-0.349372384937238	1.9	2
11_11	11	B	9	11	self	spk11_9.wav	50	4	1.90564894676	11	-0.5	-0.290794979079498	1.9	2
11_11	11	B	20	11	self	spk11_20.wav	91	4	5.54978084564	11	-0.5	-0.119246861924686	1.9	2
11_11	11	B	37	11	self	spk11_37.wav	160	2	0.938983917236	11	-0.5	0.169456066945607	1.9	2
11_11	11	B	21	11	self	spk11_21.wav	80	3	2.54217600822	11	-0.5	-0.165271966527197	1.9	2
11_11	11	B	59	11	self	spk11_59.wav	94	2	1.17228388786	11	-0.5	-0.106694560669456	1.9	2
11_11	11	B	50	11	self	spk11_50.wav	193	4	2.19166207314	11	-0.5	0.307531380753138	1.9	2
11_11	11	B	46	11	self	spk11_46.wav	215	3	3.71200299263	11	-0.5	0.399581589958159	1.9	2
11_11	11	B	51	11	self	spk11_51.wav	163	3	1.97521686554	11	-0.5	0.182008368200837	1.9	2
11_11	11	B	15	11	self	spk11_15.wav	223	5	3.36061906815	11	-0.5	0.433054393305439	1.9	2
11_11	11	B	39	11	self	spk11_39.wav	116	2	3.97877192497	11	-0.5	-0.0146443514644352	1.9	2
11_11	11	B	26	11	self	spk11_26.wav	208	3	3.0605340004	11	-0.5	0.370292887029289	1.9	2
11_11	11	B	42	11	self	spk11_42.wav	234	3	1.85753107071	11	-0.5	0.47907949790795	1.9	2
11_11	11	B	6	11	self	spk11_6.wav	79	3	4.07696795464	11	-0.5	-0.169456066945607	1.9	2
11_11	11	B	54	11	self	spk11_54.wav	147	4	0.90761590004	11	-0.5	0.115062761506276	1.9	2
11_11	11	B	12	11	self	spk11_12.wav	77	3	1.52292704582	11	-0.5	-0.177824267782427	1.9	2
11_11	11	B	17	11	self	spk11_17.wav	92	2	2.54180908203	11	-0.5	-0.115062761506276	1.9	2
11_11	11	B	4	11	self	spk11_4.wav	211	3	0.651630878448	11	-0.5	0.382845188284519	1.9	2
11_11	11	B	14	11	self	spk11_14.wav	132	4	1.60618710518	11	-0.5	0.0523012552301255	1.9	2
11_11	11	B	53	11	self	spk11_53.wav	182	4	1.98884391785	11	-0.5	0.261506276150628	1.9	2
11_11	11	B	22	11	self	spk11_22.wav	194	3	2.03990006447	11	-0.5	0.311715481171548	1.9	2
11_11	11	B	13	11	self	spk11_13.wav	152	4	0.852468967438	11	-0.5	0.135983263598326	1.9	2
11_11	11	B	47	11	self	spk11_47.wav	117	2	1.07288098335	11	-0.5	-0.0104602510460251	1.9	2
11_11	11	B	28	11	self	spk11_28.wav	90	3	2.17241501808	11	-0.5	-0.123430962343096	1.9	2
11_18	11	B	48	18	other	spk18_48.wav	2	2	1.00268697739	11	0.5	-0.49163179916318	1.9	3.1
11_18	11	B	38	18	other	spk18_38.wav	45	3	1.94072008133	11	0.5	-0.311715481171548	1.9	3.1
11_18	11	B	59	18	other	spk18_59.wav	69	5	4.36350703239	11	0.5	-0.211297071129707	1.9	3.1
11_18	11	B	37	18	other	spk18_37.wav	127	4	2.55862402916	11	0.5	0.0313807531380753	1.9	3.1
11_18	11	B	22	18	other	spk18_22.wav	70	4	1.17127203941	11	0.5	-0.207112970711297	1.9	3.1
11_18	11	B	49	18	other	spk18_49.wav	219	4	4.9291138649	11	0.5	0.416317991631799	1.9	3.1
11_18	11	B	14	18	other	spk18_14.wav	138	3	2.47665500641	11	0.5	0.0774058577405857	1.9	3.1
11_18	11	B	43	18	other	spk18_43.wav	28	3	3.36138510704	11	0.5	-0.382845188284519	1.9	3.1
11_18	11	B	42	18	other	spk18_42.wav	108	3	2.25844502449	11	0.5	-0.0481171548117155	1.9	3.1
11_18	11	B	18	18	other	spk18_18.wav	9	4	2.59199905396	11	0.5	-0.46234309623431	1.9	3.1
11_18	11	B	45	18	other	spk18_45.wav	49	3	4.44685411453	11	0.5	-0.294979079497908	1.9	3.1
11_18	11	B	30	18	other	spk18_30.wav	71	4	1.87410712242	11	0.5	-0.202928870292887	1.9	3.1
11_18	11	B	53	18	other	spk18_53.wav	59	3	3.89572191238	11	0.5	-0.253138075313807	1.9	3.1
11_18	11	B	8	18	other	spk18_8.wav	16	3	2.24154901505	11	0.5	-0.433054393305439	1.9	3.1
11_18	11	B	21	18	other	spk18_21.wav	44	3	1.8059220314	11	0.5	-0.315899581589958	1.9	3.1
11_18	11	B	57	18	other	spk18_57.wav	101	3	0.571297883987	11	0.5	-0.0774058577405858	1.9	3.1
11_18	11	B	44	18	other	spk18_44.wav	64	3	2.72552895546	11	0.5	-0.232217573221757	1.9	3.1
11_18	11	B	36	18	other	spk18_36.wav	38	4	1.80741095543	11	0.5	-0.341004184100418	1.9	3.1
11_18	11	B	54	18	other	spk18_54.wav	156	3	1.15550804138	11	0.5	0.152719665271967	1.9	3.1
11_18	11	B	4	18	other	spk18_4.wav	93	3	1.87166595459	11	0.5	-0.110878661087866	1.9	3.1
11_18	11	B	7	18	other	spk18_7.wav	40	4	3.86242198944	11	0.5	-0.332635983263598	1.9	3.1
11_18	11	B	46	18	other	spk18_46.wav	41	3	3.37686514854	11	0.5	-0.328451882845188	1.9	3.1
11_18	11	B	41	18	other	spk18_41.wav	229	3	1.8061029911	11	0.5	0.4581589958159	1.9	3.1
11_18	11	B	2	18	other	spk18_2.wav	231	3	1.03600096703	11	0.5	0.46652719665272	1.9	3.1
11_18	11	B	24	18	other	spk18_24.wav	164	3	1.22101187706	11	0.5	0.186192468619247	1.9	3.1
11_18	11	B	35	18	other	spk18_35.wav	165	3	2.13883090019	11	0.5	0.190376569037657	1.9	3.1
11_18	11	B	5	18	other	spk18_5.wav	46	3	1.80703997612	11	0.5	-0.307531380753138	1.9	3.1
11_18	11	B	25	18	other	spk18_25.wav	34	3	1.85729789734	11	0.5	-0.357740585774059	1.9	3.1
11_18	11	B	20	18	other	spk18_20.wav	73	4	1.52218723297	11	0.5	-0.194560669456067	1.9	3.1
11_18	11	B	60	18	other	spk18_60.wav	23	3	2.65893602371	11	0.5	-0.403765690376569	1.9	3.1
11_18	11	B	58	18	other	spk18_58.wav	102	2	2.24051785469	11	0.5	-0.0732217573221757	1.9	3.1
11_18	11	B	13	18	other	spk18_13.wav	25	5	4.12948417664	11	0.5	-0.395397489539749	1.9	3.1
11_18	11	B	52	18	other	spk18_52.wav	106	3	0.820644140244	11	0.5	-0.0564853556485356	1.9	3.1
11_18	11	B	40	18	other	spk18_40.wav	119	3	1.604418993	11	0.5	-0.002092050209205	1.9	3.1
11_18	11	B	11	18	other	spk18_11.wav	174	2	1.12257289886	11	0.5	0.228033472803347	1.9	3.1
11_18	11	B	26	18	other	spk18_26.wav	202	3	1.52367281914	11	0.5	0.345188284518828	1.9	3.1
11_18	11	B	29	18	other	spk18_29.wav	175	3	3.2941172123	11	0.5	0.232217573221757	1.9	3.1
11_18	11	B	19	18	other	spk18_19.wav	97	3	5.68333292007	11	0.5	-0.0941422594142259	1.9	3.1
11_18	11	B	47	18	other	spk18_47.wav	232	4	0.902726888657	11	0.5	0.47071129707113	1.9	3.1
11_18	11	B	1	18	other	spk18_1.wav	76	2	1.67360401154	11	0.5	-0.182008368200837	1.9	3.1
11_18	11	B	31	18	other	spk18_31.wav	167	4	1.7044570446	11	0.5	0.198744769874477	1.9	3.1
11_18	11	B	6	18	other	spk18_6.wav	72	3	0.687606096268	11	0.5	-0.198744769874477	1.9	3.1
11_18	11	B	15	18	other	spk18_15.wav	89	3	1.05472302437	11	0.5	-0.127615062761506	1.9	3.1
11_18	11	B	28	18	other	spk18_28.wav	188	4	1.13627409935	11	0.5	0.286610878661088	1.9	3.1
11_18	11	B	3	18	other	spk18_3.wav	199	4	1.38995099068	11	0.5	0.332635983263598	1.9	3.1
11_18	11	B	34	18	other	spk18_34.wav	172	3	0.802417993546	11	0.5	0.219665271966527	1.9	3.1
11_18	11	B	55	18	other	spk18_55.wav	237	5	1.23913097382	11	0.5	0.49163179916318	1.9	3.1
11_18	11	B	51	18	other	spk18_51.wav	83	3	4.02936887741	11	0.5	-0.152719665271967	1.9	3.1
11_18	11	B	56	18	other	spk18_56.wav	81	2	2.27406406403	11	0.5	-0.161087866108787	1.9	3.1
11_18	11	B	9	18	other	spk18_9.wav	130	3	0.707561016083	11	0.5	0.0439330543933054	1.9	3.1
11_18	11	B	16	18	other	spk18_16.wav	190	3	1.94123911858	11	0.5	0.294979079497908	1.9	3.1
11_18	11	B	17	18	other	spk18_17.wav	3	2	1.40505599976	11	0.5	-0.48744769874477	1.9	3.1
11_18	11	B	32	18	other	spk18_32.wav	88	4	2.10715985298	11	0.5	-0.131799163179916	1.9	3.1
11_18	11	B	12	18	other	spk18_12.wav	214	3	0.73797082901	11	0.5	0.395397489539749	1.9	3.1
11_18	11	B	10	18	other	spk18_10.wav	197	3	2.27525615692	11	0.5	0.324267782426778	1.9	3.1
11_18	11	B	27	18	other	spk18_27.wav	210	3	1.10413098335	11	0.5	0.378661087866109	1.9	3.1
11_18	11	B	33	18	other	spk18_33.wav	200	2	1.30390191078	11	0.5	0.336820083682008	1.9	3.1
11_18	11	B	50	18	other	spk18_50.wav	142	4	2.30782008171	11	0.5	0.0941422594142259	1.9	3.1
11_18	11	B	39	18	other	spk18_39.wav	123	2	1.67216992378	11	0.5	0.0146443514644351	1.9	3.1
11_18	11	B	23	18	other	spk18_23.wav	159	4	1.47174787521	11	0.5	0.165271966527197	1.9	3.1
11_23	11	B	17	23	other	spk23_17.wav	155	3	1.23689723015	11	0.5	0.148535564853556	1.9	3.9
11_23	11	B	51	23	other	spk23_51.wav	20	2	1.94054698944	11	0.5	-0.416317991631799	1.9	3.9
11_23	11	B	2	23	other	spk23_2.wav	149	2	0.718659162521	11	0.5	0.123430962343096	1.9	3.9
11_23	11	B	6	23	other	spk23_6.wav	48	4	0.704926013947	11	0.5	-0.299163179916318	1.9	3.9
11_23	11	B	13	23	other	spk23_13.wav	99	1	1.47275805473	11	0.5	-0.0857740585774058	1.9	3.9
11_23	11	B	45	23	other	spk23_45.wav	136	3	1.05441403389	11	0.5	0.0690376569037657	1.9	3.9
11_23	11	B	38	23	other	spk23_38.wav	5	3	1.90721702576	11	0.5	-0.47907949790795	1.9	3.9
11_23	11	B	15	23	other	spk23_15.wav	13	2	1.63981199265	11	0.5	-0.445606694560669	1.9	3.9
11_23	11	B	25	23	other	spk23_25.wav	141	2	1.27257084846	11	0.5	0.0899581589958159	1.9	3.9
11_23	11	B	4	23	other	spk23_4.wav	100	2	0.686084032059	11	0.5	-0.0815899581589958	1.9	3.9
11_23	11	B	8	23	other	spk23_8.wav	225	4	3.69463682175	11	0.5	0.441422594142259	1.9	3.9
11_23	11	B	31	23	other	spk23_31.wav	129	3	2.85725712776	11	0.5	0.0397489539748954	1.9	3.9
11_23	11	B	60	23	other	spk23_60.wav	187	3	1.75591397285	11	0.5	0.282426778242678	1.9	3.9
11_23	11	B	32	23	other	spk23_32.wav	85	2	2.42512106895	11	0.5	-0.144351464435146	1.9	3.9
11_23	11	B	55	23	other	spk23_55.wav	68	1	2.67600512505	11	0.5	-0.215481171548117	1.9	3.9
11_23	11	B	24	23	other	spk23_24.wav	82	3	5.95060515404	11	0.5	-0.156903765690377	1.9	3.9
11_23	11	B	14	23	other	spk23_14.wav	176	2	0.802942991257	11	0.5	0.236401673640167	1.9	3.9
11_23	11	B	35	23	other	spk23_35.wav	137	3	2.84124588966	11	0.5	0.0732217573221757	1.9	3.9
11_23	11	B	57	23	other	spk23_57.wav	4	3	1.67473220825	11	0.5	-0.48326359832636	1.9	3.9
11_23	11	B	10	23	other	spk23_10.wav	112	4	4.2460129261	11	0.5	-0.0313807531380753	1.9	3.9
11_23	11	B	5	23	other	spk23_5.wav	6	3	1.74110102654	11	0.5	-0.47489539748954	1.9	3.9
11_23	11	B	7	23	other	spk23_7.wav	195	2	1.80769395828	11	0.5	0.315899581589958	1.9	3.9
11_23	11	B	39	23	other	spk23_39.wav	24	3	2.34173989296	11	0.5	-0.399581589958159	1.9	3.9
11_23	11	B	21	23	other	spk23_21.wav	63	3	2.64246201515	11	0.5	-0.236401673640167	1.9	3.9
11_23	11	B	47	23	other	spk23_47.wav	226	3	1.95781421661	11	0.5	0.445606694560669	1.9	3.9
11_23	11	B	29	23	other	spk23_29.wav	133	4	4.46481108665	11	0.5	0.0564853556485355	1.9	3.9
11_23	11	B	19	23	other	spk23_19.wav	173	2	0.904742956161	11	0.5	0.223849372384937	1.9	3.9
11_23	11	B	3	23	other	spk23_3.wav	27	3	2.52558684349	11	0.5	-0.387029288702929	1.9	3.9
11_23	11	B	41	23	other	spk23_41.wav	148	3	2.85736489296	11	0.5	0.119246861924686	1.9	3.9
11_23	11	B	46	23	other	spk23_46.wav	189	3	1.75705981255	11	0.5	0.290794979079498	1.9	3.9
11_23	11	B	40	23	other	spk23_40.wav	207	2	1.18709397316	11	0.5	0.366108786610879	1.9	3.9
11_23	11	B	1	23	other	spk23_1.wav	96	1	1.47263813019	11	0.5	-0.098326359832636	1.9	3.9
11_23	11	B	27	23	other	spk23_27.wav	124	2	1.103951931	11	0.5	0.0188284518828452	1.9	3.9
11_23	11	B	43	23	other	spk23_43.wav	140	1	2.1413500309	11	0.5	0.0857740585774058	1.9	3.9
11_23	11	B	50	23	other	spk23_50.wav	185	3	2.326141119	11	0.5	0.274058577405858	1.9	3.9
11_23	11	B	44	23	other	spk23_44.wav	181	2	1.30590701103	11	0.5	0.257322175732218	1.9	3.9
11_23	11	B	53	23	other	spk23_53.wav	35	3	1.95665001869	11	0.5	-0.353556485355649	1.9	3.9
11_23	11	B	34	23	other	spk23_34.wav	118	1	0.520621061325	11	0.5	-0.00627615062761505	1.9	3.9
11_23	11	B	48	23	other	spk23_48.wav	122	2	1.05513191223	11	0.5	0.0104602510460251	1.9	3.9
11_23	11	B	11	23	other	spk23_11.wav	146	2	1.07033109665	11	0.5	0.110878661087866	1.9	3.9
11_23	11	B	54	23	other	spk23_54.wav	120	2	3.00924897194	11	0.5	0.002092050209205	1.9	3.9
11_23	11	B	12	23	other	spk23_12.wav	121	1	1.38872814178	11	0.5	0.00627615062761511	1.9	3.9
11_23	11	B	26	23	other	spk23_26.wav	206	3	0.838584899902	11	0.5	0.361924686192469	1.9	3.9
11_23	11	B	56	23	other	spk23_56.wav	32	2	2.32368588448	11	0.5	-0.366108786610879	1.9	3.9
11_23	11	B	37	23	other	spk23_37.wav	171	2	1.20308709145	11	0.5	0.215481171548117	1.9	3.9
11_23	11	B	16	23	other	spk23_16.wav	183	3	0.718659877777	11	0.5	0.265690376569038	1.9	3.9
11_23	11	B	33	23	other	spk23_33.wav	184	2	1.38807296753	11	0.5	0.269874476987448	1.9	3.9
11_23	11	B	20	23	other	spk23_20.wav	158	3	1.62161207199	11	0.5	0.161087866108787	1.9	3.9
11_23	11	B	59	23	other	spk23_59.wav	131	3	1.5717151165	11	0.5	0.0481171548117155	1.9	3.9
11_23	11	B	9	23	other	spk23_9.wav	213	2	0.969306945801	11	0.5	0.391213389121339	1.9	3.9
11_23	11	B	23	23	other	spk23_23.wav	14	3	2.22371697426	11	0.5	-0.441422594142259	1.9	3.9
11_23	11	B	30	23	other	spk23_30.wav	135	3	1.4735159874	11	0.5	0.0648535564853556	1.9	3.9
11_23	11	B	42	23	other	spk23_42.wav	161	4	3.59522199631	11	0.5	0.173640167364017	1.9	3.9
11_23	11	B	52	23	other	spk23_52.wav	157	4	4.37779784203	11	0.5	0.156903765690377	1.9	3.9
11_23	11	B	49	23	other	spk23_49.wav	239	2	1.22254705429	11	0.5	0.5	1.9	3.9
11_23	11	B	18	23	other	spk23_18.wav	111	3	3.91100096703	11	0.5	-0.0355648535564854	1.9	3.9
11_23	11	B	58	23	other	spk23_58.wav	39	3	4.51350092888	11	0.5	-0.336820083682008	1.9	3.9
11_23	11	B	28	23	other	spk23_28.wav	170	3	2.91013908386	11	0.5	0.211297071129707	1.9	3.9
11_23	11	B	36	23	other	spk23_36.wav	143	2	1.45630192757	11	0.5	0.0983263598326359	1.9	3.9
11_23	11	B	22	23	other	spk23_22.wav	227	2	1.60654687881	11	0.5	0.449790794979079	1.9	3.9
11_26	11	B	21	26	other	spk26_21.wav	18	3	4.47853279114	11	0.5	-0.424686192468619	1.9	4.7
11_26	11	B	6	26	other	spk26_6.wav	58	2	2.42557096481	11	0.5	-0.257322175732218	1.9	4.7
11_26	11	B	12	26	other	spk26_12.wav	139	5	0.689300060272	11	0.5	0.0815899581589958	1.9	4.7
11_26	11	B	29	26	other	spk26_29.wav	125	3	1.957228899	11	0.5	0.0230125523012552	1.9	4.7
11_26	11	B	43	26	other	spk26_43.wav	115	3	3.64334893227	11	0.5	-0.0188284518828452	1.9	4.7
11_26	11	B	26	26	other	spk26_26.wav	151	3	2.65922904015	11	0.5	0.131799163179916	1.9	4.7
11_26	11	B	20	26	other	spk26_20.wav	8	5	1.65735411644	11	0.5	-0.46652719665272	1.9	4.7
11_26	11	B	48	26	other	spk26_48.wav	30	3	3.89702486992	11	0.5	-0.374476987447699	1.9	4.7
11_26	11	B	25	26	other	spk26_25.wav	56	3	2.25834107399	11	0.5	-0.265690376569038	1.9	4.7
11_26	11	B	19	26	other	spk26_19.wav	168	4	5.3830139637	11	0.5	0.202928870292887	1.9	4.7
11_26	11	B	35	26	other	spk26_35.wav	150	2	2.02435302734	11	0.5	0.127615062761506	1.9	4.7
11_26	11	B	32	26	other	spk26_32.wav	178	6	2.54143404961	11	0.5	0.244769874476987	1.9	4.7
11_26	11	B	46	26	other	spk26_46.wav	75	5	2.1079659462	11	0.5	-0.186192468619247	1.9	4.7
11_26	11	B	49	26	other	spk26_49.wav	29	2	2.45848107338	11	0.5	-0.378661087866109	1.9	4.7
11_26	11	B	8	26	other	spk26_8.wav	154	4	1.89045000076	11	0.5	0.144351464435146	1.9	4.7
11_26	11	B	40	26	other	spk26_40.wav	74	6	0.721504926682	11	0.5	-0.190376569037657	1.9	4.7
11_26	11	B	57	26	other	spk26_57.wav	179	5	0.954549074173	11	0.5	0.248953974895398	1.9	4.7
11_26	11	B	24	26	other	spk26_24.wav	180	4	1.89003896713	11	0.5	0.253138075313807	1.9	4.7
11_26	11	B	36	26	other	spk26_36.wav	51	3	1.22288799286	11	0.5	-0.286610878661088	1.9	4.7
11_26	11	B	3	26	other	spk26_3.wav	186	5	2.42531991005	11	0.5	0.278242677824268	1.9	4.7
11_26	11	B	56	26	other	spk26_56.wav	196	3	4.79759311676	11	0.5	0.320083682008368	1.9	4.7
11_26	11	B	60	26	other	spk26_60.wav	67	5	1.65685105324	11	0.5	-0.219665271966527	1.9	4.7
11_26	11	B	50	26	other	spk26_50.wav	162	5	0.771105051041	11	0.5	0.177824267782427	1.9	4.7
11_26	11	B	34	26	other	spk26_34.wav	203	3	2.30838799477	11	0.5	0.349372384937239	1.9	4.7
11_26	11	B	47	26	other	spk26_47.wav	191	6	1.3731379509	11	0.5	0.299163179916318	1.9	4.7
11_26	11	B	10	26	other	spk26_10.wav	84	5	0.82133603096	11	0.5	-0.148535564853557	1.9	4.7
11_26	11	B	23	26	other	spk26_23.wav	166	4	7.12141418457	11	0.5	0.194560669456067	1.9	4.7
11_26	11	B	45	26	other	spk26_45.wav	47	3	0.954871177673	11	0.5	-0.303347280334728	1.9	4.7
11_26	11	B	41	26	other	spk26_41.wav	87	4	2.20571303368	11	0.5	-0.135983263598326	1.9	4.7
11_26	11	B	44	26	other	spk26_44.wav	169	3	5.33252215385	11	0.5	0.207112970711297	1.9	4.7
11_26	11	B	15	26	other	spk26_15.wav	144	2	4.28037595749	11	0.5	0.102510460251046	1.9	4.7
11_26	11	B	9	26	other	spk26_9.wav	145	3	0.668962955475	11	0.5	0.106694560669456	1.9	4.7
11_26	11	B	52	26	other	spk26_52.wav	212	4	0.938354969025	11	0.5	0.387029288702929	1.9	4.7
11_26	11	B	18	26	other	spk26_18.wav	12	4	1.60687613487	11	0.5	-0.449790794979079	1.9	4.7
11_26	11	B	28	26	other	spk26_28.wav	134	4	3.22617506981	11	0.5	0.0606694560669456	1.9	4.7
11_26	11	B	31	26	other	spk26_31.wav	95	3	0.988336086273	11	0.5	-0.102510460251046	1.9	4.7
11_26	11	B	2	26	other	spk26_2.wav	216	4	2.20874214172	11	0.5	0.403765690376569	1.9	4.7
11_26	11	B	37	26	other	spk26_37.wav	177	5	2.67600512505	11	0.5	0.240585774058577	1.9	4.7
11_26	11	B	13	26	other	spk26_13.wav	218	5	1.99167108536	11	0.5	0.412133891213389	1.9	4.7
11_26	11	B	1	26	other	spk26_1.wav	98	5	1.45657896996	11	0.5	-0.0899581589958159	1.9	4.7
11_26	11	B	54	26	other	spk26_54.wav	220	5	0.819812059402	11	0.5	0.420502092050209	1.9	4.7
11_26	11	B	55	26	other	spk26_55.wav	221	5	0.704774141312	11	0.5	0.424686192468619	1.9	4.7
11_26	11	B	39	26	other	spk26_39.wav	222	4	4.06017208099	11	0.5	0.428870292887029	1.9	4.7
11_26	11	B	53	26	other	spk26_53.wav	62	5	2.12459206581	11	0.5	-0.240585774058577	1.9	4.7
11_26	11	B	17	26	other	spk26_17.wav	198	6	1.03859710693	11	0.5	0.328451882845188	1.9	4.7
11_26	11	B	27	26	other	spk26_27.wav	104	3	2.24046015739	11	0.5	-0.0648535564853556	1.9	4.7
11_26	11	B	58	26	other	spk26_58.wav	105	3	1.13771295547	11	0.5	-0.0606694560669456	1.9	4.7
11_26	11	B	59	26	other	spk26_59.wav	66	4	0.670913219452	11	0.5	-0.223849372384937	1.9	4.7
11_26	11	B	33	26	other	spk26_33.wav	228	3	0.535472869873	11	0.5	0.45397489539749	1.9	4.7
11_26	11	B	14	26	other	spk26_14.wav	109	5	1.57375907898	11	0.5	-0.0439330543933054	1.9	4.7
11_26	11	B	16	26	other	spk26_16.wav	230	4	1.60562396049	11	0.5	0.46234309623431	1.9	4.7
11_26	11	B	42	26	other	spk26_42.wav	110	5	2.32308483124	11	0.5	-0.0397489539748954	1.9	4.7
11_26	11	B	22	26	other	spk26_22.wav	192	6	0.685324907303	11	0.5	0.303347280334728	1.9	4.7
11_26	11	B	4	26	other	spk26_4.wav	233	4	3.31012511253	11	0.5	0.47489539748954	1.9	4.7
11_26	11	B	51	26	other	spk26_51.wav	113	3	2.20561599731	11	0.5	-0.0271966527196653	1.9	4.7
11_26	11	B	38	26	other	spk26_38.wav	235	3	1.47322583199	11	0.5	0.48326359832636	1.9	4.7
11_26	11	B	5	26	other	spk26_5.wav	236	4	1.98911190033	11	0.5	0.48744769874477	1.9	4.7
11_26	11	B	11	26	other	spk26_11.wav	103	4	1.75712704659	11	0.5	-0.0690376569037657	1.9	4.7
11_26	11	B	7	26	other	spk26_7.wav	238	5	0.687049150467	11	0.5	0.49581589958159	1.9	4.7
11_26	11	B	30	26	other	spk26_30.wav	78	6	0.637617826462	11	0.5	-0.173640167364017	1.9	4.7
12_12	12	D	12	12	self	spk12_12.wav	208	1	1.18847489357	12	-0.5	0.370292887029289	2.33333333333333	2.1
12_12	12	D	37	12	self	spk12_37.wav	180	2	1.00502610207	12	-0.5	0.253138075313807	2.33333333333333	2.1
12_12	12	D	16	12	self	spk12_16.wav	19	2	2.79276609421	12	-0.5	-0.420502092050209	2.33333333333333	2.1
12_12	12	D	3	12	self	spk12_3.wav	181	1	0.837856054306	12	-0.5	0.257322175732218	2.33333333333333	2.1
12_12	12	D	26	12	self	spk12_26.wav	155	1	1.22062802315	12	-0.5	0.148535564853556	2.33333333333333	2.1
12_12	12	D	6	12	self	spk12_6.wav	35	3	3.05915093422	12	-0.5	-0.353556485355649	2.33333333333333	2.1
12_12	12	D	19	12	self	spk12_19.wav	192	2	1.39012289047	12	-0.5	0.303347280334728	2.33333333333333	2.1
12_12	12	D	21	12	self	spk12_21.wav	5	2	1.48771214485	12	-0.5	-0.47907949790795	2.33333333333333	2.1
12_12	12	D	48	12	self	spk12_48.wav	58	2	2.58995294571	12	-0.5	-0.257322175732218	2.33333333333333	2.1
12_12	12	D	4	12	self	spk12_4.wav	72	2	1.3726940155	12	-0.5	-0.198744769874477	2.33333333333333	2.1
12_12	12	D	53	12	self	spk12_53.wav	211	2	1.57154417038	12	-0.5	0.382845188284519	2.33333333333333	2.1
12_12	12	D	55	12	self	spk12_55.wav	46	1	1.17126703262	12	-0.5	-0.307531380753138	2.33333333333333	2.1
12_12	12	D	14	12	self	spk12_14.wav	128	2	1.22104001045	12	-0.5	0.0355648535564853	2.33333333333333	2.1
12_12	12	D	17	12	self	spk12_17.wav	234	3	1.538367033	12	-0.5	0.47907949790795	2.33333333333333	2.1
12_12	12	D	22	12	self	spk12_22.wav	177	3	2.39181089401	12	-0.5	0.240585774058577	2.33333333333333	2.1
12_12	12	D	7	12	self	spk12_7.wav	30	2	2.48997497559	12	-0.5	-0.374476987447699	2.33333333333333	2.1
12_12	12	D	35	12	self	spk12_35.wav	110	1	1.47305393219	12	-0.5	-0.0397489539748954	2.33333333333333	2.1
12_12	12	D	18	12	self	spk12_18.wav	45	2	2.05584096909	12	-0.5	-0.311715481171548	2.33333333333333	2.1
12_12	12	D	30	12	self	spk12_30.wav	178	2	1.42063808441	12	-0.5	0.244769874476987	2.33333333333333	2.1
12_12	12	D	11	12	self	spk12_11.wav	139	1	2.02260613441	12	-0.5	0.0815899581589958	2.33333333333333	2.1
12_12	12	D	58	12	self	spk12_58.wav	166	2	1.02252197266	12	-0.5	0.194560669456067	2.33333333333333	2.1
12_12	12	D	44	12	self	spk12_44.wav	138	1	1.18893909454	12	-0.5	0.0774058577405857	2.33333333333333	2.1
12_12	12	D	51	12	self	spk12_51.wav	22	2	1.10563206673	12	-0.5	-0.407949790794979	2.33333333333333	2.1
12_12	12	D	9	12	self	spk12_9.wav	143	1	3.37746500969	12	-0.5	0.0983263598326359	2.33333333333333	2.1
12_12	12	D	59	12	self	spk12_59.wav	171	1	1.95623207092	12	-0.5	0.215481171548117	2.33333333333333	2.1
12_12	12	D	57	12	self	spk12_57.wav	20	2	2.6759250164	12	-0.5	-0.416317991631799	2.33333333333333	2.1
12_12	12	D	42	12	self	spk12_42.wav	214	1	0.6686398983	12	-0.5	0.395397489539749	2.33333333333333	2.1
12_12	12	D	43	12	self	spk12_43.wav	227	2	1.58948516846	12	-0.5	0.449790794979079	2.33333333333333	2.1
12_12	12	D	13	12	self	spk12_13.wav	217	2	0.754160881042	12	-0.5	0.407949790794979	2.33333333333333	2.1
12_12	12	D	8	12	self	spk12_8.wav	55	2	1.32250595093	12	-0.5	-0.269874476987448	2.33333333333333	2.1
12_12	12	D	45	12	self	spk12_45.wav	17	2	2.43978500366	12	-0.5	-0.428870292887029	2.33333333333333	2.1
12_12	12	D	23	12	self	spk12_23.wav	151	1	4.48047614098	12	-0.5	0.131799163179916	2.33333333333333	2.1
12_12	12	D	46	12	self	spk12_46.wav	191	2	4.79786396027	12	-0.5	0.299163179916318	2.33333333333333	2.1
12_12	12	D	50	12	self	spk12_50.wav	179	3	3.52801203728	12	-0.5	0.248953974895398	2.33333333333333	2.1
12_12	12	D	27	12	self	spk12_27.wav	74	2	0.704088926315	12	-0.5	-0.190376569037657	2.33333333333333	2.1
12_12	12	D	54	12	self	spk12_54.wav	195	2	3.14387607574	12	-0.5	0.315899581589958	2.33333333333333	2.1
12_12	12	D	10	12	self	spk12_10.wav	156	1	4.48000693321	12	-0.5	0.152719665271967	2.33333333333333	2.1
12_12	12	D	56	12	self	spk12_56.wav	76	1	2.67582011223	12	-0.5	-0.182008368200837	2.33333333333333	2.1
12_12	12	D	25	12	self	spk12_25.wav	65	1	2.07354807854	12	-0.5	-0.228033472803347	2.33333333333333	2.1
12_12	12	D	34	12	self	spk12_34.wav	226	1	0.737380027771	12	-0.5	0.445606694560669	2.33333333333333	2.1
12_12	12	D	38	12	self	spk12_38.wav	173	2	1.85723590851	12	-0.5	0.223849372384937	2.33333333333333	2.1
12_12	12	D	40	12	self	spk12_40.wav	80	2	0.685269117355	12	-0.5	-0.165271966527197	2.33333333333333	2.1
12_12	12	D	39	12	self	spk12_39.wav	170	2	1.42148208618	12	-0.5	0.211297071129707	2.33333333333333	2.1
12_12	12	D	5	12	self	spk12_5.wav	190	2	2.84290003777	12	-0.5	0.294979079497908	2.33333333333333	2.1
12_12	12	D	47	12	self	spk12_47.wav	109	1	1.65690302849	12	-0.5	-0.0439330543933054	2.33333333333333	2.1
12_12	12	D	15	12	self	spk12_15.wav	169	2	2.48984503746	12	-0.5	0.207112970711297	2.33333333333333	2.1
12_12	12	D	31	12	self	spk12_31.wav	213	2	2.10663104057	12	-0.5	0.391213389121339	2.33333333333333	2.1
12_12	12	D	41	12	self	spk12_41.wav	238	2	0.854799985886	12	-0.5	0.49581589958159	2.33333333333333	2.1
12_12	12	D	52	12	self	spk12_52.wav	100	1	2.02188301086	12	-0.5	-0.0815899581589958	2.33333333333333	2.1
12_12	12	D	36	12	self	spk12_36.wav	159	2	2.3905107975	12	-0.5	0.165271966527197	2.33333333333333	2.1
12_12	12	D	60	12	self	spk12_60.wav	142	1	0.486859083176	12	-0.5	0.0941422594142259	2.33333333333333	2.1
12_12	12	D	33	12	self	spk12_33.wav	102	3	2.85951519012	12	-0.5	-0.0732217573221757	2.33333333333333	2.1
12_12	12	D	2	12	self	spk12_2.wav	119	2	2.99100613594	12	-0.5	-0.002092050209205	2.33333333333333	2.1
12_12	12	D	28	12	self	spk12_28.wav	2	2	2.40870308876	12	-0.5	-0.49163179916318	2.33333333333333	2.1
12_12	12	D	20	12	self	spk12_20.wav	51	1	3.17708706856	12	-0.5	-0.286610878661088	2.33333333333333	2.1
12_12	12	D	1	12	self	spk12_1.wav	235	2	2.23923206329	12	-0.5	0.48326359832636	2.33333333333333	2.1
12_12	12	D	29	12	self	spk12_29.wav	209	4	2.91005992889	12	-0.5	0.374476987447699	2.33333333333333	2.1
12_12	12	D	32	12	self	spk12_32.wav	154	2	1.72115206718	12	-0.5	0.144351464435146	2.33333333333333	2.1
12_12	12	D	24	12	self	spk12_24.wav	64	1	1.32262897491	12	-0.5	-0.232217573221757	2.33333333333333	2.1
12_12	12	D	49	12	self	spk12_49.wav	145	2	3.79548311234	12	-0.5	0.106694560669456	2.33333333333333	2.1
12_2	12	D	59	2	other	spk2_59.wav	57	3	1.87412595749	12	0.5	-0.261506276150628	2.33333333333333	5.5
12_2	12	D	34	2	other	spk2_34.wav	167	4	1.5230140686	12	0.5	0.198744769874477	2.33333333333333	5.5
12_2	12	D	10	2	other	spk2_10.wav	114	3	1.80722379684	12	0.5	-0.0230125523012552	2.33333333333333	5.5
12_2	12	D	20	2	other	spk2_20.wav	24	3	4.49705910683	12	0.5	-0.399581589958159	2.33333333333333	5.5
12_2	12	D	41	2	other	spk2_41.wav	12	2	1.63991618156	12	0.5	-0.449790794979079	2.33333333333333	5.5
12_2	12	D	24	2	other	spk2_24.wav	69	2	2.22484898567	12	0.5	-0.211297071129707	2.33333333333333	5.5
12_2	12	D	53	2	other	spk2_53.wav	220	4	1.01945614815	12	0.5	0.420502092050209	2.33333333333333	5.5
12_2	12	D	43	2	other	spk2_43.wav	84	2	3.743942976	12	0.5	-0.148535564853557	2.33333333333333	5.5
12_2	12	D	13	2	other	spk2_13.wav	207	4	0.736218929291	12	0.5	0.366108786610879	2.33333333333333	5.5
12_2	12	D	17	2	other	spk2_17.wav	21	4	2.60715603828	12	0.5	-0.412133891213389	2.33333333333333	5.5
12_2	12	D	22	2	other	spk2_22.wav	218	3	0.736441850662	12	0.5	0.412133891213389	2.33333333333333	5.5
12_2	12	D	7	2	other	spk2_7.wav	77	5	1.38797211647	12	0.5	-0.177824267782427	2.33333333333333	5.5
12_2	12	D	28	2	other	spk2_28.wav	185	5	1.57199501991	12	0.5	0.274058577405858	2.33333333333333	5.5
12_2	12	D	5	2	other	spk2_5.wav	42	3	4.58088898659	12	0.5	-0.324267782426778	2.33333333333333	5.5
12_2	12	D	55	2	other	spk2_55.wav	194	6	0.854629993439	12	0.5	0.311715481171548	2.33333333333333	5.5
12_2	12	D	60	2	other	spk2_60.wav	126	4	0.769878149033	12	0.5	0.0271966527196653	2.33333333333333	5.5
12_2	12	D	57	2	other	spk2_57.wav	71	4	1.65668296814	12	0.5	-0.202928870292887	2.33333333333333	5.5
12_2	12	D	38	2	other	spk2_38.wav	221	3	0.820881843567	12	0.5	0.424686192468619	2.33333333333333	5.5
12_2	12	D	48	2	other	spk2_48.wav	52	4	1.45547795296	12	0.5	-0.282426778242678	2.33333333333333	5.5
12_2	12	D	19	2	other	spk2_19.wav	49	1	3.56092977524	12	0.5	-0.294979079497908	2.33333333333333	5.5
12_2	12	D	23	2	other	spk2_23.wav	10	3	2.29151105881	12	0.5	-0.4581589958159	2.33333333333333	5.5
12_2	12	D	44	2	other	spk2_44.wav	117	3	1.79093503952	12	0.5	-0.0104602510460251	2.33333333333333	5.5
12_2	12	D	33	2	other	spk2_33.wav	54	5	1.85485100746	12	0.5	-0.274058577405858	2.33333333333333	5.5
12_2	12	D	35	2	other	spk2_35.wav	122	3	1.32323789597	12	0.5	0.0104602510460251	2.33333333333333	5.5
12_2	12	D	46	2	other	spk2_46.wav	137	3	1.57185006142	12	0.5	0.0732217573221757	2.33333333333333	5.5
12_2	12	D	9	2	other	spk2_9.wav	204	3	1.13788795471	12	0.5	0.353556485355649	2.33333333333333	5.5
12_2	12	D	45	2	other	spk2_45.wav	86	4	1.15550208092	12	0.5	-0.140167364016736	2.33333333333333	5.5
12_2	12	D	26	2	other	spk2_26.wav	172	5	0.802881002426	12	0.5	0.219665271966527	2.33333333333333	5.5
12_2	12	D	4	2	other	spk2_4.wav	8	3	1.27304792404	12	0.5	-0.46652719665272	2.33333333333333	5.5
12_2	12	D	27	2	other	spk2_27.wav	89	2	3.71183896065	12	0.5	-0.127615062761506	2.33333333333333	5.5
12_2	12	D	8	2	other	spk2_8.wav	9	3	1.30584287643	12	0.5	-0.46234309623431	2.33333333333333	5.5
12_2	12	D	12	2	other	spk2_12.wav	188	4	1.5884540081	12	0.5	0.286610878661088	2.33333333333333	5.5
12_2	12	D	11	2	other	spk2_11.wav	53	3	2.84240603447	12	0.5	-0.278242677824268	2.33333333333333	5.5
12_2	12	D	39	2	other	spk2_39.wav	133	4	2.28922009468	12	0.5	0.0564853556485355	2.33333333333333	5.5
12_2	12	D	51	2	other	spk2_51.wav	1	2	1.70558714867	12	0.5	-0.49581589958159	2.33333333333333	5.5
12_2	12	D	14	2	other	spk2_14.wav	103	4	2.2251431942	12	0.5	-0.0690376569037657	2.33333333333333	5.5
12_2	12	D	32	2	other	spk2_32.wav	94	3	1.37270593643	12	0.5	-0.106694560669456	2.33333333333333	5.5
12_2	12	D	42	2	other	spk2_42.wav	83	4	3.17483687401	12	0.5	-0.152719665271967	2.33333333333333	5.5
12_2	12	D	47	2	other	spk2_47.wav	163	6	1.4729590416	12	0.5	0.182008368200837	2.33333333333333	5.5
12_2	12	D	37	2	other	spk2_37.wav	66	3	2.72434401512	12	0.5	-0.223849372384937	2.33333333333333	5.5
12_2	12	D	2	2	other	spk2_2.wav	104	5	1.37363505363	12	0.5	-0.0648535564853556	2.33333333333333	5.5
12_2	12	D	25	2	other	spk2_25.wav	61	2	3.44270300865	12	0.5	-0.244769874476987	2.33333333333333	5.5
12_2	12	D	52	2	other	spk2_52.wav	223	3	0.905539989471	12	0.5	0.433054393305439	2.33333333333333	5.5
12_2	12	D	58	2	other	spk2_58.wav	11	3	3.00952005386	12	0.5	-0.45397489539749	2.33333333333333	5.5
12_2	12	D	1	2	other	spk2_1.wav	121	5	1.53898096085	12	0.5	0.00627615062761511	2.33333333333333	5.5
12_2	12	D	40	2	other	spk2_40.wav	78	3	5.26549291611	12	0.5	-0.173640167364017	2.33333333333333	5.5
12_2	12	D	3	2	other	spk2_3.wav	239	4	0.687577962875	12	0.5	0.5	2.33333333333333	5.5
12_2	12	D	50	2	other	spk2_50.wav	144	6	1.98913693428	12	0.5	0.102510460251046	2.33333333333333	5.5
12_2	12	D	29	2	other	spk2_29.wav	115	5	4.27874207497	12	0.5	-0.0188284518828452	2.33333333333333	5.5
12_2	12	D	49	2	other	spk2_49.wav	228	3	1.20457196236	12	0.5	0.45397489539749	2.33333333333333	5.5
12_2	12	D	15	2	other	spk2_15.wav	202	3	0.922394990921	12	0.5	0.345188284518828	2.33333333333333	5.5
12_2	12	D	30	2	other	spk2_30.wav	201	4	0.80362200737	12	0.5	0.341004184100418	2.33333333333333	5.5
12_2	12	D	54	2	other	spk2_54.wav	36	4	2.14106488228	12	0.5	-0.349372384937238	2.33333333333333	5.5
12_2	12	D	6	2	other	spk2_6.wav	92	3	2.94151186943	12	0.5	-0.115062761506276	2.33333333333333	5.5
12_2	12	D	18	2	other	spk2_18.wav	225	3	0.37015914917	12	0.5	0.441422594142259	2.33333333333333	5.5
12_2	12	D	31	2	other	spk2_31.wav	13	1	2.14127588272	12	0.5	-0.445606694560669	2.33333333333333	5.5
12_2	12	D	16	2	other	spk2_16.wav	174	5	0.704267024994	12	0.5	0.228033472803347	2.33333333333333	5.5
12_2	12	D	21	2	other	spk2_21.wav	129	3	4.44711995125	12	0.5	0.0397489539748954	2.33333333333333	5.5
12_2	12	D	56	2	other	spk2_56.wav	91	1	3.35858511925	12	0.5	-0.119246861924686	2.33333333333333	5.5
12_2	12	D	36	2	other	spk2_36.wav	224	4	0.33691906929	12	0.5	0.437238493723849	2.33333333333333	5.5
12_20	12	D	24	20	other	spk20_24.wav	0	3	3.06018996239	12	0.5	-0.5	2.33333333333333	4.4
12_20	12	D	46	20	other	spk20_46.wav	41	2	2.42525196075	12	0.5	-0.328451882845188	2.33333333333333	4.4
12_20	12	D	56	20	other	spk20_56.wav	123	2	1.1372051239	12	0.5	0.0146443514644351	2.33333333333333	4.4
12_20	12	D	59	20	other	spk20_59.wav	3	3	1.1028649807	12	0.5	-0.48744769874477	2.33333333333333	4.4
12_20	12	D	43	20	other	spk20_43.wav	4	3	2.07439398766	12	0.5	-0.48326359832636	2.33333333333333	4.4
12_20	12	D	48	20	other	spk20_48.wav	206	3	1.0385248661	12	0.5	0.361924686192469	2.33333333333333	4.4
12_20	12	D	40	20	other	spk20_40.wav	127	1	1.42034482956	12	0.5	0.0313807531380753	2.33333333333333	4.4
12_20	12	D	25	20	other	spk20_25.wav	7	3	1.13940191269	12	0.5	-0.47071129707113	2.33333333333333	4.4
12_20	12	D	16	20	other	spk20_16.wav	48	2	1.08885192871	12	0.5	-0.299163179916318	2.33333333333333	4.4
12_20	12	D	47	20	other	spk20_47.wav	130	5	1.92243289948	12	0.5	0.0439330543933054	2.33333333333333	4.4
12_20	12	D	27	20	other	spk20_27.wav	50	1	1.28888177872	12	0.5	-0.290794979079498	2.33333333333333	4.4
12_20	12	D	37	20	other	spk20_37.wav	132	2	1.74068498611	12	0.5	0.0523012552301255	2.33333333333333	4.4
12_20	12	D	23	20	other	spk20_23.wav	146	2	1.89087200165	12	0.5	0.110878661087866	2.33333333333333	4.4
12_20	12	D	41	20	other	spk20_41.wav	134	1	1.4390540123	12	0.5	0.0606694560669456	2.33333333333333	4.4
12_20	12	D	57	20	other	spk20_57.wav	135	2	2.80708694458	12	0.5	0.0648535564853556	2.33333333333333	4.4
12_20	12	D	55	20	other	spk20_55.wav	15	2	1.68758201599	12	0.5	-0.437238493723849	2.33333333333333	4.4
12_20	12	D	38	20	other	spk20_38.wav	16	3	1.99084687233	12	0.5	-0.433054393305439	2.33333333333333	4.4
12_20	12	D	31	20	other	spk20_31.wav	70	1	0.752490997314	12	0.5	-0.207112970711297	2.33333333333333	4.4
12_20	12	D	9	20	other	spk20_9.wav	18	2	5.31501889229	12	0.5	-0.424686192468619	2.33333333333333	4.4
12_20	12	D	36	20	other	spk20_36.wav	112	3	1.87389397621	12	0.5	-0.0313807531380753	2.33333333333333	4.4
12_20	12	D	52	20	other	spk20_52.wav	141	2	2.08922815323	12	0.5	0.0899581589958159	2.33333333333333	4.4
12_20	12	D	14	20	other	spk20_14.wav	101	3	1.44001889229	12	0.5	-0.0774058577405858	2.33333333333333	4.4
12_20	12	D	20	20	other	spk20_20.wav	183	4	0.68753695488	12	0.5	0.265690376569038	2.33333333333333	4.4
12_20	12	D	49	20	other	spk20_49.wav	23	3	2.94245505333	12	0.5	-0.403765690376569	2.33333333333333	4.4
12_20	12	D	6	20	other	spk20_6.wav	63	1	1.45531511307	12	0.5	-0.236401673640167	2.33333333333333	4.4
12_20	12	D	1	20	other	spk20_1.wav	38	5	2.55961799622	12	0.5	-0.341004184100418	2.33333333333333	4.4
12_20	12	D	35	20	other	spk20_35.wav	187	1	1.10406517982	12	0.5	0.282426778242678	2.33333333333333	4.4
12_20	12	D	32	20	other	spk20_32.wav	67	2	3.69400811195	12	0.5	-0.219665271966527	2.33333333333333	4.4
12_20	12	D	51	20	other	spk20_51.wav	189	1	0.788454055786	12	0.5	0.290794979079498	2.33333333333333	4.4
12_20	12	D	58	20	other	spk20_58.wav	230	2	3.06023097038	12	0.5	0.46234309623431	2.33333333333333	4.4
12_20	12	D	22	20	other	spk20_22.wav	43	3	2.89211511612	12	0.5	-0.320083682008368	2.33333333333333	4.4
12_20	12	D	4	20	other	spk20_4.wav	31	3	3.27530193329	12	0.5	-0.370292887029289	2.33333333333333	4.4
12_20	12	D	5	20	other	spk20_5.wav	111	3	1.7904548645	12	0.5	-0.0355648535564854	2.33333333333333	4.4
12_20	12	D	39	20	other	spk20_39.wav	33	4	1.65682291985	12	0.5	-0.361924686192469	2.33333333333333	4.4
12_20	12	D	11	20	other	spk20_11.wav	73	5	1.67347288132	12	0.5	-0.194560669456067	2.33333333333333	4.4
12_20	12	D	8	20	other	spk20_8.wav	75	1	1.00543904305	12	0.5	-0.186192468619247	2.33333333333333	4.4
12_20	12	D	18	20	other	spk20_18.wav	157	3	2.17479205132	12	0.5	0.156903765690377	2.33333333333333	4.4
12_20	12	D	34	20	other	spk20_34.wav	197	2	2.3727080822	12	0.5	0.324267782426778	2.33333333333333	4.4
12_20	12	D	15	20	other	spk20_15.wav	212	1	1.59047985077	12	0.5	0.387029288702929	2.33333333333333	4.4
12_20	12	D	53	20	other	spk20_53.wav	200	2	1.93920016289	12	0.5	0.336820083682008	2.33333333333333	4.4
12_20	12	D	7	20	other	spk20_7.wav	161	3	4.69763207436	12	0.5	0.173640167364017	2.33333333333333	4.4
12_20	12	D	17	20	other	spk20_17.wav	81	4	1.13916087151	12	0.5	-0.161087866108787	2.33333333333333	4.4
12_20	12	D	60	20	other	spk20_60.wav	82	2	3.27736711502	12	0.5	-0.156903765690377	2.33333333333333	4.4
12_20	12	D	2	20	other	spk20_2.wav	176	5	1.48939013481	12	0.5	0.236401673640167	2.33333333333333	4.4
12_20	12	D	28	20	other	spk20_28.wav	44	1	2.85969305038	12	0.5	-0.315899581589958	2.33333333333333	4.4
12_20	12	D	13	20	other	spk20_13.wav	205	1	1.00267100334	12	0.5	0.357740585774059	2.33333333333333	4.4
12_20	12	D	29	20	other	spk20_29.wav	175	4	0.737627983093	12	0.5	0.232217573221757	2.33333333333333	4.4
12_20	12	D	42	20	other	spk20_42.wav	107	2	0.987740039825	12	0.5	-0.0523012552301255	2.33333333333333	4.4
12_20	12	D	44	20	other	spk20_44.wav	88	1	1.18790507317	12	0.5	-0.131799163179916	2.33333333333333	4.4
12_20	12	D	12	20	other	spk20_12.wav	222	3	1.07190513611	12	0.5	0.428870292887029	2.33333333333333	4.4
12_20	12	D	54	20	other	spk20_54.wav	236	3	0.687538146973	12	0.5	0.48744769874477	2.33333333333333	4.4
12_20	12	D	21	20	other	spk20_21.wav	118	2	4.58077001572	12	0.5	-0.00627615062761505	2.33333333333333	4.4
12_20	12	D	26	20	other	spk20_26.wav	186	1	1.00268697739	12	0.5	0.278242677824268	2.33333333333333	4.4
12_20	12	D	30	20	other	spk20_30.wav	106	1	0.854840993881	12	0.5	-0.0564853556485356	2.33333333333333	4.4
12_20	12	D	3	20	other	spk20_3.wav	105	2	0.634999990463	12	0.5	-0.0606694560669456	2.33333333333333	4.4
12_20	12	D	50	20	other	spk20_50.wav	108	2	1.67327189445	12	0.5	-0.0481171548117155	2.33333333333333	4.4
12_20	12	D	19	20	other	spk20_19.wav	203	1	2.1416478157	12	0.5	0.349372384937239	2.33333333333333	4.4
12_20	12	D	33	20	other	spk20_33.wav	120	6	1.32099103928	12	0.5	0.002092050209205	2.33333333333333	4.4
12_20	12	D	45	20	other	spk20_45.wav	199	3	1.07050609589	12	0.5	0.332635983263598	2.33333333333333	4.4
12_20	12	D	10	20	other	spk20_10.wav	215	2	1.23837804794	12	0.5	0.399581589958159	2.33333333333333	4.4
12_9	12	D	55	9	other	spk9_55.wav	149	2	1.82398200035	12	0.5	0.123430962343096	2.33333333333333	3.4
12_9	12	D	35	9	other	spk9_35.wav	136	1	1.47258901596	12	0.5	0.0690376569037657	2.33333333333333	3.4
12_9	12	D	53	9	other	spk9_53.wav	140	2	5.91567111015	12	0.5	0.0857740585774058	2.33333333333333	3.4
12_9	12	D	21	9	other	spk9_21.wav	47	2	3.41008710861	12	0.5	-0.303347280334728	2.33333333333333	3.4
12_9	12	D	20	9	other	spk9_20.wav	59	2	3.07688808441	12	0.5	-0.253138075313807	2.33333333333333	3.4
12_9	12	D	60	9	other	spk9_60.wav	32	4	2.99272489548	12	0.5	-0.366108786610879	2.33333333333333	3.4
12_9	12	D	34	9	other	spk9_34.wav	125	2	1.4899289608	12	0.5	0.0230125523012552	2.33333333333333	3.4
12_9	12	D	46	9	other	spk9_46.wav	95	1	1.27181982994	12	0.5	-0.102510460251046	2.33333333333333	3.4
12_9	12	D	48	9	other	spk9_48.wav	131	3	1.22187900543	12	0.5	0.0481171548117155	2.33333333333333	3.4
12_9	12	D	7	9	other	spk9_7.wav	68	2	3.39331698418	12	0.5	-0.215481171548117	2.33333333333333	3.4
12_9	12	D	32	9	other	spk9_32.wav	124	2	2.57344579697	12	0.5	0.0188284518828452	2.33333333333333	3.4
12_9	12	D	42	9	other	spk9_42.wav	153	2	0.988430023193	12	0.5	0.140167364016736	2.33333333333333	3.4
12_9	12	D	45	9	other	spk9_45.wav	28	5	1.08724403381	12	0.5	-0.382845188284519	2.33333333333333	3.4
12_9	12	D	24	9	other	spk9_24.wav	193	4	1.2219080925	12	0.5	0.307531380753138	2.33333333333333	3.4
12_9	12	D	52	9	other	spk9_52.wav	168	1	0.554630994797	12	0.5	0.202928870292887	2.33333333333333	3.4
12_9	12	D	51	9	other	spk9_51.wav	29	2	1.35447597504	12	0.5	-0.378661087866109	2.33333333333333	3.4
12_9	12	D	3	9	other	spk9_3.wav	152	1	0.804618120193	12	0.5	0.135983263598326	2.33333333333333	3.4
12_9	12	D	12	9	other	spk9_12.wav	37	1	1.02226209641	12	0.5	-0.345188284518828	2.33333333333333	3.4
12_9	12	D	11	9	other	spk9_11.wav	158	3	1.33668494225	12	0.5	0.161087866108787	2.33333333333333	3.4
12_9	12	D	16	9	other	spk9_16.wav	98	1	1.15494990349	12	0.5	-0.0899581589958159	2.33333333333333	3.4
12_9	12	D	26	9	other	spk9_26.wav	27	1	1.4542529583	12	0.5	-0.387029288702929	2.33333333333333	3.4
12_9	12	D	37	9	other	spk9_37.wav	40	2	5.449614048	12	0.5	-0.332635983263598	2.33333333333333	3.4
12_9	12	D	25	9	other	spk9_25.wav	162	1	2.62575292587	12	0.5	0.177824267782427	2.33333333333333	3.4
12_9	12	D	22	9	other	spk9_22.wav	56	3	1.68982195854	12	0.5	-0.265690376569038	2.33333333333333	3.4
12_9	12	D	54	9	other	spk9_54.wav	164	2	0.903217077255	12	0.5	0.186192468619247	2.33333333333333	3.4
12_9	12	D	10	9	other	spk9_10.wav	165	2	1.07185792923	12	0.5	0.190376569037657	2.33333333333333	3.4
12_9	12	D	23	9	other	spk9_23.wav	85	4	2.65868401527	12	0.5	-0.144351464435146	2.33333333333333	3.4
12_9	12	D	43	9	other	spk9_43.wav	6	2	1.82358503342	12	0.5	-0.47489539748954	2.33333333333333	3.4
12_9	12	D	30	9	other	spk9_30.wav	87	2	2.74282503128	12	0.5	-0.135983263598326	2.33333333333333	3.4
12_9	12	D	2	9	other	spk9_2.wav	116	2	3.87668704987	12	0.5	-0.0146443514644352	2.33333333333333	3.4
12_9	12	D	49	9	other	spk9_49.wav	210	1	0.804610013962	12	0.5	0.378661087866109	2.33333333333333	3.4
12_9	12	D	31	9	other	spk9_31.wav	90	2	1.6070189476	12	0.5	-0.123430962343096	2.33333333333333	3.4
12_9	12	D	59	9	other	spk9_59.wav	160	4	2.30689907074	12	0.5	0.169456066945607	2.33333333333333	3.4
12_9	12	D	8	9	other	spk9_8.wav	79	1	0.769506931305	12	0.5	-0.169456066945607	2.33333333333333	3.4
12_9	12	D	41	9	other	spk9_41.wav	93	2	1.53999400139	12	0.5	-0.110878661087866	2.33333333333333	3.4
12_9	12	D	58	9	other	spk9_58.wav	14	1	2.72382307053	12	0.5	-0.441422594142259	2.33333333333333	3.4
12_9	12	D	18	9	other	spk9_18.wav	216	1	1.23649597168	12	0.5	0.403765690376569	2.33333333333333	3.4
12_9	12	D	33	9	other	spk9_33.wav	96	1	0.821712017059	12	0.5	-0.098326359832636	2.33333333333333	3.4
12_9	12	D	5	9	other	spk9_5.wav	97	3	3.75948190689	12	0.5	-0.0941422594142259	2.33333333333333	3.4
12_9	12	D	27	9	other	spk9_27.wav	219	2	0.0693511962891	12	0.5	0.416317991631799	2.33333333333333	3.4
12_9	12	D	9	9	other	spk9_9.wav	99	1	0.202022075653	12	0.5	-0.0857740585774058	2.33333333333333	3.4
12_9	12	D	4	9	other	spk9_4.wav	60	3	2.0247399807	12	0.5	-0.248953974895398	2.33333333333333	3.4
12_9	12	D	36	9	other	spk9_36.wav	182	2	1.1392018795	12	0.5	0.261506276150628	2.33333333333333	3.4
12_9	12	D	39	9	other	spk9_39.wav	62	1	0.4026658535	12	0.5	-0.240585774058577	2.33333333333333	3.4
12_9	12	D	56	9	other	spk9_56.wav	184	2	5.16312193871	12	0.5	0.269874476987448	2.33333333333333	3.4
12_9	12	D	13	9	other	spk9_13.wav	26	2	0.989033937454	12	0.5	-0.391213389121339	2.33333333333333	3.4
12_9	12	D	50	9	other	spk9_50.wav	25	3	2.09109091759	12	0.5	-0.395397489539749	2.33333333333333	3.4
12_9	12	D	29	9	other	spk9_29.wav	147	3	5.26553916931	12	0.5	0.115062761506276	2.33333333333333	3.4
12_9	12	D	15	9	other	spk9_15.wav	148	1	2.00767707825	12	0.5	0.119246861924686	2.33333333333333	3.4
12_9	12	D	28	9	other	spk9_28.wav	229	1	1.07251095772	12	0.5	0.4581589958159	2.33333333333333	3.4
12_9	12	D	57	9	other	spk9_57.wav	150	2	2.00766706467	12	0.5	0.127615062761506	2.33333333333333	3.4
12_9	12	D	19	9	other	spk9_19.wav	231	2	2.65927410126	12	0.5	0.46652719665272	2.33333333333333	3.4
12_9	12	D	47	9	other	spk9_47.wav	232	3	2.39131593704	12	0.5	0.47071129707113	2.33333333333333	3.4
12_9	12	D	38	9	other	spk9_38.wav	233	1	0.852353096008	12	0.5	0.47489539748954	2.33333333333333	3.4
12_9	12	D	40	9	other	spk9_40.wav	113	1	0.821262836456	12	0.5	-0.0271966527196653	2.33333333333333	3.4
12_9	12	D	44	9	other	spk9_44.wav	34	1	1.27232694626	12	0.5	-0.357740585774059	2.33333333333333	3.4
12_9	12	D	6	9	other	spk9_6.wav	196	1	1.23749780655	12	0.5	0.320083682008368	2.33333333333333	3.4
12_9	12	D	1	9	other	spk9_1.wav	237	2	0.869045972824	12	0.5	0.49163179916318	2.33333333333333	3.4
12_9	12	D	14	9	other	spk9_14.wav	198	1	0.587671995163	12	0.5	0.328451882845188	2.33333333333333	3.4
12_9	12	D	17	9	other	spk9_17.wav	39	3	2.74289298058	12	0.5	-0.336820083682008	2.33333333333333	3.4
13_10	13	C	46	10	other	spk10_46.wav	96	1	0.754220962524	13	0.5	-0.098326359832636	1.56666666666667	2.8
13_10	13	C	52	10	other	spk10_52.wav	141	1	0.119397878647	13	0.5	0.0899581589958159	1.56666666666667	2.8
13_10	13	C	35	10	other	spk10_35.wav	18	2	1.22195291519	13	0.5	-0.424686192468619	1.56666666666667	2.8
13_10	13	C	4	10	other	spk10_4.wav	138	1	0.853679895401	13	0.5	0.0774058577405857	1.56666666666667	2.8
13_10	13	C	6	10	other	spk10_6.wav	16	2	0.504371166229	13	0.5	-0.433054393305439	1.56666666666667	2.8
13_10	13	C	23	10	other	spk10_23.wav	229	2	1.52356386185	13	0.5	0.4581589958159	1.56666666666667	2.8
13_10	13	C	10	10	other	spk10_10.wav	95	1	0.921612024307	13	0.5	-0.102510460251046	1.56666666666667	2.8
13_10	13	C	19	10	other	spk10_19.wav	89	1	1.21980714798	13	0.5	-0.127615062761506	1.56666666666667	2.8
13_10	13	C	37	10	other	spk10_37.wav	76	1	2.12482714653	13	0.5	-0.182008368200837	1.56666666666667	2.8
13_10	13	C	39	10	other	spk10_39.wav	153	2	0.722567081451	13	0.5	0.140167364016736	1.56666666666667	2.8
13_10	13	C	60	10	other	spk10_60.wav	166	2	0.821135997772	13	0.5	0.194560669456067	1.56666666666667	2.8
13_10	13	C	13	10	other	spk10_13.wav	118	1	1.17267584801	13	0.5	-0.00627615062761505	1.56666666666667	2.8
13_10	13	C	7	10	other	spk10_7.wav	119	2	1.02251410484	13	0.5	-0.002092050209205	1.56666666666667	2.8
13_10	13	C	42	10	other	spk10_42.wav	21	1	1.32260799408	13	0.5	-0.412133891213389	1.56666666666667	2.8
13_10	13	C	31	10	other	spk10_31.wav	121	1	1.57156300545	13	0.5	0.00627615062761511	1.56666666666667	2.8
13_10	13	C	47	10	other	spk10_47.wav	108	3	2.00743603706	13	0.5	-0.0481171548117155	1.56666666666667	2.8
13_10	13	C	43	10	other	spk10_43.wav	123	2	0.301398038864	13	0.5	0.0146443514644351	1.56666666666667	2.8
13_10	13	C	12	10	other	spk10_12.wav	53	2	1.87368893623	13	0.5	-0.278242677824268	1.56666666666667	2.8
13_10	13	C	8	10	other	spk10_8.wav	219	1	0.553887844086	13	0.5	0.416317991631799	1.56666666666667	2.8
13_10	13	C	36	10	other	spk10_36.wav	139	2	0.503905057907	13	0.5	0.0815899581589958	1.56666666666667	2.8
13_10	13	C	14	10	other	spk10_14.wav	100	1	0.937597036362	13	0.5	-0.0815899581589958	1.56666666666667	2.8
13_10	13	C	28	10	other	spk10_28.wav	8	2	1.75721812248	13	0.5	-0.46652719665272	1.56666666666667	2.8
13_10	13	C	22	10	other	spk10_22.wav	156	2	0.420272111893	13	0.5	0.152719665271967	1.56666666666667	2.8
13_10	13	C	41	10	other	spk10_41.wav	210	1	0.13593006134	13	0.5	0.378661087866109	1.56666666666667	2.8
13_10	13	C	5	10	other	spk10_5.wav	132	2	0.468065023422	13	0.5	0.0523012552301255	1.56666666666667	2.8
13_10	13	C	16	10	other	spk10_16.wav	37	1	0.952454090118	13	0.5	-0.345188284518828	1.56666666666667	2.8
13_10	13	C	40	10	other	spk10_40.wav	66	1	1.10623002052	13	0.5	-0.223849372384937	1.56666666666667	2.8
13_10	13	C	1	10	other	spk10_1.wav	134	1	0.822098016739	13	0.5	0.0606694560669456	1.56666666666667	2.8
13_10	13	C	32	10	other	spk10_32.wav	174	2	0.453541994095	13	0.5	0.228033472803347	1.56666666666667	2.8
13_10	13	C	51	10	other	spk10_51.wav	216	1	0.904919147491	13	0.5	0.403765690376569	1.56666666666667	2.8
13_10	13	C	9	10	other	spk10_9.wav	179	1	1.32051205635	13	0.5	0.248953974895398	1.56666666666667	2.8
13_10	13	C	26	10	other	spk10_26.wav	83	1	0.986217975616	13	0.5	-0.152719665271967	1.56666666666667	2.8
13_10	13	C	53	10	other	spk10_53.wav	70	2	2.70874810219	13	0.5	-0.207112970711297	1.56666666666667	2.8
13_10	13	C	20	10	other	spk10_20.wav	154	1	1.0886797905	13	0.5	0.144351464435146	1.56666666666667	2.8
13_10	13	C	24	10	other	spk10_24.wav	221	1	1.27019000053	13	0.5	0.424686192468619	1.56666666666667	2.8
13_10	13	C	21	10	other	spk10_21.wav	209	2	1.62112903595	13	0.5	0.374476987447699	1.56666666666667	2.8
13_10	13	C	49	10	other	spk10_49.wav	75	1	1.15526199341	13	0.5	-0.186192468619247	1.56666666666667	2.8
13_10	13	C	30	10	other	spk10_30.wav	36	2	1.33900213242	13	0.5	-0.349372384937238	1.56666666666667	2.8
13_10	13	C	56	10	other	spk10_56.wav	91	1	1.62423205376	13	0.5	-0.119246861924686	1.56666666666667	2.8
13_10	13	C	11	10	other	spk10_11.wav	239	1	1.27250814438	13	0.5	0.5	1.56666666666667	2.8
13_10	13	C	17	10	other	spk10_17.wav	93	2	0.637764930725	13	0.5	-0.110878661087866	1.56666666666667	2.8
13_10	13	C	29	10	other	spk10_29.wav	173	1	0.487190008163	13	0.5	0.223849372384937	1.56666666666667	2.8
13_10	13	C	3	10	other	spk10_3.wav	54	1	1.52438688278	13	0.5	-0.274058577405858	1.56666666666667	2.8
13_10	13	C	25	10	other	spk10_25.wav	137	1	1.79071116447	13	0.5	0.0732217573221757	1.56666666666667	2.8
13_10	13	C	59	10	other	spk10_59.wav	56	1	1.32377004623	13	0.5	-0.265690376569038	1.56666666666667	2.8
13_10	13	C	55	10	other	spk10_55.wav	217	2	0.98742389679	13	0.5	0.407949790794979	1.56666666666667	2.8
13_10	13	C	44	10	other	spk10_44.wav	62	1	0.336923122406	13	0.5	-0.240585774058577	1.56666666666667	2.8
13_10	13	C	2	10	other	spk10_2.wav	208	1	0.55321598053	13	0.5	0.370292887029289	1.56666666666667	2.8
13_10	13	C	18	10	other	spk10_18.wav	198	2	0.387465000153	13	0.5	0.328451882845188	1.56666666666667	2.8
13_10	13	C	38	10	other	spk10_38.wav	222	1	0.0693910121918	13	0.5	0.428870292887029	1.56666666666667	2.8
13_10	13	C	45	10	other	spk10_45.wav	105	1	0.319388151169	13	0.5	-0.0606694560669456	1.56666666666667	2.8
13_10	13	C	33	10	other	spk10_33.wav	184	2	0.587293863297	13	0.5	0.269874476987448	1.56666666666667	2.8
13_10	13	C	27	10	other	spk10_27.wav	42	1	0.956182003021	13	0.5	-0.324267782426778	1.56666666666667	2.8
13_10	13	C	57	10	other	spk10_57.wav	227	2	1.05606794357	13	0.5	0.449790794979079	1.56666666666667	2.8
13_10	13	C	50	10	other	spk10_50.wav	24	1	1.19011306763	13	0.5	-0.399581589958159	1.56666666666667	2.8
13_10	13	C	34	10	other	spk10_34.wav	27	1	1.4713139534	13	0.5	-0.387029288702929	1.56666666666667	2.8
13_10	13	C	15	10	other	spk10_15.wav	197	2	2.69272303581	13	0.5	0.324267782426778	1.56666666666667	2.8
13_10	13	C	48	10	other	spk10_48.wav	90	1	1.15542292595	13	0.5	-0.123430962343096	1.56666666666667	2.8
13_10	13	C	58	10	other	spk10_58.wav	115	2	3.27732920647	13	0.5	-0.0188284518828452	1.56666666666667	2.8
13_10	13	C	54	10	other	spk10_54.wav	228	1	0.568871974945	13	0.5	0.45397489539749	1.56666666666667	2.8
13_13	13	C	53	13	self	spk13_53.wav	40	1	1.74079704285	13	-0.5	-0.332635983263598	1.56666666666667	1.7
13_13	13	C	52	13	self	spk13_52.wav	149	1	0.186326026917	13	-0.5	0.123430962343096	1.56666666666667	1.7
13_13	13	C	38	13	self	spk13_38.wav	3	1	1.00508093834	13	-0.5	-0.48744769874477	1.56666666666667	1.7
13_13	13	C	19	13	self	spk13_19.wav	43	1	1.54027295113	13	-0.5	-0.320083682008368	1.56666666666667	1.7
13_13	13	C	39	13	self	spk13_39.wav	79	1	0.90319108963	13	-0.5	-0.169456066945607	1.56666666666667	1.7
13_13	13	C	16	13	self	spk13_16.wav	133	1	1.02145910263	13	-0.5	0.0564853556485355	1.56666666666667	1.7
13_13	13	C	30	13	self	spk13_30.wav	14	1	1.48841691017	13	-0.5	-0.441422594142259	1.56666666666667	1.7
13_13	13	C	7	13	self	spk13_7.wav	177	1	1.70628404617	13	-0.5	0.240585774058577	1.56666666666667	1.7
13_13	13	C	11	13	self	spk13_11.wav	203	1	0.704028129578	13	-0.5	0.349372384937239	1.56666666666667	1.7
13_13	13	C	4	13	self	spk13_4.wav	4	1	0.821314811707	13	-0.5	-0.48326359832636	1.56666666666667	1.7
13_13	13	C	48	13	self	spk13_48.wav	146	2	2.12566304207	13	-0.5	0.110878661087866	1.56666666666667	1.7
13_13	13	C	55	13	self	spk13_55.wav	148	2	1.08865118027	13	-0.5	0.119246861924686	1.56666666666667	1.7
13_13	13	C	33	13	self	spk13_33.wav	189	2	0.672503948212	13	-0.5	0.290794979079498	1.56666666666667	1.7
13_13	13	C	22	13	self	spk13_22.wav	52	1	1.40640497208	13	-0.5	-0.282426778242678	1.56666666666667	1.7
13_13	13	C	36	13	self	spk13_36.wav	151	1	0.752063989639	13	-0.5	0.131799163179916	1.56666666666667	1.7
13_13	13	C	8	13	self	spk13_8.wav	84	1	1.27218699455	13	-0.5	-0.148535564853557	1.56666666666667	1.7
13_13	13	C	14	13	self	spk13_14.wav	50	1	1.25204181671	13	-0.5	-0.290794979079498	1.56666666666667	1.7
13_13	13	C	2	13	self	spk13_2.wav	135	1	1.12184000015	13	-0.5	0.0648535564853556	1.56666666666667	1.7
13_13	13	C	12	13	self	spk13_12.wav	25	1	2.14144420624	13	-0.5	-0.395397489539749	1.56666666666667	1.7
13_13	13	C	20	13	self	spk13_20.wav	159	2	1.907351017	13	-0.5	0.165271966527197	1.56666666666667	1.7
13_13	13	C	28	13	self	spk13_28.wav	120	1	1.95911216736	13	-0.5	0.002092050209205	1.56666666666667	1.7
13_13	13	C	60	13	self	spk13_60.wav	41	2	1.20675396919	13	-0.5	-0.328451882845188	1.56666666666667	1.7
13_13	13	C	9	13	self	spk13_9.wav	188	1	0.219741106033	13	-0.5	0.286610878661088	1.56666666666667	1.7
13_13	13	C	34	13	self	spk13_34.wav	204	1	0.63641500473	13	-0.5	0.353556485355649	1.56666666666667	1.7
13_13	13	C	50	13	self	spk13_50.wav	191	1	1.07202911377	13	-0.5	0.299163179916318	1.56666666666667	1.7
13_13	13	C	10	13	self	spk13_10.wav	45	2	1.95756292343	13	-0.5	-0.311715481171548	1.56666666666667	1.7
13_13	13	C	51	13	self	spk13_51.wav	86	1	2.70682001114	13	-0.5	-0.140167364016736	1.56666666666667	1.7
13_13	13	C	31	13	self	spk13_31.wav	170	1	0.803554058075	13	-0.5	0.211297071129707	1.56666666666667	1.7
13_13	13	C	44	13	self	spk13_44.wav	128	2	1.55682706833	13	-0.5	0.0355648535564853	1.56666666666667	1.7
13_13	13	C	15	13	self	spk13_15.wav	143	2	1.10339093208	13	-0.5	0.0983263598326359	1.56666666666667	1.7
13_13	13	C	3	13	self	spk13_3.wav	131	1	0.385220050812	13	-0.5	0.0481171548117155	1.56666666666667	1.7
13_13	13	C	40	13	self	spk13_40.wav	199	2	1.28990912437	13	-0.5	0.332635983263598	1.56666666666667	1.7
13_13	13	C	45	13	self	spk13_45.wav	92	1	1.20575809479	13	-0.5	-0.115062761506276	1.56666666666667	1.7
13_13	13	C	54	13	self	spk13_54.wav	213	1	1.50657510757	13	-0.5	0.391213389121339	1.56666666666667	1.7
13_13	13	C	29	13	self	spk13_29.wav	175	1	1.28660202026	13	-0.5	0.232217573221757	1.56666666666667	1.7
13_13	13	C	37	13	self	spk13_37.wav	26	1	1.27342915535	13	-0.5	-0.391213389121339	1.56666666666667	1.7
13_13	13	C	6	13	self	spk13_6.wav	122	1	1.22331094742	13	-0.5	0.0104602510460251	1.56666666666667	1.7
13_13	13	C	42	13	self	spk13_42.wav	162	1	0.95351099968	13	-0.5	0.177824267782427	1.56666666666667	1.7
13_13	13	C	21	13	self	spk13_21.wav	31	1	0.872632026672	13	-0.5	-0.370292887029289	1.56666666666667	1.7
13_13	13	C	25	13	self	spk13_25.wav	99	1	0.601794958115	13	-0.5	-0.0857740585774058	1.56666666666667	1.7
13_13	13	C	5	13	self	spk13_5.wav	101	1	1.2728908062	13	-0.5	-0.0774058577405858	1.56666666666667	1.7
13_13	13	C	41	13	self	spk13_41.wav	60	1	0.921198129654	13	-0.5	-0.248953974895398	1.56666666666667	1.7
13_13	13	C	57	13	self	spk13_57.wav	155	1	0.988613128662	13	-0.5	0.148535564853556	1.56666666666667	1.7
13_13	13	C	56	13	self	spk13_56.wav	211	1	0.821306943893	13	-0.5	0.382845188284519	1.56666666666667	1.7
13_13	13	C	1	13	self	spk13_1.wav	171	1	1.03809690475	13	-0.5	0.215481171548117	1.56666666666667	1.7
13_13	13	C	43	13	self	spk13_43.wav	226	2	1.35500884056	13	-0.5	0.445606694560669	1.56666666666667	1.7
13_13	13	C	26	13	self	spk13_26.wav	65	1	0.902339935303	13	-0.5	-0.228033472803347	1.56666666666667	1.7
13_13	13	C	27	13	self	spk13_27.wav	67	2	0.920542001724	13	-0.5	-0.219665271966527	1.56666666666667	1.7
13_13	13	C	46	13	self	spk13_46.wav	110	1	1.49016094208	13	-0.5	-0.0397489539748954	1.56666666666667	1.7
13_13	13	C	23	13	self	spk13_23.wav	64	2	1.08815002441	13	-0.5	-0.232217573221757	1.56666666666667	1.7
13_13	13	C	35	13	self	spk13_35.wav	47	1	1.35456585884	13	-0.5	-0.303347280334728	1.56666666666667	1.7
13_13	13	C	59	13	self	spk13_59.wav	124	1	1.01930809021	13	-0.5	0.0188284518828452	1.56666666666667	1.7
13_13	13	C	17	13	self	spk13_17.wav	104	2	1.33834695816	13	-0.5	-0.0648535564853556	1.56666666666667	1.7
13_13	13	C	13	13	self	spk13_13.wav	81	1	1.47308301926	13	-0.5	-0.161087866108787	1.56666666666667	1.7
13_13	13	C	47	13	self	spk13_47.wav	224	2	1.43924999237	13	-0.5	0.437238493723849	1.56666666666667	1.7
13_13	13	C	24	13	self	spk13_24.wav	168	1	1.20527505875	13	-0.5	0.202928870292887	1.56666666666667	1.7
13_13	13	C	32	13	self	spk13_32.wav	150	2	1.75584983826	13	-0.5	0.127615062761506	1.56666666666667	1.7
13_13	13	C	58	13	self	spk13_58.wav	102	2	1.39025712013	13	-0.5	-0.0732217573221757	1.56666666666667	1.7
13_13	13	C	18	13	self	spk13_18.wav	185	2	0.90626502037	13	-0.5	0.274058577405858	1.56666666666667	1.7
13_13	13	C	49	13	self	spk13_49.wav	73	1	0.955311059952	13	-0.5	-0.194560669456067	1.56666666666667	1.7
13_5	13	C	10	5	other	spk5_10.wav	126	2	1.77232599258	13	0.5	0.0271966527196653	1.56666666666667	3.8
13_5	13	C	39	5	other	spk5_39.wav	9	2	1.23834300041	13	0.5	-0.46234309623431	1.56666666666667	3.8
13_5	13	C	47	5	other	spk5_47.wav	72	3	1.84053587914	13	0.5	-0.198744769874477	1.56666666666667	3.8
13_5	13	C	24	5	other	spk5_24.wav	58	1	2.2584028244	13	0.5	-0.257322175732218	1.56666666666667	3.8
13_5	13	C	28	5	other	spk5_28.wav	19	1	1.50654387474	13	0.5	-0.420502092050209	1.56666666666667	3.8
13_5	13	C	58	5	other	spk5_58.wav	85	3	1.6232509613	13	0.5	-0.144351464435146	1.56666666666667	3.8
13_5	13	C	20	5	other	spk5_20.wav	48	2	1.90506410599	13	0.5	-0.299163179916318	1.56666666666667	3.8
13_5	13	C	30	5	other	spk5_30.wav	69	1	1.30490088463	13	0.5	-0.211297071129707	1.56666666666667	3.8
13_5	13	C	1	5	other	spk5_1.wav	109	1	1.38867807388	13	0.5	-0.0439330543933054	1.56666666666667	3.8
13_5	13	C	43	5	other	spk5_43.wav	61	2	1.47379493713	13	0.5	-0.244769874476987	1.56666666666667	3.8
13_5	13	C	55	5	other	spk5_55.wav	190	1	2.74342799187	13	0.5	0.294979079497908	1.56666666666667	3.8
13_5	13	C	38	5	other	spk5_38.wav	125	2	1.53875684738	13	0.5	0.0230125523012552	1.56666666666667	3.8
13_5	13	C	54	5	other	spk5_54.wav	152	3	1.82527685165	13	0.5	0.135983263598326	1.56666666666667	3.8
13_5	13	C	18	5	other	spk5_18.wav	32	1	1.9407351017	13	0.5	-0.366108786610879	1.56666666666667	3.8
13_5	13	C	23	5	other	spk5_23.wav	33	3	1.13987493515	13	0.5	-0.361924686192469	1.56666666666667	3.8
13_5	13	C	51	5	other	spk5_51.wav	195	1	1.60403609276	13	0.5	0.315899581589958	1.56666666666667	3.8
13_5	13	C	57	5	other	spk5_57.wav	130	3	0.936697006226	13	0.5	0.0439330543933054	1.56666666666667	3.8
13_5	13	C	53	5	other	spk5_53.wav	11	2	1.60771799088	13	0.5	-0.45397489539749	1.56666666666667	3.8
13_5	13	C	41	5	other	spk5_41.wav	80	2	1.45410203934	13	0.5	-0.165271966527197	1.56666666666667	3.8
13_5	13	C	13	5	other	spk5_13.wav	160	2	1.05498480797	13	0.5	0.169456066945607	1.56666666666667	3.8
13_5	13	C	33	5	other	spk5_33.wav	161	2	1.08852410316	13	0.5	0.173640167364017	1.56666666666667	3.8
13_5	13	C	34	5	other	spk5_34.wav	201	1	0.701946973801	13	0.5	0.341004184100418	1.56666666666667	3.8
13_5	13	C	2	5	other	spk5_2.wav	15	1	1.85483813286	13	0.5	-0.437238493723849	1.56666666666667	3.8
13_5	13	C	6	5	other	spk5_6.wav	82	2	1.22255206108	13	0.5	-0.156903765690377	1.56666666666667	3.8
13_5	13	C	22	5	other	spk5_22.wav	17	1	1.5897500515	13	0.5	-0.428870292887029	1.56666666666667	3.8
13_5	13	C	9	5	other	spk5_9.wav	205	1	0.8879301548	13	0.5	0.357740585774059	1.56666666666667	3.8
13_5	13	C	14	5	other	spk5_14.wav	206	1	1.33822488785	13	0.5	0.361924686192469	1.56666666666667	3.8
13_5	13	C	48	5	other	spk5_48.wav	207	3	1.03950095177	13	0.5	0.366108786610879	1.56666666666667	3.8
13_5	13	C	15	5	other	spk5_15.wav	87	3	2.02580785751	13	0.5	-0.135983263598326	1.56666666666667	3.8
13_5	13	C	40	5	other	spk5_40.wav	88	1	1.3899409771	13	0.5	-0.131799163179916	1.56666666666667	3.8
13_5	13	C	29	5	other	spk5_29.wav	49	2	1.58832907677	13	0.5	-0.294979079497908	1.56666666666667	3.8
13_5	13	C	60	5	other	spk5_60.wav	172	2	1.4889190197	13	0.5	0.219665271966527	1.56666666666667	3.8
13_5	13	C	4	5	other	spk5_4.wav	39	2	1.00381612778	13	0.5	-0.336820083682008	1.56666666666667	3.8
13_5	13	C	11	5	other	spk5_11.wav	187	1	0.670441865921	13	0.5	0.282426778242678	1.56666666666667	3.8
13_5	13	C	31	5	other	spk5_31.wav	214	1	0.90415596962	13	0.5	0.395397489539749	1.56666666666667	3.8
13_5	13	C	35	5	other	spk5_35.wav	28	2	0.751899957657	13	0.5	-0.382845188284519	1.56666666666667	3.8
13_5	13	C	12	5	other	spk5_12.wav	176	2	1.32057380676	13	0.5	0.236401673640167	1.56666666666667	3.8
13_5	13	C	50	5	other	spk5_50.wav	164	1	1.37408304214	13	0.5	0.186192468619247	1.56666666666667	3.8
13_5	13	C	52	5	other	spk5_52.wav	57	2	1.01943707466	13	0.5	-0.261506276150628	1.56666666666667	3.8
13_5	13	C	19	5	other	spk5_19.wav	98	2	0.921938896179	13	0.5	-0.0899581589958159	1.56666666666667	3.8
13_5	13	C	42	5	other	spk5_42.wav	220	1	0.604210138321	13	0.5	0.420502092050209	1.56666666666667	3.8
13_5	13	C	27	5	other	spk5_27.wav	20	2	1.42254900932	13	0.5	-0.416317991631799	1.56666666666667	3.8
13_5	13	C	36	5	other	spk5_36.wav	182	2	1.17054200172	13	0.5	0.261506276150628	1.56666666666667	3.8
13_5	13	C	17	5	other	spk5_17.wav	22	2	1.21980786324	13	0.5	-0.407949790794979	1.56666666666667	3.8
13_5	13	C	16	5	other	spk5_16.wav	23	2	1.37260198593	13	0.5	-0.403765690376569	1.56666666666667	3.8
13_5	13	C	25	5	other	spk5_25.wav	212	1	1.03613901138	13	0.5	0.387029288702929	1.56666666666667	3.8
13_5	13	C	7	5	other	spk5_7.wav	200	2	1.4056789875	13	0.5	0.336820083682008	1.56666666666667	3.8
13_5	13	C	32	5	other	spk5_32.wav	106	3	1.48998093605	13	0.5	-0.0564853556485356	1.56666666666667	3.8
13_5	13	C	56	5	other	spk5_56.wav	94	1	1.0892188549	13	0.5	-0.106694560669456	1.56666666666667	3.8
13_5	13	C	21	5	other	spk5_21.wav	68	2	0.470633983612	13	0.5	-0.215481171548117	1.56666666666667	3.8
13_5	13	C	26	5	other	spk5_26.wav	230	1	2.3919301033	13	0.5	0.46234309623431	1.56666666666667	3.8
13_5	13	C	46	5	other	spk5_46.wav	30	2	1.63986110687	13	0.5	-0.374476987447699	1.56666666666667	3.8
13_5	13	C	3	5	other	spk5_3.wav	111	2	0.888027906418	13	0.5	-0.0355648535564854	1.56666666666667	3.8
13_5	13	C	45	5	other	spk5_45.wav	193	1	0.537394046783	13	0.5	0.307531380753138	1.56666666666667	3.8
13_5	13	C	44	5	other	spk5_44.wav	113	3	1.77179813385	13	0.5	-0.0271966527196653	1.56666666666667	3.8
13_5	13	C	49	5	other	spk5_49.wav	235	2	0.972104072571	13	0.5	0.48326359832636	1.56666666666667	3.8
13_5	13	C	5	5	other	spk5_5.wav	35	1	0.954890966415	13	0.5	-0.353556485355649	1.56666666666667	3.8
13_5	13	C	59	5	other	spk5_59.wav	116	1	0.988660097122	13	0.5	-0.0146443514644352	1.56666666666667	3.8
13_5	13	C	8	5	other	spk5_8.wav	238	1	0.672419071198	13	0.5	0.49581589958159	1.56666666666667	3.8
13_5	13	C	37	5	other	spk5_37.wav	78	1	1.77124190331	13	0.5	-0.173640167364017	1.56666666666667	3.8
13_8	13	C	55	8	other	spk8_55.wav	0	2	2.05644798279	13	0.5	-0.5	1.56666666666667	3.2
13_8	13	C	1	8	other	spk8_1.wav	1	1	1.95703911781	13	0.5	-0.49581589958159	1.56666666666667	3.2
13_8	13	C	32	8	other	spk8_32.wav	2	2	1.72196006775	13	0.5	-0.49163179916318	1.56666666666667	3.2
13_8	13	C	11	8	other	spk8_11.wav	29	2	0.804748058319	13	0.5	-0.378661087866109	1.56666666666667	3.2
13_8	13	C	22	8	other	spk8_22.wav	44	2	0.537081956863	13	0.5	-0.315899581589958	1.56666666666667	3.2
13_8	13	C	46	8	other	spk8_46.wav	5	2	1.60443687439	13	0.5	-0.47907949790795	1.56666666666667	3.2
13_8	13	C	21	8	other	spk8_21.wav	6	1	0.78550195694	13	0.5	-0.47489539748954	1.56666666666667	3.2
13_8	13	C	37	8	other	spk8_37.wav	7	1	2.02220392227	13	0.5	-0.47071129707113	1.56666666666667	3.2
13_8	13	C	49	8	other	spk8_49.wav	129	1	0.403496980667	13	0.5	0.0397489539748954	1.56666666666667	3.2
13_8	13	C	40	8	other	spk8_40.wav	183	1	0.705847024918	13	0.5	0.265690376569038	1.56666666666667	3.2
13_8	13	C	34	8	other	spk8_34.wav	10	1	0.952776193619	13	0.5	-0.4581589958159	1.56666666666667	3.2
13_8	13	C	10	8	other	spk8_10.wav	51	2	1.63985681534	13	0.5	-0.286610878661088	1.56666666666667	3.2
13_8	13	C	18	8	other	spk8_18.wav	12	1	1.40637016296	13	0.5	-0.449790794979079	1.56666666666667	3.2
13_8	13	C	2	8	other	spk8_2.wav	13	2	0.703670024872	13	0.5	-0.445606694560669	1.56666666666667	3.2
13_8	13	C	47	8	other	spk8_47.wav	215	2	1.05622005463	13	0.5	0.399581589958159	1.56666666666667	3.2
13_8	13	C	50	8	other	spk8_50.wav	136	1	1.57373404503	13	0.5	0.0690376569037657	1.56666666666667	3.2
13_8	13	C	23	8	other	spk8_23.wav	163	1	2.4754588604	13	0.5	0.182008368200837	1.56666666666667	3.2
13_8	13	C	59	8	other	spk8_59.wav	178	2	0.906006097794	13	0.5	0.244769874476987	1.56666666666667	3.2
13_8	13	C	16	8	other	spk8_16.wav	218	2	0.335500001907	13	0.5	0.412133891213389	1.56666666666667	3.2
13_8	13	C	26	8	other	spk8_26.wav	140	1	0.334372997284	13	0.5	0.0857740585774058	1.56666666666667	3.2
13_8	13	C	53	8	other	spk8_53.wav	181	2	1.28916692734	13	0.5	0.257322175732218	1.56666666666667	3.2
13_8	13	C	27	8	other	spk8_27.wav	142	2	0.371530056	13	0.5	0.0941422594142259	1.56666666666667	3.2
13_8	13	C	56	8	other	spk8_56.wav	196	1	1.1903719902	13	0.5	0.320083682008368	1.56666666666667	3.2
13_8	13	C	57	8	other	spk8_57.wav	144	2	0.471621990204	13	0.5	0.102510460251046	1.56666666666667	3.2
13_8	13	C	12	8	other	spk8_12.wav	145	1	0.819314956665	13	0.5	0.106694560669456	1.56666666666667	3.2
13_8	13	C	45	8	other	spk8_45.wav	186	1	0.438091993332	13	0.5	0.278242677824268	1.56666666666667	3.2
13_8	13	C	33	8	other	spk8_33.wav	147	3	1.38965582848	13	0.5	0.115062761506276	1.56666666666667	3.2
13_8	13	C	39	8	other	spk8_39.wav	107	1	0.737642049789	13	0.5	-0.0523012552301255	1.56666666666667	3.2
13_8	13	C	38	8	other	spk8_38.wav	202	2	1.75708818436	13	0.5	0.345188284518828	1.56666666666667	3.2
13_8	13	C	35	8	other	spk8_35.wav	55	2	0.953563213348	13	0.5	-0.269874476987448	1.56666666666667	3.2
13_8	13	C	24	8	other	spk8_24.wav	231	1	1.94009590149	13	0.5	0.46652719665272	1.56666666666667	3.2
13_8	13	C	58	8	other	spk8_58.wav	71	3	0.638585090637	13	0.5	-0.202928870292887	1.56666666666667	3.2
13_8	13	C	6	8	other	spk8_6.wav	112	1	0.905791044235	13	0.5	-0.0313807531380753	1.56666666666667	3.2
13_8	13	C	13	8	other	spk8_13.wav	194	2	0.469614028931	13	0.5	0.311715481171548	1.56666666666667	3.2
13_8	13	C	29	8	other	spk8_29.wav	34	2	1.12267398834	13	0.5	-0.357740585774059	1.56666666666667	3.2
13_8	13	C	9	8	other	spk8_9.wav	169	2	1.02195882797	13	0.5	0.207112970711297	1.56666666666667	3.2
13_8	13	C	44	8	other	spk8_44.wav	157	2	0.672151088715	13	0.5	0.156903765690377	1.56666666666667	3.2
13_8	13	C	48	8	other	spk8_48.wav	158	2	1.35609102249	13	0.5	0.161087866108787	1.56666666666667	3.2
13_8	13	C	28	8	other	spk8_28.wav	38	1	2.10790085793	13	0.5	-0.341004184100418	1.56666666666667	3.2
13_8	13	C	41	8	other	spk8_41.wav	117	1	0.620817899704	13	0.5	-0.0104602510460251	1.56666666666667	3.2
13_8	13	C	31	8	other	spk8_31.wav	97	1	1.15329885483	13	0.5	-0.0941422594142259	1.56666666666667	3.2
13_8	13	C	17	8	other	spk8_17.wav	165	1	0.671993017197	13	0.5	0.190376569037657	1.56666666666667	3.2
13_8	13	C	7	8	other	spk8_7.wav	46	2	1.90714097023	13	0.5	-0.307531380753138	1.56666666666667	3.2
13_8	13	C	5	8	other	spk8_5.wav	127	1	0.98765206337	13	0.5	0.0313807531380753	1.56666666666667	3.2
13_8	13	C	19	8	other	spk8_19.wav	74	1	2.74268698692	13	0.5	-0.190376569037657	1.56666666666667	3.2
13_8	13	C	36	8	other	spk8_36.wav	223	1	0.0859971046448	13	0.5	0.433054393305439	1.56666666666667	3.2
13_8	13	C	3	8	other	spk8_3.wav	63	1	0.871548175812	13	0.5	-0.236401673640167	1.56666666666667	3.2
13_8	13	C	42	8	other	spk8_42.wav	225	1	0.720938920975	13	0.5	0.441422594142259	1.56666666666667	3.2
13_8	13	C	20	8	other	spk8_20.wav	180	2	0.953886032104	13	0.5	0.253138075313807	1.56666666666667	3.2
13_8	13	C	15	8	other	spk8_15.wav	167	1	1.30558800697	13	0.5	0.198744769874477	1.56666666666667	3.2
13_8	13	C	14	8	other	spk8_14.wav	232	2	0.420308828354	13	0.5	0.47071129707113	1.56666666666667	3.2
13_8	13	C	8	8	other	spk8_8.wav	59	1	1.18895196915	13	0.5	-0.253138075313807	1.56666666666667	3.2
13_8	13	C	4	8	other	spk8_4.wav	77	2	0.789216995239	13	0.5	-0.177824267782427	1.56666666666667	3.2
13_8	13	C	51	8	other	spk8_51.wav	234	1	0.451130867004	13	0.5	0.47907949790795	1.56666666666667	3.2
13_8	13	C	54	8	other	spk8_54.wav	236	3	0.904702186584	13	0.5	0.48744769874477	1.56666666666667	3.2
13_8	13	C	43	8	other	spk8_43.wav	237	2	1.30517101288	13	0.5	0.49163179916318	1.56666666666667	3.2
13_8	13	C	60	8	other	spk8_60.wav	192	1	1.68994307518	13	0.5	0.303347280334728	1.56666666666667	3.2
13_8	13	C	52	8	other	spk8_52.wav	103	2	1.75673794746	13	0.5	-0.0690376569037657	1.56666666666667	3.2
13_8	13	C	30	8	other	spk8_30.wav	233	1	0.887356996536	13	0.5	0.47489539748954	1.56666666666667	3.2
13_8	13	C	25	8	other	spk8_25.wav	114	2	0.31992816925	13	0.5	-0.0230125523012552	1.56666666666667	3.2
15_1	15	E	58	1	other	spk1_58.wav	0	2	7.80500912666	15	0.5	-0.5	1.93333333333333	4.7
15_1	15	E	20	1	other	spk1_20.wav	122	4	1.07220196724	15	0.5	0.0104602510460251	1.93333333333333	4.7
15_1	15	E	4	1	other	spk1_4.wav	162	5	1.98987793922	15	0.5	0.177824267782427	1.93333333333333	4.7
15_1	15	E	8	1	other	spk1_8.wav	204	4	1.65631699562	15	0.5	0.353556485355649	1.93333333333333	4.7
15_1	15	E	60	1	other	spk1_60.wav	165	3	2.29088711739	15	0.5	0.190376569037657	1.93333333333333	4.7
15_1	15	E	48	1	other	spk1_48.wav	126	3	6.73615407944	15	0.5	0.0271966527196653	1.93333333333333	4.7
15_1	15	E	26	1	other	spk1_26.wav	46	3	2.0738658905	15	0.5	-0.307531380753138	1.93333333333333	4.7
15_1	15	E	7	1	other	spk1_7.wav	167	4	1.52096295357	15	0.5	0.198744769874477	1.93333333333333	4.7
15_1	15	E	12	1	other	spk1_12.wav	48	3	5.4160888195	15	0.5	-0.299163179916318	1.93333333333333	4.7
15_1	15	E	25	1	other	spk1_25.wav	89	1	1.83800911903	15	0.5	-0.127615062761506	1.93333333333333	4.7
15_1	15	E	19	1	other	spk1_19.wav	171	1	1.68987011909	15	0.5	0.215481171548117	1.93333333333333	4.7
15_1	15	E	54	1	other	spk1_54.wav	91	4	3.29301810265	15	0.5	-0.119246861924686	1.93333333333333	4.7
15_1	15	E	31	1	other	spk1_31.wav	52	2	6.65105986595	15	0.5	-0.282426778242678	1.93333333333333	4.7
15_1	15	E	10	1	other	spk1_10.wav	214	2	1.65617394447	15	0.5	0.395397489539749	1.93333333333333	4.7
15_1	15	E	11	1	other	spk1_11.wav	27	4	0.904883146286	15	0.5	-0.387029288702929	1.93333333333333	4.7
15_1	15	E	50	1	other	spk1_50.wav	216	3	0.871767997742	15	0.5	0.403765690376569	1.93333333333333	4.7
15_1	15	E	24	1	other	spk1_24.wav	177	2	1.02195000648	15	0.5	0.240585774058577	1.93333333333333	4.7
15_1	15	E	59	1	other	spk1_59.wav	17	3	6.75110006332	15	0.5	-0.428870292887029	1.93333333333333	4.7
15_1	15	E	41	1	other	spk1_41.wav	192	2	1.92393708229	15	0.5	0.303347280334728	1.93333333333333	4.7
15_1	15	E	52	1	other	spk1_52.wav	32	6	7.33792185783	15	0.5	-0.366108786610879	1.93333333333333	4.7
15_1	15	E	40	1	other	spk1_40.wav	221	5	0.554027080536	15	0.5	0.424686192468619	1.93333333333333	4.7
15_1	15	E	15	1	other	spk1_15.wav	61	2	2.52362799644	15	0.5	-0.244769874476987	1.93333333333333	4.7
15_1	15	E	1	1	other	spk1_1.wav	183	2	2.9088909626	15	0.5	0.265690376569038	1.93333333333333	4.7
15_1	15	E	13	1	other	spk1_13.wav	157	3	0.970479011536	15	0.5	0.156903765690377	1.93333333333333	4.7
15_1	15	E	29	1	other	spk1_29.wav	24	4	5.07952594757	15	0.5	-0.399581589958159	1.93333333333333	4.7
15_1	15	E	38	1	other	spk1_38.wav	25	1	1.4204928875	15	0.5	-0.395397489539749	1.93333333333333	4.7
15_1	15	E	16	1	other	spk1_16.wav	66	2	2.96005606651	15	0.5	-0.223849372384937	1.93333333333333	4.7
15_1	15	E	51	1	other	spk1_51.wav	160	1	4.26117014885	15	0.5	0.169456066945607	1.93333333333333	4.7
15_1	15	E	33	1	other	spk1_33.wav	68	3	3.44327998161	15	0.5	-0.215481171548117	1.93333333333333	4.7
15_1	15	E	14	1	other	spk1_14.wav	69	3	3.4274430275	15	0.5	-0.211297071129707	1.93333333333333	4.7
15_1	15	E	22	1	other	spk1_22.wav	110	3	3.02408719063	15	0.5	-0.0397489539748954	1.93333333333333	4.7
15_1	15	E	18	1	other	spk1_18.wav	205	4	0.937931060791	15	0.5	0.357740585774059	1.93333333333333	4.7
15_1	15	E	36	1	other	spk1_36.wav	111	4	1.20352482796	15	0.5	-0.0355648535564854	1.93333333333333	4.7
15_1	15	E	30	1	other	spk1_30.wav	154	3	2.80923485756	15	0.5	0.144351464435146	1.93333333333333	4.7
15_1	15	E	45	1	other	spk1_45.wav	34	1	0.969295024872	15	0.5	-0.357740585774059	1.93333333333333	4.7
15_1	15	E	47	1	other	spk1_47.wav	156	1	1.48832201958	15	0.5	0.152719665271967	1.93333333333333	4.7
15_1	15	E	9	1	other	spk1_9.wav	196	2	1.77109289169	15	0.5	0.320083682008368	1.93333333333333	4.7
15_1	15	E	6	1	other	spk1_6.wav	90	2	1.65522313118	15	0.5	-0.123430962343096	1.93333333333333	4.7
15_1	15	E	39	1	other	spk1_39.wav	239	2	1.01963710785	15	0.5	0.5	1.93333333333333	4.7
15_1	15	E	28	1	other	spk1_28.wav	39	2	7.13749790192	15	0.5	-0.336820083682008	1.93333333333333	4.7
15_1	15	E	37	1	other	spk1_37.wav	227	5	0.803521871567	15	0.5	0.449790794979079	1.93333333333333	4.7
15_1	15	E	56	1	other	spk1_56.wav	41	5	6.7696928978	15	0.5	-0.328451882845188	1.93333333333333	4.7
15_1	15	E	49	1	other	spk1_49.wav	228	3	1.35400700569	15	0.5	0.45397489539749	1.93333333333333	4.7
15_1	15	E	44	1	other	spk1_44.wav	189	2	3.49377083778	15	0.5	0.290794979079498	1.93333333333333	4.7
15_1	15	E	2	1	other	spk1_2.wav	190	2	3.76149296761	15	0.5	0.294979079497908	1.93333333333333	4.7
15_1	15	E	34	1	other	spk1_34.wav	114	2	1.50620222092	15	0.5	-0.0230125523012552	1.93333333333333	4.7
15_1	15	E	43	1	other	spk1_43.wav	86	3	7.21836805344	15	0.5	-0.140167364016736	1.93333333333333	4.7
15_1	15	E	53	1	other	spk1_53.wav	234	4	2.74279022217	15	0.5	0.47907949790795	1.93333333333333	4.7
15_1	15	E	32	1	other	spk1_32.wav	74	4	1.9556081295	15	0.5	-0.190376569037657	1.93333333333333	4.7
15_1	15	E	23	1	other	spk1_23.wav	153	3	1.55588388443	15	0.5	0.140167364016736	1.93333333333333	4.7
15_1	15	E	21	1	other	spk1_21.wav	237	3	1.59005689621	15	0.5	0.49163179916318	1.93333333333333	4.7
15_1	15	E	27	1	other	spk1_27.wav	64	1	1.72261500359	15	0.5	-0.232217573221757	1.93333333333333	4.7
15_1	15	E	46	1	other	spk1_46.wav	213	2	2.67377901077	15	0.5	0.391213389121339	1.93333333333333	4.7
15_1	15	E	17	1	other	spk1_17.wav	105	3	1.03839302063	15	0.5	-0.0606694560669456	1.93333333333333	4.7
15_1	15	E	57	1	other	spk1_57.wav	188	2	1.63964605331	15	0.5	0.286610878661088	1.93333333333333	4.7
15_1	15	E	35	1	other	spk1_35.wav	107	4	5.90052986145	15	0.5	-0.0523012552301255	1.93333333333333	4.7
15_1	15	E	42	1	other	spk1_42.wav	233	2	1.50631594658	15	0.5	0.47489539748954	1.93333333333333	4.7
15_1	15	E	5	1	other	spk1_5.wav	104	1	0.787590026855	15	0.5	-0.0648535564853556	1.93333333333333	4.7
15_1	15	E	3	1	other	spk1_3.wav	193	2	4.07688999176	15	0.5	0.307531380753138	1.93333333333333	4.7
15_1	15	E	55	1	other	spk1_55.wav	146	2	1.69072198868	15	0.5	0.110878661087866	1.93333333333333	4.7
15_15	15	E	49	15	self	spk15_49.wav	59	1	0.954492092133	15	-0.5	-0.253138075313807	1.93333333333333	2.3
15_15	15	E	18	15	self	spk15_18.wav	164	3	3.44413304329	15	-0.5	0.186192468619247	1.93333333333333	2.3
15_15	15	E	10	15	self	spk15_10.wav	175	2	5.38319015503	15	-0.5	0.232217573221757	1.93333333333333	2.3
15_15	15	E	11	15	self	spk15_11.wav	45	1	2.30671310425	15	-0.5	-0.311715481171548	1.93333333333333	2.3
15_15	15	E	55	15	self	spk15_55.wav	238	1	0.720537185669	15	-0.5	0.49581589958159	1.93333333333333	2.3
15_15	15	E	6	15	self	spk15_6.wav	58	1	1.02187108994	15	-0.5	-0.257322175732218	1.93333333333333	2.3
15_15	15	E	33	15	self	spk15_33.wav	23	2	5.9509999752	15	-0.5	-0.403765690376569	1.93333333333333	2.3
15_15	15	E	16	15	self	spk15_16.wav	198	1	0.903975963593	15	-0.5	0.328451882845188	1.93333333333333	2.3
15_15	15	E	48	15	self	spk15_48.wav	163	2	0.838055849075	15	-0.5	0.182008368200837	1.93333333333333	2.3
15_15	15	E	1	15	self	spk15_1.wav	137	1	0.669564008713	15	-0.5	0.0732217573221757	1.93333333333333	2.3
15_15	15	E	17	15	self	spk15_17.wav	200	1	1.12130093575	15	-0.5	0.336820083682008	1.93333333333333	2.3
15_15	15	E	12	15	self	spk15_12.wav	98	1	1.45620703697	15	-0.5	-0.0899581589958159	1.93333333333333	2.3
15_15	15	E	35	15	self	spk15_35.wav	99	1	0.903792858124	15	-0.5	-0.0857740585774058	1.93333333333333	2.3
15_15	15	E	5	15	self	spk15_5.wav	128	2	3.51012396812	15	-0.5	0.0355648535564853	1.93333333333333	2.3
15_15	15	E	22	15	self	spk15_22.wav	178	1	0.771148204803	15	-0.5	0.244769874476987	1.93333333333333	2.3
15_15	15	E	44	15	self	spk15_44.wav	9	1	3.69304680824	15	-0.5	-0.46234309623431	1.93333333333333	2.3
15_15	15	E	40	15	self	spk15_40.wav	103	1	0.854533195496	15	-0.5	-0.0690376569037657	1.93333333333333	2.3
15_15	15	E	36	15	self	spk15_36.wav	131	2	3.0105779171	15	-0.5	0.0481171548117155	1.93333333333333	2.3
15_15	15	E	13	15	self	spk15_13.wav	142	1	0.801914930344	15	-0.5	0.0941422594142259	1.93333333333333	2.3
15_15	15	E	42	15	self	spk15_42.wav	12	1	1.90541315079	15	-0.5	-0.449790794979079	1.93333333333333	2.3
15_15	15	E	57	15	self	spk15_57.wav	215	1	0.334281921387	15	-0.5	0.399581589958159	1.93333333333333	2.3
15_15	15	E	3	15	self	spk15_3.wav	55	1	2.85986804962	15	-0.5	-0.269874476987448	1.93333333333333	2.3
15_15	15	E	58	15	self	spk15_58.wav	82	1	1.02160191536	15	-0.5	-0.156903765690377	1.93333333333333	2.3
15_15	15	E	54	15	self	spk15_54.wav	96	2	3.77692198753	15	-0.5	-0.098326359832636	1.93333333333333	2.3
15_15	15	E	51	15	self	spk15_51.wav	4	1	1.53871512413	15	-0.5	-0.48326359832636	1.93333333333333	2.3
15_15	15	E	20	15	self	spk15_20.wav	206	1	0.821128845215	15	-0.5	0.361924686192469	1.93333333333333	2.3
15_15	15	E	38	15	self	spk15_38.wav	141	2	2.85773921013	15	-0.5	0.0899581589958159	1.93333333333333	2.3
15_15	15	E	14	15	self	spk15_14.wav	60	1	1.1893658638	15	-0.5	-0.248953974895398	1.93333333333333	2.3
15_15	15	E	23	15	self	spk15_23.wav	102	1	6.85313200951	15	-0.5	-0.0732217573221757	1.93333333333333	2.3
15_15	15	E	9	15	self	spk15_9.wav	49	1	1.03822207451	15	-0.5	-0.294979079497908	1.93333333333333	2.3
15_15	15	E	43	15	self	spk15_43.wav	62	1	2.70942997932	15	-0.5	-0.240585774058577	1.93333333333333	2.3
15_15	15	E	59	15	self	spk15_59.wav	159	1	0.586771965027	15	-0.5	0.165271966527197	1.93333333333333	2.3
15_15	15	E	15	15	self	spk15_15.wav	186	2	1.05427598953	15	-0.5	0.278242677824268	1.93333333333333	2.3
15_15	15	E	25	15	self	spk15_25.wav	80	1	0.986467123032	15	-0.5	-0.165271966527197	1.93333333333333	2.3
15_15	15	E	56	15	self	spk15_56.wav	81	1	1.171626091	15	-0.5	-0.161087866108787	1.93333333333333	2.3
15_15	15	E	27	15	self	spk15_27.wav	28	1	1.50620794296	15	-0.5	-0.382845188284519	1.93333333333333	2.3
15_15	15	E	39	15	self	spk15_39.wav	150	1	1.10524296761	15	-0.5	0.127615062761506	1.93333333333333	2.3
15_15	15	E	60	15	self	spk15_60.wav	30	2	8.03841495514	15	-0.5	-0.374476987447699	1.93333333333333	2.3
15_15	15	E	29	15	self	spk15_29.wav	83	1	1.55654096603	15	-0.5	-0.152719665271967	1.93333333333333	2.3
15_15	15	E	31	15	self	spk15_31.wav	179	1	4.74642896652	15	-0.5	0.248953974895398	1.93333333333333	2.3
15_15	15	E	47	15	self	spk15_47.wav	219	1	2.55929684639	15	-0.5	0.416317991631799	1.93333333333333	2.3
15_15	15	E	28	15	self	spk15_28.wav	101	1	1.28873801231	15	-0.5	-0.0774058577405858	1.93333333333333	2.3
15_15	15	E	19	15	self	spk15_19.wav	115	1	0.669840097427	15	-0.5	-0.0188284518828452	1.93333333333333	2.3
15_15	15	E	45	15	self	spk15_45.wav	75	1	0.304009199142	15	-0.5	-0.186192468619247	1.93333333333333	2.3
15_15	15	E	4	15	self	spk15_4.wav	223	1	1.03579282761	15	-0.5	0.433054393305439	1.93333333333333	2.3
15_15	15	E	53	15	self	spk15_53.wav	1	1	2.44067406654	15	-0.5	-0.49581589958159	1.93333333333333	2.3
15_15	15	E	8	15	self	spk15_8.wav	119	1	1.05287289619	15	-0.5	-0.002092050209205	1.93333333333333	2.3
15_15	15	E	21	15	self	spk15_21.wav	191	1	1.75729417801	15	-0.5	0.299163179916318	1.93333333333333	2.3
15_15	15	E	50	15	self	spk15_50.wav	187	1	2.057543993	15	-0.5	0.282426778242678	1.93333333333333	2.3
15_15	15	E	26	15	self	spk15_26.wav	232	1	0.787452936172	15	-0.5	0.47071129707113	1.93333333333333	2.3
15_15	15	E	34	15	self	spk15_34.wav	202	1	0.486770153046	15	-0.5	0.345188284518828	1.93333333333333	2.3
15_15	15	E	24	15	self	spk15_24.wav	113	1	1.40334582329	15	-0.5	-0.0271966527196653	1.93333333333333	2.3
15_15	15	E	2	15	self	spk15_2.wav	44	1	1.27394795418	15	-0.5	-0.315899581589958	1.93333333333333	2.3
15_15	15	E	46	15	self	spk15_46.wav	236	1	3.54557108879	15	-0.5	0.48744769874477	1.93333333333333	2.3
15_15	15	E	52	15	self	spk15_52.wav	180	1	0.336388111115	15	-0.5	0.253138075313807	1.93333333333333	2.3
15_15	15	E	37	15	self	spk15_37.wav	185	1	1.70640516281	15	-0.5	0.274058577405858	1.93333333333333	2.3
15_15	15	E	41	15	self	spk15_41.wav	235	1	1.6563539505	15	-0.5	0.48326359832636	1.93333333333333	2.3
15_15	15	E	7	15	self	spk15_7.wav	229	1	0.168267965317	15	-0.5	0.4581589958159	1.93333333333333	2.3
15_15	15	E	30	15	self	spk15_30.wav	73	1	0.819674968719	15	-0.5	-0.194560669456067	1.93333333333333	2.3
15_15	15	E	32	15	self	spk15_32.wav	112	2	1.64047598839	15	-0.5	-0.0313807531380753	1.93333333333333	2.3
15_24	15	E	32	24	other	spk24_32.wav	92	3	4.2463350296	15	0.5	-0.115062761506276	1.93333333333333	3.4
15_24	15	E	33	24	other	spk24_33.wav	15	3	6.90349602699	15	0.5	-0.437238493723849	1.93333333333333	3.4
15_24	15	E	43	24	other	spk24_43.wav	199	1	1.57334280014	15	0.5	0.332635983263598	1.93333333333333	3.4
15_24	15	E	56	24	other	spk24_56.wav	14	1	1.89054894447	15	0.5	-0.441422594142259	1.93333333333333	3.4
15_24	15	E	5	24	other	spk24_5.wav	40	1	1.20286202431	15	0.5	-0.332635983263598	1.93333333333333	3.4
15_24	15	E	39	24	other	spk24_39.wav	127	2	0.937608957291	15	0.5	0.0313807531380753	1.93333333333333	3.4
15_24	15	E	11	24	other	spk24_11.wav	129	3	1.92416286469	15	0.5	0.0397489539748954	1.93333333333333	3.4
15_24	15	E	22	24	other	spk24_22.wav	97	1	0.768782138824	15	0.5	-0.0941422594142259	1.93333333333333	3.4
15_24	15	E	48	24	other	spk24_48.wav	139	3	3.07662391663	15	0.5	0.0815899581589958	1.93333333333333	3.4
15_24	15	E	2	24	other	spk24_2.wav	10	2	3.41138601303	15	0.5	-0.4581589958159	1.93333333333333	3.4
15_24	15	E	14	24	other	spk24_14.wav	50	1	1.27104997635	15	0.5	-0.290794979079498	1.93333333333333	3.4
15_24	15	E	37	24	other	spk24_37.wav	144	1	3.45999503136	15	0.5	0.102510460251046	1.93333333333333	3.4
15_24	15	E	24	24	other	spk24_24.wav	212	1	3.04117202759	15	0.5	0.387029288702929	1.93333333333333	3.4
15_24	15	E	4	24	other	spk24_4.wav	26	1	1.27130794525	15	0.5	-0.391213389121339	1.93333333333333	3.4
15_24	15	E	20	24	other	spk24_20.wav	201	1	0.869530916214	15	0.5	0.341004184100418	1.93333333333333	3.4
15_24	15	E	55	24	other	spk24_55.wav	3	2	3.19258308411	15	0.5	-0.48744769874477	1.93333333333333	3.4
15_24	15	E	60	24	other	spk24_60.wav	203	2	9.42395210266	15	0.5	0.349372384937239	1.93333333333333	3.4
15_24	15	E	36	24	other	spk24_36.wav	151	2	2.17431092262	15	0.5	0.131799163179916	1.93333333333333	3.4
15_24	15	E	23	24	other	spk24_23.wav	138	1	2.59007000923	15	0.5	0.0774058577405857	1.93333333333333	3.4
15_24	15	E	45	24	other	spk24_45.wav	47	2	1.42301511765	15	0.5	-0.303347280334728	1.93333333333333	3.4
15_24	15	E	42	24	other	spk24_42.wav	88	2	5.91705012321	15	0.5	-0.131799163179916	1.93333333333333	3.4
15_24	15	E	35	24	other	spk24_35.wav	22	1	0.953115940094	15	0.5	-0.407949790794979	1.93333333333333	3.4
15_24	15	E	59	24	other	spk24_59.wav	169	1	0.651776790619	15	0.5	0.207112970711297	1.93333333333333	3.4
15_24	15	E	9	24	other	spk24_9.wav	37	1	1.52117204666	15	0.5	-0.345188284518828	1.93333333333333	3.4
15_24	15	E	44	24	other	spk24_44.wav	36	1	1.52131485939	15	0.5	-0.349372384937238	1.93333333333333	3.4
15_24	15	E	1	24	other	spk24_1.wav	158	1	0.603874921799	15	0.5	0.161087866108787	1.93333333333333	3.4
15_24	15	E	49	24	other	spk24_49.wav	118	2	2.64266204834	15	0.5	-0.00627615062761505	1.93333333333333	3.4
15_24	15	E	26	24	other	spk24_26.wav	93	2	2.39153695107	15	0.5	-0.110878661087866	1.93333333333333	3.4
15_24	15	E	46	24	other	spk24_46.wav	135	1	0.702311992645	15	0.5	0.0648535564853556	1.93333333333333	3.4
15_24	15	E	40	24	other	spk24_40.wav	230	1	0.484982013702	15	0.5	0.46234309623431	1.93333333333333	3.4
15_24	15	E	12	24	other	spk24_12.wav	16	2	4.4969959259	15	0.5	-0.433054393305439	1.93333333333333	3.4
15_24	15	E	27	24	other	spk24_27.wav	231	1	0.62006688118	15	0.5	0.46652719665272	1.93333333333333	3.4
15_24	15	E	7	24	other	spk24_7.wav	84	3	3.86245203018	15	0.5	-0.148535564853557	1.93333333333333	3.4
15_24	15	E	58	24	other	spk24_58.wav	87	2	3.1108520031	15	0.5	-0.135983263598326	1.93333333333333	3.4
15_24	15	E	17	24	other	spk24_17.wav	7	4	3.82741713524	15	0.5	-0.47071129707113	1.93333333333333	3.4
15_24	15	E	18	24	other	spk24_18.wav	222	2	4.68125700951	15	0.5	0.428870292887029	1.93333333333333	3.4
15_24	15	E	50	24	other	spk24_50.wav	130	1	0.654268980026	15	0.5	0.0439330543933054	1.93333333333333	3.4
15_24	15	E	29	24	other	spk24_29.wav	170	1	1.12223505974	15	0.5	0.211297071129707	1.93333333333333	3.4
15_24	15	E	31	24	other	spk24_31.wav	35	1	1.60477900505	15	0.5	-0.353556485355649	1.93333333333333	3.4
15_24	15	E	28	24	other	spk24_28.wav	77	1	1.62291193008	15	0.5	-0.177824267782427	1.93333333333333	3.4
15_24	15	E	38	24	other	spk24_38.wav	120	1	3.77864813805	15	0.5	0.002092050209205	1.93333333333333	3.4
15_24	15	E	30	24	other	spk24_30.wav	79	1	4.07895612717	15	0.5	-0.169456066945607	1.93333333333333	3.4
15_24	15	E	21	24	other	spk24_21.wav	54	2	3.90993213654	15	0.5	-0.274058577405858	1.93333333333333	3.4
15_24	15	E	25	24	other	spk24_25.wav	2	2	5.09637904167	15	0.5	-0.49163179916318	1.93333333333333	3.4
15_24	15	E	3	24	other	spk24_3.wav	124	1	0.721049070358	15	0.5	0.0188284518828452	1.93333333333333	3.4
15_24	15	E	47	24	other	spk24_47.wav	57	1	1.82356286049	15	0.5	-0.261506276150628	1.93333333333333	3.4
15_24	15	E	10	24	other	spk24_10.wav	19	1	1.67419290543	15	0.5	-0.420502092050209	1.93333333333333	3.4
15_24	15	E	8	24	other	spk24_8.wav	140	1	0.403322935104	15	0.5	0.0857740585774058	1.93333333333333	3.4
15_24	15	E	52	24	other	spk24_52.wav	168	1	0.419106006622	15	0.5	0.202928870292887	1.93333333333333	3.4
15_24	15	E	16	24	other	spk24_16.wav	195	1	0.369824886322	15	0.5	0.315899581589958	1.93333333333333	3.4
15_24	15	E	53	24	other	spk24_53.wav	197	1	0.753362178802	15	0.5	0.324267782426778	1.93333333333333	3.4
15_24	15	E	6	24	other	spk24_6.wav	148	1	0.685796022415	15	0.5	0.119246861924686	1.93333333333333	3.4
15_24	15	E	13	24	other	spk24_13.wav	94	2	5.14857792854	15	0.5	-0.106694560669456	1.93333333333333	3.4
15_24	15	E	51	24	other	spk24_51.wav	226	1	3.72659897804	15	0.5	0.445606694560669	1.93333333333333	3.4
15_24	15	E	19	24	other	spk24_19.wav	43	1	1.31995105743	15	0.5	-0.320083682008368	1.93333333333333	3.4
15_24	15	E	15	24	other	spk24_15.wav	218	1	0.503723144531	15	0.5	0.412133891213389	1.93333333333333	3.4
15_24	15	E	57	24	other	spk24_57.wav	217	1	0.251108884811	15	0.5	0.407949790794979	1.93333333333333	3.4
15_24	15	E	41	24	other	spk24_41.wav	117	2	10.5124051571	15	0.5	-0.0104602510460251	1.93333333333333	3.4
15_24	15	E	54	24	other	spk24_54.wav	194	1	0.820926904678	15	0.5	0.311715481171548	1.93333333333333	3.4
15_24	15	E	34	24	other	spk24_34.wav	67	1	1.25535607338	15	0.5	-0.219665271966527	1.93333333333333	3.4
15_4	15	E	11	4	other	spk4_11.wav	53	3	1.3728260994	15	0.5	-0.278242677824268	1.93333333333333	4.6
15_4	15	E	53	4	other	spk4_53.wav	13	3	8.63981389999	15	0.5	-0.445606694560669	1.93333333333333	4.6
15_4	15	E	45	4	other	spk4_45.wav	20	2	4.52996206284	15	0.5	-0.416317991631799	1.93333333333333	4.6
15_4	15	E	10	4	other	spk4_10.wav	121	2	11.1138019562	15	0.5	0.00627615062761511	1.93333333333333	4.6
15_4	15	E	17	4	other	spk4_17.wav	11	3	1.75592899323	15	0.5	-0.45397489539749	1.93333333333333	4.6
15_4	15	E	8	4	other	spk4_8.wav	51	3	2.71042108536	15	0.5	-0.286610878661088	1.93333333333333	4.6
15_4	15	E	42	4	other	spk4_42.wav	8	1	2.69260191917	15	0.5	-0.46652719665272	1.93333333333333	4.6
15_4	15	E	33	4	other	spk4_33.wav	134	2	2.25861787796	15	0.5	0.0606694560669456	1.93333333333333	4.6
15_4	15	E	56	4	other	spk4_56.wav	136	3	3.57828903198	15	0.5	0.0690376569037657	1.93333333333333	4.6
15_4	15	E	38	4	other	spk4_38.wav	132	2	6.58334708214	15	0.5	0.0523012552301255	1.93333333333333	4.6
15_4	15	E	46	4	other	spk4_46.wav	29	2	9.39128494263	15	0.5	-0.378661087866109	1.93333333333333	4.6
15_4	15	E	7	4	other	spk4_7.wav	5	2	6.65104913712	15	0.5	-0.47907949790795	1.93333333333333	4.6
15_4	15	E	48	4	other	spk4_48.wav	166	2	2.32529377937	15	0.5	0.194560669456067	1.93333333333333	4.6
15_4	15	E	12	4	other	spk4_12.wav	6	1	4.17763090134	15	0.5	-0.47489539748954	1.93333333333333	4.6
15_4	15	E	24	4	other	spk4_24.wav	181	3	1.67516803741	15	0.5	0.257322175732218	1.93333333333333	4.6
15_4	15	E	43	4	other	spk4_43.wav	21	3	4.96441817284	15	0.5	-0.412133891213389	1.93333333333333	4.6
15_4	15	E	26	4	other	spk4_26.wav	63	1	8.15631890297	15	0.5	-0.236401673640167	1.93333333333333	4.6
15_4	15	E	27	4	other	spk4_27.wav	184	4	0.569708108902	15	0.5	0.269874476987448	1.93333333333333	4.6
15_4	15	E	40	4	other	spk4_40.wav	145	4	1.08921599388	15	0.5	0.106694560669456	1.93333333333333	4.6
15_4	15	E	34	4	other	spk4_34.wav	133	2	2.44192290306	15	0.5	0.0564853556485355	1.93333333333333	4.6
15_4	15	E	39	4	other	spk4_39.wav	147	1	4.68097400665	15	0.5	0.115062761506276	1.93333333333333	4.6
15_4	15	E	3	4	other	spk4_3.wav	161	3	3.27716588974	15	0.5	0.173640167364017	1.93333333333333	4.6
15_4	15	E	50	4	other	spk4_50.wav	123	2	1.18926596642	15	0.5	0.0146443514644351	1.93333333333333	4.6
15_4	15	E	23	4	other	spk4_23.wav	42	1	1.87374782562	15	0.5	-0.324267782426778	1.93333333333333	4.6
15_4	15	E	20	4	other	spk4_20.wav	31	4	2.07171106339	15	0.5	-0.370292887029289	1.93333333333333	4.6
15_4	15	E	35	4	other	spk4_35.wav	152	3	8.55771398544	15	0.5	0.135983263598326	1.93333333333333	4.6
15_4	15	E	36	4	other	spk4_36.wav	85	4	1.40614390373	15	0.5	-0.144351464435146	1.93333333333333	4.6
15_4	15	E	9	4	other	spk4_9.wav	207	2	1.35588693619	15	0.5	0.366108786610879	1.93333333333333	4.6
15_4	15	E	5	4	other	spk4_5.wav	208	3	1.15290403366	15	0.5	0.370292887029289	1.93333333333333	4.6
15_4	15	E	15	4	other	spk4_15.wav	209	3	2.54265189171	15	0.5	0.374476987447699	1.93333333333333	4.6
15_4	15	E	6	4	other	spk4_6.wav	76	3	2.32553315163	15	0.5	-0.182008368200837	1.93333333333333	4.6
15_4	15	E	28	4	other	spk4_28.wav	211	2	0.854463815689	15	0.5	0.382845188284519	1.93333333333333	4.6
15_4	15	E	44	4	other	spk4_44.wav	38	1	8.03771018982	15	0.5	-0.341004184100418	1.93333333333333	4.6
15_4	15	E	22	4	other	spk4_22.wav	173	4	1.87280201912	15	0.5	0.223849372384937	1.93333333333333	4.6
15_4	15	E	14	4	other	spk4_14.wav	174	4	1.38845896721	15	0.5	0.228033472803347	1.93333333333333	4.6
15_4	15	E	51	4	other	spk4_51.wav	176	3	1.10532999039	15	0.5	0.236401673640167	1.93333333333333	4.6
15_4	15	E	37	4	other	spk4_37.wav	95	3	3.39442896843	15	0.5	-0.102510460251046	1.93333333333333	4.6
15_4	15	E	30	4	other	spk4_30.wav	56	4	1.89051198959	15	0.5	-0.265690376569038	1.93333333333333	4.6
15_4	15	E	2	4	other	spk4_2.wav	125	3	1.32235407829	15	0.5	0.0230125523012552	1.93333333333333	4.6
15_4	15	E	16	4	other	spk4_16.wav	18	3	3.04411315918	15	0.5	-0.424686192468619	1.93333333333333	4.6
15_4	15	E	32	4	other	spk4_32.wav	220	3	1.38823390007	15	0.5	0.420502092050209	1.93333333333333	4.6
15_4	15	E	21	4	other	spk4_21.wav	100	3	0.82032084465	15	0.5	-0.0815899581589958	1.93333333333333	4.6
15_4	15	E	58	4	other	spk4_58.wav	182	5	4.0797419548	15	0.5	0.261506276150628	1.93333333333333	4.6
15_4	15	E	52	4	other	spk4_52.wav	210	1	3.99568009377	15	0.5	0.378661087866109	1.93333333333333	4.6
15_4	15	E	18	4	other	spk4_18.wav	224	3	0.954586029053	15	0.5	0.437238493723849	1.93333333333333	4.6
15_4	15	E	54	4	other	spk4_54.wav	172	3	1.65453886986	15	0.5	0.219665271966527	1.93333333333333	4.6
15_4	15	E	13	4	other	spk4_13.wav	65	3	1.97199606895	15	0.5	-0.228033472803347	1.93333333333333	4.6
15_4	15	E	49	4	other	spk4_49.wav	106	4	7.15456390381	15	0.5	-0.0564853556485356	1.93333333333333	4.6
15_4	15	E	1	4	other	spk4_1.wav	149	3	1.42075896263	15	0.5	0.123430962343096	1.93333333333333	4.6
15_4	15	E	47	4	other	spk4_47.wav	108	5	2.84443998337	15	0.5	-0.0481171548117155	1.93333333333333	4.6
15_4	15	E	19	4	other	spk4_19.wav	109	2	3.29080486298	15	0.5	-0.0439330543933054	1.93333333333333	4.6
15_4	15	E	59	4	other	spk4_59.wav	70	1	1.50601696968	15	0.5	-0.207112970711297	1.93333333333333	4.6
15_4	15	E	4	4	other	spk4_4.wav	71	2	5.73194694519	15	0.5	-0.202928870292887	1.93333333333333	4.6
15_4	15	E	57	4	other	spk4_57.wav	72	2	3.61119699478	15	0.5	-0.198744769874477	1.93333333333333	4.6
15_4	15	E	41	4	other	spk4_41.wav	33	2	3.4113650322	15	0.5	-0.361924686192469	1.93333333333333	4.6
15_4	15	E	60	4	other	spk4_60.wav	155	2	2.52435994148	15	0.5	0.148535564853556	1.93333333333333	4.6
15_4	15	E	55	4	other	spk4_55.wav	143	4	1.23966503143	15	0.5	0.0983263598326359	1.93333333333333	4.6
15_4	15	E	25	4	other	spk4_25.wav	116	2	1.3399848938	15	0.5	-0.0146443514644352	1.93333333333333	4.6
15_4	15	E	29	4	other	spk4_29.wav	225	3	0.770984888077	15	0.5	0.441422594142259	1.93333333333333	4.6
15_4	15	E	31	4	other	spk4_31.wav	78	2	2.59258103371	15	0.5	-0.173640167364017	1.93333333333333	4.6
16_16	16	FALSE	60	16	self	spk16_60.wav	0	2	1.67373895645	16	-0.5	-0.5	2.06666666666667	1.2
16_16	16	FALSE	7	16	self	spk16_7.wav	1	2	1.5394859314	16	-0.5	-0.49581589958159	2.06666666666667	1.2
16_16	16	FALSE	24	16	self	spk16_24.wav	95	1	0.486900806427	16	-0.5	-0.102510460251046	2.06666666666667	1.2
16_16	16	FALSE	53	16	self	spk16_53.wav	3	2	2.69214701653	16	-0.5	-0.48744769874477	2.06666666666667	1.2
16_16	16	FALSE	20	16	self	spk16_20.wav	84	1	0.470050096512	16	-0.5	-0.148535564853557	2.06666666666667	1.2
16_16	16	FALSE	51	16	self	spk16_51.wav	45	1	0.200606822968	16	-0.5	-0.311715481171548	2.06666666666667	1.2
16_16	16	FALSE	10	16	self	spk16_10.wav	6	1	0.737487077713	16	-0.5	-0.47489539748954	2.06666666666667	1.2
16_16	16	FALSE	30	16	self	spk16_30.wav	128	1	0.170578956604	16	-0.5	0.0355648535564853	2.06666666666667	1.2
16_16	16	FALSE	35	16	self	spk16_35.wav	129	2	1.3868060112	16	-0.5	0.0397489539748954	2.06666666666667	1.2
16_16	16	FALSE	8	16	self	spk16_8.wav	49	1	0.470366001129	16	-0.5	-0.294979079497908	2.06666666666667	1.2
16_16	16	FALSE	21	16	self	spk16_21.wav	50	1	1.22222995758	16	-0.5	-0.290794979079498	2.06666666666667	1.2
16_16	16	FALSE	32	16	self	spk16_32.wav	132	1	1.40526199341	16	-0.5	0.0523012552301255	2.06666666666667	1.2
16_16	16	FALSE	54	16	self	spk16_54.wav	65	1	0.952223062515	16	-0.5	-0.228033472803347	2.06666666666667	1.2
16_16	16	FALSE	5	16	self	spk16_5.wav	13	2	0.921534061432	16	-0.5	-0.445606694560669	2.06666666666667	1.2
16_16	16	FALSE	25	16	self	spk16_25.wav	14	1	0.620963096619	16	-0.5	-0.441422594142259	2.06666666666667	1.2
16_16	16	FALSE	31	16	self	spk16_31.wav	149	1	0.353832006454	16	-0.5	0.123430962343096	2.06666666666667	1.2
16_16	16	FALSE	45	16	self	spk16_45.wav	56	1	0.201642036438	16	-0.5	-0.265690376569038	2.06666666666667	1.2
16_16	16	FALSE	22	16	self	spk16_22.wav	151	1	0.453751802444	16	-0.5	0.131799163179916	2.06666666666667	1.2
16_16	16	FALSE	47	16	self	spk16_47.wav	31	3	1.28889894485	16	-0.5	-0.370292887029289	2.06666666666667	1.2
16_16	16	FALSE	34	16	self	spk16_34.wav	19	2	0.935997962952	16	-0.5	-0.420502092050209	2.06666666666667	1.2
16_16	16	FALSE	27	16	self	spk16_27.wav	20	1	1.1029548645	16	-0.5	-0.416317991631799	2.06666666666667	1.2
16_16	16	FALSE	14	16	self	spk16_14.wav	21	1	1.45624804497	16	-0.5	-0.412133891213389	2.06666666666667	1.2
16_16	16	FALSE	37	16	self	spk16_37.wav	222	2	0.586788892746	16	-0.5	0.428870292887029	2.06666666666667	1.2
16_16	16	FALSE	4	16	self	spk16_4.wav	36	1	0.871968984604	16	-0.5	-0.349372384937238	2.06666666666667	1.2
16_16	16	FALSE	9	16	self	spk16_9.wav	24	1	0.117262840271	16	-0.5	-0.399581589958159	2.06666666666667	1.2
16_16	16	FALSE	59	16	self	spk16_59.wav	159	1	0.471249103546	16	-0.5	0.165271966527197	2.06666666666667	1.2
16_16	16	FALSE	33	16	self	spk16_33.wav	147	1	1.12228512764	16	-0.5	0.115062761506276	2.06666666666667	1.2
16_16	16	FALSE	1	16	self	spk16_1.wav	27	1	0.502560853958	16	-0.5	-0.387029288702929	2.06666666666667	1.2
16_16	16	FALSE	6	16	self	spk16_6.wav	81	2	1.43814706802	16	-0.5	-0.161087866108787	2.06666666666667	1.2
16_16	16	FALSE	49	16	self	spk16_49.wav	230	1	0.437710046768	16	-0.5	0.46234309623431	2.06666666666667	1.2
16_16	16	FALSE	42	16	self	spk16_42.wav	216	1	1.27223801613	16	-0.5	0.403765690376569	2.06666666666667	1.2
16_16	16	FALSE	58	16	self	spk16_58.wav	70	2	0.568631887436	16	-0.5	-0.207112970711297	2.06666666666667	1.2
16_16	16	FALSE	41	16	self	spk16_41.wav	71	1	0.702880144119	16	-0.5	-0.202928870292887	2.06666666666667	1.2
16_16	16	FALSE	12	16	self	spk16_12.wav	154	1	0.7211830616	16	-0.5	0.144351464435146	2.06666666666667	1.2
16_16	16	FALSE	50	16	self	spk16_50.wav	155	1	0.353502988815	16	-0.5	0.148535564853556	2.06666666666667	1.2
16_16	16	FALSE	40	16	self	spk16_40.wav	156	1	0.0865969657898	16	-0.5	0.152719665271967	2.06666666666667	1.2
16_16	16	FALSE	46	16	self	spk16_46.wav	89	1	0.687129974365	16	-0.5	-0.127615062761506	2.06666666666667	1.2
16_16	16	FALSE	38	16	self	spk16_38.wav	237	1	0.0689678192139	16	-0.5	0.49163179916318	2.06666666666667	1.2
16_16	16	FALSE	2	16	self	spk16_2.wav	91	1	0.804856061935	16	-0.5	-0.119246861924686	2.06666666666667	1.2
16_16	16	FALSE	39	16	self	spk16_39.wav	199	1	0.453809976578	16	-0.5	0.332635983263598	2.06666666666667	1.2
16_16	16	FALSE	17	16	self	spk16_17.wav	161	1	0.654714107513	16	-0.5	0.173640167364017	2.06666666666667	1.2
16_16	16	FALSE	23	16	self	spk16_23.wav	54	1	0.569219827652	16	-0.5	-0.274058577405858	2.06666666666667	1.2
16_16	16	FALSE	16	16	self	spk16_16.wav	108	1	0.737710952759	16	-0.5	-0.0481171548117155	2.06666666666667	1.2
16_16	16	FALSE	44	16	self	spk16_44.wav	148	1	1.15628814697	16	-0.5	0.119246861924686	2.06666666666667	1.2
16_16	16	FALSE	55	16	self	spk16_55.wav	169	1	0.270107030869	16	-0.5	0.207112970711297	2.06666666666667	1.2
16_16	16	FALSE	36	16	self	spk16_36.wav	88	1	0.587126016617	16	-0.5	-0.131799163179916	2.06666666666667	1.2
16_16	16	FALSE	57	16	self	spk16_57.wav	86	1	0.652876853943	16	-0.5	-0.140167364016736	2.06666666666667	1.2
16_16	16	FALSE	26	16	self	spk16_26.wav	168	1	0.601953029633	16	-0.5	0.202928870292887	2.06666666666667	1.2
16_16	16	FALSE	48	16	self	spk16_48.wav	181	1	0.687566995621	16	-0.5	0.257322175732218	2.06666666666667	1.2
16_16	16	FALSE	43	16	self	spk16_43.wav	61	1	1.15395689011	16	-0.5	-0.244769874476987	2.06666666666667	1.2
16_16	16	FALSE	3	16	self	spk16_3.wav	210	1	0.754921913147	16	-0.5	0.378661087866109	2.06666666666667	1.2
16_16	16	FALSE	29	16	self	spk16_29.wav	104	3	1.08854603767	16	-0.5	-0.0648535564853556	2.06666666666667	1.2
16_16	16	FALSE	28	16	self	spk16_28.wav	232	1	1.10431599617	16	-0.5	0.47071129707113	2.06666666666667	1.2
16_16	16	FALSE	19	16	self	spk16_19.wav	228	1	0.33654999733	16	-0.5	0.45397489539749	2.06666666666667	1.2
16_16	16	FALSE	52	16	self	spk16_52.wav	134	1	0.888403177261	16	-0.5	0.0606694560669456	2.06666666666667	1.2
16_16	16	FALSE	56	16	self	spk16_56.wav	101	1	0.602607965469	16	-0.5	-0.0774058577405858	2.06666666666667	1.2
16_16	16	FALSE	15	16	self	spk16_15.wav	59	1	0.387380838394	16	-0.5	-0.253138075313807	2.06666666666667	1.2
16_16	16	FALSE	18	16	self	spk16_18.wav	208	1	0.784924983978	16	-0.5	0.370292887029289	2.06666666666667	1.2
16_16	16	FALSE	11	16	self	spk16_11.wav	116	1	0.303052186966	16	-0.5	-0.0146443514644352	2.06666666666667	1.2
16_16	16	FALSE	13	16	self	spk16_13.wav	207	1	0.754911184311	16	-0.5	0.366108786610879	2.06666666666667	1.2
16_19	16	FALSE	18	19	other	spk19_18.wav	32	2	0.587383985519	16	0.5	-0.366108786610879	2.06666666666667	2.4
16_19	16	FALSE	52	19	other	spk19_52.wav	139	2	1.18831300735	16	0.5	0.0815899581589958	2.06666666666667	2.4
16_19	16	FALSE	33	19	other	spk19_33.wav	93	3	0.820894002914	16	0.5	-0.110878661087866	2.06666666666667	2.4
16_19	16	FALSE	15	19	other	spk19_15.wav	39	1	0.70371222496	16	0.5	-0.336820083682008	2.06666666666667	2.4
16_19	16	FALSE	24	19	other	spk19_24.wav	4	2	0.954257011414	16	0.5	-0.48326359832636	2.06666666666667	2.4
16_19	16	FALSE	41	19	other	spk19_41.wav	17	1	0.920513153076	16	0.5	-0.428870292887029	2.06666666666667	2.4
16_19	16	FALSE	27	19	other	spk19_27.wav	92	1	0.871009111404	16	0.5	-0.115062761506276	2.06666666666667	2.4
16_19	16	FALSE	54	19	other	spk19_54.wav	85	3	1.79101610184	16	0.5	-0.144351464435146	2.06666666666667	2.4
16_19	16	FALSE	47	19	other	spk19_47.wav	52	3	1.32230091095	16	0.5	-0.282426778242678	2.06666666666667	2.4
16_19	16	FALSE	35	19	other	spk19_35.wav	204	1	1.17246198654	16	0.5	0.353556485355649	2.06666666666667	2.4
16_19	16	FALSE	39	19	other	spk19_39.wav	106	1	0.554234981537	16	0.5	-0.0564853556485356	2.06666666666667	2.4
16_19	16	FALSE	6	19	other	spk19_6.wav	2	2	1.72316002846	16	0.5	-0.49163179916318	2.06666666666667	2.4
16_19	16	FALSE	28	19	other	spk19_28.wav	82	1	0.668403148651	16	0.5	-0.156903765690377	2.06666666666667	2.4
16_19	16	FALSE	42	19	other	spk19_42.wav	73	1	0.687664031982	16	0.5	-0.194560669456067	2.06666666666667	2.4
16_19	16	FALSE	25	19	other	spk19_25.wav	57	1	0.68547296524	16	0.5	-0.261506276150628	2.06666666666667	2.4
16_19	16	FALSE	11	19	other	spk19_11.wav	98	1	0.269942045212	16	0.5	-0.0899581589958159	2.06666666666667	2.4
16_19	16	FALSE	3	19	other	spk19_3.wav	48	1	0.73602604866	16	0.5	-0.299163179916318	2.06666666666667	2.4
16_19	16	FALSE	12	19	other	spk19_12.wav	238	1	0.420205116272	16	0.5	0.49581589958159	2.06666666666667	2.4
16_19	16	FALSE	4	19	other	spk19_4.wav	105	1	0.102289199829	16	0.5	-0.0606694560669456	2.06666666666667	2.4
16_19	16	FALSE	30	19	other	spk19_30.wav	79	1	0.637094974518	16	0.5	-0.169456066945607	2.06666666666667	2.4
16_19	16	FALSE	23	19	other	spk19_23.wav	80	1	1.3707048893	16	0.5	-0.165271966527197	2.06666666666667	2.4
16_19	16	FALSE	59	19	other	spk19_59.wav	121	1	0.736419916153	16	0.5	0.00627615062761511	2.06666666666667	2.4
16_19	16	FALSE	55	19	other	spk19_55.wav	29	2	1.03865599632	16	0.5	-0.378661087866109	2.06666666666667	2.4
16_19	16	FALSE	37	19	other	spk19_37.wav	203	1	1.45309591293	16	0.5	0.349372384937239	2.06666666666667	2.4
16_19	16	FALSE	58	19	other	spk19_58.wav	165	1	1.97281312943	16	0.5	0.190376569037657	2.06666666666667	2.4
16_19	16	FALSE	36	19	other	spk19_36.wav	192	1	0.401233911514	16	0.5	0.303347280334728	2.06666666666667	2.4
16_19	16	FALSE	19	19	other	spk19_19.wav	166	1	1.42301893234	16	0.5	0.194560669456067	2.06666666666667	2.4
16_19	16	FALSE	46	19	other	spk19_46.wav	195	1	1.02063512802	16	0.5	0.315899581589958	2.06666666666667	2.4
16_19	16	FALSE	13	19	other	spk19_13.wav	103	1	0.735517978668	16	0.5	-0.0690376569037657	2.06666666666667	2.4
16_19	16	FALSE	43	19	other	spk19_43.wav	183	1	1.30566501617	16	0.5	0.265690376569038	2.06666666666667	2.4
16_19	16	FALSE	1	19	other	spk19_1.wav	90	1	1.45402503014	16	0.5	-0.123430962343096	2.06666666666667	2.4
16_19	16	FALSE	9	19	other	spk19_9.wav	171	1	0.152466058731	16	0.5	0.215481171548117	2.06666666666667	2.4
16_19	16	FALSE	22	19	other	spk19_22.wav	11	1	0.119580030441	16	0.5	-0.45397489539749	2.06666666666667	2.4
16_19	16	FALSE	31	19	other	spk19_31.wav	173	1	2.15801787376	16	0.5	0.223849372384937	2.06666666666667	2.4
16_19	16	FALSE	8	19	other	spk19_8.wav	26	2	0.92208480835	16	0.5	-0.391213389121339	2.06666666666667	2.4
16_19	16	FALSE	29	19	other	spk19_29.wav	215	1	0.838610887527	16	0.5	0.399581589958159	2.06666666666667	2.4
16_19	16	FALSE	53	19	other	spk19_53.wav	137	1	1.27215003967	16	0.5	0.0732217573221757	2.06666666666667	2.4
16_19	16	FALSE	34	19	other	spk19_34.wav	229	1	0.168658971786	16	0.5	0.4581589958159	2.06666666666667	2.4
16_19	16	FALSE	2	19	other	spk19_2.wav	124	2	0.554480791092	16	0.5	0.0188284518828452	2.06666666666667	2.4
16_19	16	FALSE	20	19	other	spk19_20.wav	76	1	1.20497393608	16	0.5	-0.182008368200837	2.06666666666667	2.4
16_19	16	FALSE	51	19	other	spk19_51.wav	100	2	1.07170391083	16	0.5	-0.0815899581589958	2.06666666666667	2.4
16_19	16	FALSE	7	19	other	spk19_7.wav	143	2	2.04173493385	16	0.5	0.0983263598326359	2.06666666666667	2.4
16_19	16	FALSE	40	19	other	spk19_40.wav	34	1	0.136698961258	16	0.5	-0.357740585774059	2.06666666666667	2.4
16_19	16	FALSE	60	19	other	spk19_60.wav	213	1	1.15529990196	16	0.5	0.391213389121339	2.06666666666667	2.4
16_19	16	FALSE	57	19	other	spk19_57.wav	185	1	0.668870925903	16	0.5	0.274058577405858	2.06666666666667	2.4
16_19	16	FALSE	48	19	other	spk19_48.wav	211	1	0.554829835892	16	0.5	0.382845188284519	2.06666666666667	2.4
16_19	16	FALSE	17	19	other	spk19_17.wav	186	2	0.286514997482	16	0.5	0.278242677824268	2.06666666666667	2.4
16_19	16	FALSE	49	19	other	spk19_49.wav	60	1	1.67337298393	16	0.5	-0.248953974895398	2.06666666666667	2.4
16_19	16	FALSE	56	19	other	spk19_56.wav	227	1	0.336952924728	16	0.5	0.449790794979079	2.06666666666667	2.4
16_19	16	FALSE	26	19	other	spk19_26.wav	190	1	0.53468298912	16	0.5	0.294979079497908	2.06666666666667	2.4
16_19	16	FALSE	44	19	other	spk19_44.wav	115	1	0.3690969944	16	0.5	-0.0188284518828452	2.06666666666667	2.4
16_19	16	FALSE	16	19	other	spk19_16.wav	78	3	0.585844993591	16	0.5	-0.173640167364017	2.06666666666667	2.4
16_19	16	FALSE	45	19	other	spk19_45.wav	142	1	0.253012180328	16	0.5	0.0941422594142259	2.06666666666667	2.4
16_19	16	FALSE	50	19	other	spk19_50.wav	153	1	0.986665010452	16	0.5	0.140167364016736	2.06666666666667	2.4
16_19	16	FALSE	38	19	other	spk19_38.wav	206	1	0.404349088669	16	0.5	0.361924686192469	2.06666666666667	2.4
16_19	16	FALSE	32	19	other	spk19_32.wav	114	2	1.52248501778	16	0.5	-0.0230125523012552	2.06666666666667	2.4
16_19	16	FALSE	21	19	other	spk19_21.wav	226	2	0.418215036392	16	0.5	0.445606694560669	2.06666666666667	2.4
16_19	16	FALSE	14	19	other	spk19_14.wav	35	2	0.972255945206	16	0.5	-0.353556485355649	2.06666666666667	2.4
16_19	16	FALSE	10	19	other	spk19_10.wav	33	2	0.705395936966	16	0.5	-0.361924686192469	2.06666666666667	2.4
16_19	16	FALSE	5	19	other	spk19_5.wav	221	2	1.30635499954	16	0.5	0.424686192468619	2.06666666666667	2.4
16_3	16	FALSE	45	3	other	spk3_45.wav	97	2	0.41882610321	16	0.5	-0.0941422594142259	2.06666666666667	3
16_3	16	FALSE	8	3	other	spk3_8.wav	179	1	0.553807973862	16	0.5	0.248953974895398	2.06666666666667	3
16_3	16	FALSE	3	3	other	spk3_3.wav	146	1	0.336668014526	16	0.5	0.110878661087866	2.06666666666667	3
16_3	16	FALSE	54	3	other	spk3_54.wav	5	3	1.18829798698	16	0.5	-0.47907949790795	2.06666666666667	3
16_3	16	FALSE	50	3	other	spk3_50.wav	72	2	0.953616142273	16	0.5	-0.198744769874477	2.06666666666667	3
16_3	16	FALSE	43	3	other	spk3_43.wav	122	3	2.5923371315	16	0.5	0.0104602510460251	2.06666666666667	3
16_3	16	FALSE	10	3	other	spk3_10.wav	202	1	1.57386207581	16	0.5	0.345188284518828	2.06666666666667	3
16_3	16	FALSE	38	3	other	spk3_38.wav	110	2	0.184279918671	16	0.5	-0.0397489539748954	2.06666666666667	3
16_3	16	FALSE	29	3	other	spk3_29.wav	58	2	1.3224260807	16	0.5	-0.257322175732218	2.06666666666667	3
16_3	16	FALSE	4	3	other	spk3_4.wav	125	1	0.269884109497	16	0.5	0.0230125523012552	2.06666666666667	3
16_3	16	FALSE	55	3	other	spk3_55.wav	158	1	0.754893064499	16	0.5	0.161087866108787	2.06666666666667	3
16_3	16	FALSE	36	3	other	spk3_36.wav	239	1	1.20489597321	16	0.5	0.5	2.06666666666667	3
16_3	16	FALSE	59	3	other	spk3_59.wav	12	4	0.90563583374	16	0.5	-0.449790794979079	2.06666666666667	3
16_3	16	FALSE	21	3	other	spk3_21.wav	15	3	1.49005699158	16	0.5	-0.437238493723849	2.06666666666667	3
16_3	16	FALSE	9	3	other	spk3_9.wav	135	1	0.835989952087	16	0.5	0.0648535564853556	2.06666666666667	3
16_3	16	FALSE	33	3	other	spk3_33.wav	175	2	0.553629159927	16	0.5	0.232217573221757	2.06666666666667	3
16_3	16	FALSE	15	3	other	spk3_15.wav	164	2	1.00524497032	16	0.5	0.186192468619247	2.06666666666667	3
16_3	16	FALSE	17	3	other	spk3_17.wav	16	2	2.52567195892	16	0.5	-0.433054393305439	2.06666666666667	3
16_3	16	FALSE	58	3	other	spk3_58.wav	178	1	2.22428894043	16	0.5	0.244769874476987	2.06666666666667	3
16_3	16	FALSE	37	3	other	spk3_37.wav	152	3	1.03921699524	16	0.5	0.135983263598326	2.06666666666667	3
16_3	16	FALSE	57	3	other	spk3_57.wav	180	1	0.887348890305	16	0.5	0.253138075313807	2.06666666666667	3
16_3	16	FALSE	35	3	other	spk3_35.wav	23	3	1.22235679626	16	0.5	-0.403765690376569	2.06666666666667	3
16_3	16	FALSE	14	3	other	spk3_14.wav	62	2	0.954349994659	16	0.5	-0.240585774058577	2.06666666666667	3
16_3	16	FALSE	20	3	other	spk3_20.wav	10	3	0.287527084351	16	0.5	-0.4581589958159	2.06666666666667	3
16_3	16	FALSE	42	3	other	spk3_42.wav	77	1	1.60665893555	16	0.5	-0.177824267782427	2.06666666666667	3
16_3	16	FALSE	46	3	other	spk3_46.wav	145	2	0.804553985596	16	0.5	0.106694560669456	2.06666666666667	3
16_3	16	FALSE	16	3	other	spk3_16.wav	160	1	1.83801317215	16	0.5	0.169456066945607	2.06666666666667	3
16_3	16	FALSE	24	3	other	spk3_24.wav	201	1	0.670324087143	16	0.5	0.341004184100418	2.06666666666667	3
16_3	16	FALSE	27	3	other	spk3_27.wav	189	3	0.102699995041	16	0.5	0.290794979079498	2.06666666666667	3
16_3	16	FALSE	28	3	other	spk3_28.wav	96	2	0.835756063461	16	0.5	-0.098326359832636	2.06666666666667	3
16_3	16	FALSE	5	3	other	spk3_5.wav	109	3	1.28909897804	16	0.5	-0.0439330543933054	2.06666666666667	3
16_3	16	FALSE	2	3	other	spk3_2.wav	30	3	0.685338020325	16	0.5	-0.374476987447699	2.06666666666667	3
16_3	16	FALSE	34	3	other	spk3_34.wav	218	1	1.07263207436	16	0.5	0.412133891213389	2.06666666666667	3
16_3	16	FALSE	12	3	other	spk3_12.wav	126	1	1.48934197426	16	0.5	0.0271966527196653	2.06666666666667	3
16_3	16	FALSE	47	3	other	spk3_47.wav	87	2	0.955119132996	16	0.5	-0.135983263598326	2.06666666666667	3
16_3	16	FALSE	32	3	other	spk3_32.wav	9	4	0.804537057877	16	0.5	-0.46234309623431	2.06666666666667	3
16_3	16	FALSE	19	3	other	spk3_19.wav	8	2	0.871395111084	16	0.5	-0.46652719665272	2.06666666666667	3
16_3	16	FALSE	18	3	other	spk3_18.wav	130	2	0.954879999161	16	0.5	0.0439330543933054	2.06666666666667	3
16_3	16	FALSE	51	3	other	spk3_51.wav	172	1	1.58894085884	16	0.5	0.219665271966527	2.06666666666667	3
16_3	16	FALSE	25	3	other	spk3_25.wav	119	2	1.23738789558	16	0.5	-0.002092050209205	2.06666666666667	3
16_3	16	FALSE	44	3	other	spk3_44.wav	53	2	1.02082800865	16	0.5	-0.278242677824268	2.06666666666667	3
16_3	16	FALSE	1	3	other	spk3_1.wav	174	3	1.53970694542	16	0.5	0.228033472803347	2.06666666666667	3
16_3	16	FALSE	49	3	other	spk3_49.wav	94	2	1.75470280647	16	0.5	-0.106694560669456	2.06666666666667	3
16_3	16	FALSE	31	3	other	spk3_31.wav	136	1	0.384809017181	16	0.5	0.0690376569037657	2.06666666666667	3
16_3	16	FALSE	13	3	other	spk3_13.wav	83	1	1.22083711624	16	0.5	-0.152719665271967	2.06666666666667	3
16_3	16	FALSE	53	3	other	spk3_53.wav	231	2	2.0409450531	16	0.5	0.46652719665272	2.06666666666667	3
16_3	16	FALSE	30	3	other	spk3_30.wav	236	2	0.803017139435	16	0.5	0.48744769874477	2.06666666666667	3
16_3	16	FALSE	26	3	other	spk3_26.wav	170	2	0.671069145203	16	0.5	0.211297071129707	2.06666666666667	3
16_3	16	FALSE	52	3	other	spk3_52.wav	75	2	3.49380397797	16	0.5	-0.186192468619247	2.06666666666667	3
16_3	16	FALSE	60	3	other	spk3_60.wav	102	2	0.721307992935	16	0.5	-0.0732217573221757	2.06666666666667	3
16_3	16	FALSE	11	3	other	spk3_11.wav	74	1	0.537580013275	16	0.5	-0.190376569037657	2.06666666666667	3
16_3	16	FALSE	23	3	other	spk3_23.wav	214	2	1.38941717148	16	0.5	0.395397489539749	2.06666666666667	3
16_3	16	FALSE	56	3	other	spk3_56.wav	212	1	1.90708804131	16	0.5	0.387029288702929	2.06666666666667	3
16_3	16	FALSE	41	3	other	spk3_41.wav	187	3	0.52118396759	16	0.5	0.282426778242678	2.06666666666667	3
16_3	16	FALSE	6	3	other	spk3_6.wav	38	3	1.1728348732	16	0.5	-0.341004184100418	2.06666666666667	3
16_3	16	FALSE	39	3	other	spk3_39.wav	141	2	1.03934311867	16	0.5	0.0899581589958159	2.06666666666667	3
16_3	16	FALSE	48	3	other	spk3_48.wav	28	3	2.09103918076	16	0.5	-0.382845188284519	2.06666666666667	3
16_3	16	FALSE	7	3	other	spk3_7.wav	217	1	1.1730530262	16	0.5	0.407949790794979	2.06666666666667	3
16_3	16	FALSE	40	3	other	spk3_40.wav	194	2	2.12503600121	16	0.5	0.311715481171548	2.06666666666667	3
16_3	16	FALSE	22	3	other	spk3_22.wav	131	2	0.486736059189	16	0.5	0.0481171548117155	2.06666666666667	3
16_6	16	FALSE	17	6	other	spk6_17.wav	113	2	2.27356386185	16	0.5	-0.0271966527196653	2.06666666666667	4.4
16_6	16	FALSE	5	6	other	spk6_5.wav	127	3	0.0025680065155	16	0.5	0.0313807531380753	2.06666666666667	4.4
16_6	16	FALSE	19	6	other	spk6_19.wav	140	4	2.25570988655	16	0.5	0.0857740585774058	2.06666666666667	4.4
16_6	16	FALSE	2	6	other	spk6_2.wav	41	3	0.72142291069	16	0.5	-0.328451882845188	2.06666666666667	4.4
16_6	16	FALSE	32	6	other	spk6_32.wav	18	5	0.770825862885	16	0.5	-0.424686192468619	2.06666666666667	4.4
16_6	16	FALSE	60	6	other	spk6_60.wav	37	4	1.87394499779	16	0.5	-0.345188284518828	2.06666666666667	4.4
16_6	16	FALSE	28	6	other	spk6_28.wav	99	3	0.6866710186	16	0.5	-0.0857740585774058	2.06666666666667	4.4
16_6	16	FALSE	13	6	other	spk6_13.wav	144	1	1.72380280495	16	0.5	0.102510460251046	2.06666666666667	4.4
16_6	16	FALSE	51	6	other	spk6_51.wav	42	2	0.788078784943	16	0.5	-0.324267782426778	2.06666666666667	4.4
16_6	16	FALSE	45	6	other	spk6_45.wav	123	3	0.420298099518	16	0.5	0.0146443514644351	2.06666666666667	4.4
16_6	16	FALSE	15	6	other	spk6_15.wav	150	2	1.95681405067	16	0.5	0.127615062761506	2.06666666666667	4.4
16_6	16	FALSE	29	6	other	spk6_29.wav	67	3	1.0706050396	16	0.5	-0.219665271966527	2.06666666666667	4.4
16_6	16	FALSE	22	6	other	spk6_22.wav	112	3	0.485134840012	16	0.5	-0.0313807531380753	2.06666666666667	4.4
16_6	16	FALSE	55	6	other	spk6_55.wav	193	3	0.653084039688	16	0.5	0.307531380753138	2.06666666666667	4.4
16_6	16	FALSE	18	6	other	spk6_18.wav	7	3	0.787631034851	16	0.5	-0.47071129707113	2.06666666666667	4.4
16_6	16	FALSE	39	6	other	spk6_39.wav	44	3	0.0694310665131	16	0.5	-0.315899581589958	2.06666666666667	4.4
16_6	16	FALSE	59	6	other	spk6_59.wav	22	4	0.503717899323	16	0.5	-0.407949790794979	2.06666666666667	4.4
16_6	16	FALSE	27	6	other	spk6_27.wav	184	2	1.27258396149	16	0.5	0.269874476987448	2.06666666666667	4.4
16_6	16	FALSE	24	6	other	spk6_24.wav	64	1	0.40363907814	16	0.5	-0.232217573221757	2.06666666666667	4.4
16_6	16	FALSE	7	6	other	spk6_7.wav	120	3	0.58533000946	16	0.5	0.002092050209205	2.06666666666667	4.4
16_6	16	FALSE	30	6	other	spk6_30.wav	200	1	2.75921607018	16	0.5	0.336820083682008	2.06666666666667	4.4
16_6	16	FALSE	8	6	other	spk6_8.wav	188	1	0.704365968704	16	0.5	0.286610878661088	2.06666666666667	4.4
16_6	16	FALSE	48	6	other	spk6_48.wav	162	2	1.92448711395	16	0.5	0.177824267782427	2.06666666666667	4.4
16_6	16	FALSE	37	6	other	spk6_37.wav	163	2	1.2557477951	16	0.5	0.182008368200837	2.06666666666667	4.4
16_6	16	FALSE	14	6	other	spk6_14.wav	43	2	0.603473901749	16	0.5	-0.320083682008368	2.06666666666667	4.4
16_6	16	FALSE	23	6	other	spk6_23.wav	205	2	0.586813926697	16	0.5	0.357740585774059	2.06666666666667	4.4
16_6	16	FALSE	49	6	other	spk6_49.wav	46	3	1.20317411423	16	0.5	-0.307531380753138	2.06666666666667	4.4
16_6	16	FALSE	33	6	other	spk6_33.wav	167	3	0.169429063797	16	0.5	0.198744769874477	2.06666666666667	4.4
16_6	16	FALSE	38	6	other	spk6_38.wav	63	3	1.08823990822	16	0.5	-0.236401673640167	2.06666666666667	4.4
16_6	16	FALSE	34	6	other	spk6_34.wav	209	2	1.84046387672	16	0.5	0.374476987447699	2.06666666666667	4.4
16_6	16	FALSE	31	6	other	spk6_31.wav	157	3	0.250406980515	16	0.5	0.156903765690377	2.06666666666667	4.4
16_6	16	FALSE	40	6	other	spk6_40.wav	198	3	0.587619066238	16	0.5	0.328451882845188	2.06666666666667	4.4
16_6	16	FALSE	3	6	other	spk6_3.wav	51	1	0.536888122559	16	0.5	-0.286610878661088	2.06666666666667	4.4
16_6	16	FALSE	11	6	other	spk6_11.wav	133	3	1.3214969635	16	0.5	0.0564853556485355	2.06666666666667	4.4
16_6	16	FALSE	26	6	other	spk6_26.wav	40	1	1.13923406601	16	0.5	-0.332635983263598	2.06666666666667	4.4
16_6	16	FALSE	25	6	other	spk6_25.wav	55	3	0.804626941681	16	0.5	-0.269874476987448	2.06666666666667	4.4
16_6	16	FALSE	9	6	other	spk6_9.wav	176	2	0.20273900032	16	0.5	0.236401673640167	2.06666666666667	4.4
16_6	16	FALSE	4	6	other	spk6_4.wav	177	1	0.836346149445	16	0.5	0.240585774058577	2.06666666666667	4.4
16_6	16	FALSE	42	6	other	spk6_42.wav	138	1	3.96317005157	16	0.5	0.0774058577405857	2.06666666666667	4.4
16_6	16	FALSE	35	6	other	spk6_35.wav	219	3	1.62331104279	16	0.5	0.416317991631799	2.06666666666667	4.4
16_6	16	FALSE	43	6	other	spk6_43.wav	220	2	2.09116792679	16	0.5	0.420502092050209	2.06666666666667	4.4
16_6	16	FALSE	10	6	other	spk6_10.wav	47	2	1.73934698105	16	0.5	-0.303347280334728	2.06666666666667	4.4
16_6	16	FALSE	1	6	other	spk6_1.wav	182	3	2.50693011284	16	0.5	0.261506276150628	2.06666666666667	4.4
16_6	16	FALSE	16	6	other	spk6_16.wav	223	3	0.970607995987	16	0.5	0.433054393305439	2.06666666666667	4.4
16_6	16	FALSE	12	6	other	spk6_12.wav	224	3	0.654425144196	16	0.5	0.437238493723849	2.06666666666667	4.4
16_6	16	FALSE	53	6	other	spk6_53.wav	225	2	1.30605506897	16	0.5	0.441422594142259	2.06666666666667	4.4
16_6	16	FALSE	6	6	other	spk6_6.wav	25	5	0.30269408226	16	0.5	-0.395397489539749	2.06666666666667	4.4
16_6	16	FALSE	50	6	other	spk6_50.wav	66	1	0.734866142273	16	0.5	-0.223849372384937	2.06666666666667	4.4
16_6	16	FALSE	58	6	other	spk6_58.wav	107	3	2.5926721096	16	0.5	-0.0523012552301255	2.06666666666667	4.4
16_6	16	FALSE	46	6	other	spk6_46.wav	68	3	1.00342702866	16	0.5	-0.215481171548117	2.06666666666667	4.4
16_6	16	FALSE	44	6	other	spk6_44.wav	69	3	0.503987789154	16	0.5	-0.211297071129707	2.06666666666667	4.4
16_6	16	FALSE	54	6	other	spk6_54.wav	191	2	1.13954806328	16	0.5	0.299163179916318	2.06666666666667	4.4
16_6	16	FALSE	36	6	other	spk6_36.wav	111	3	4.0278840065	16	0.5	-0.0355648535564854	2.06666666666667	4.4
16_6	16	FALSE	57	6	other	spk6_57.wav	233	2	0.336746931076	16	0.5	0.47489539748954	2.06666666666667	4.4
16_6	16	FALSE	21	6	other	spk6_21.wav	234	2	0.585580825806	16	0.5	0.47907949790795	2.06666666666667	4.4
16_6	16	FALSE	52	6	other	spk6_52.wav	235	3	0.48836183548	16	0.5	0.48326359832636	2.06666666666667	4.4
16_6	16	FALSE	47	6	other	spk6_47.wav	196	4	1.47254681587	16	0.5	0.320083682008368	2.06666666666667	4.4
16_6	16	FALSE	41	6	other	spk6_41.wav	197	2	0.80343914032	16	0.5	0.324267782426778	2.06666666666667	4.4
16_6	16	FALSE	20	6	other	spk6_20.wav	117	3	0.38702082634	16	0.5	-0.0104602510460251	2.06666666666667	4.4
16_6	16	FALSE	56	6	other	spk6_56.wav	118	2	0.585619926453	16	0.5	-0.00627615062761505	2.06666666666667	4.4
17_17	17	A	48	17	self	spk17_48.wav	0	2	0.637236118317	17	-0.5	-0.5	2.4	1.7
17_17	17	A	25	17	self	spk17_25.wav	1	1	0.988810062408	17	-0.5	-0.49581589958159	2.4	1.7
17_17	17	A	53	17	self	spk17_53.wav	229	2	1.11939382553	17	-0.5	0.4581589958159	2.4	1.7
17_17	17	A	9	17	self	spk17_9.wav	124	2	1.99052095413	17	-0.5	0.0188284518828452	2.4	1.7
17_17	17	A	10	17	self	spk17_10.wav	4	3	1.00363588333	17	-0.5	-0.48326359832636	2.4	1.7
17_17	17	A	40	17	self	spk17_40.wav	166	2	1.22193217278	17	-0.5	0.194560669456067	2.4	1.7
17_17	17	A	59	17	self	spk17_59.wav	6	2	0.720160007477	17	-0.5	-0.47489539748954	2.4	1.7
17_17	17	A	3	17	self	spk17_3.wav	20	1	0.838092803955	17	-0.5	-0.416317991631799	2.4	1.7
17_17	17	A	21	17	self	spk17_21.wav	169	1	0.604378938675	17	-0.5	0.207112970711297	2.4	1.7
17_17	17	A	15	17	self	spk17_15.wav	130	3	0.40336894989	17	-0.5	0.0439330543933054	2.4	1.7
17_17	17	A	31	17	self	spk17_31.wav	171	2	0.837904930115	17	-0.5	0.215481171548117	2.4	1.7
17_17	17	A	18	17	self	spk17_18.wav	11	2	1.05514907837	17	-0.5	-0.45397489539749	2.4	1.7
17_17	17	A	34	17	self	spk17_34.wav	12	2	0.971746921539	17	-0.5	-0.449790794979079	2.4	1.7
17_17	17	A	6	17	self	spk17_6.wav	227	2	0.285970926285	17	-0.5	0.449790794979079	2.4	1.7
17_17	17	A	20	17	self	spk17_20.wav	135	3	1.10481595993	17	-0.5	0.0648535564853556	2.4	1.7
17_17	17	A	13	17	self	spk17_13.wav	162	4	1.89060997963	17	-0.5	0.177824267782427	2.4	1.7
17_17	17	A	42	17	self	spk17_42.wav	56	2	0.737469911575	17	-0.5	-0.265690376569038	2.4	1.7
17_17	17	A	35	17	self	spk17_35.wav	17	2	1.02077007294	17	-0.5	-0.428870292887029	2.4	1.7
17_17	17	A	55	17	self	spk17_55.wav	58	4	1.53857398033	17	-0.5	-0.257322175732218	2.4	1.7
17_17	17	A	32	17	self	spk17_32.wav	59	2	1.89135789871	17	-0.5	-0.253138075313807	2.4	1.7
17_17	17	A	43	17	self	spk17_43.wav	193	1	1.38978910446	17	-0.5	0.307531380753138	2.4	1.7
17_17	17	A	39	17	self	spk17_39.wav	21	2	0.871138811111	17	-0.5	-0.412133891213389	2.4	1.7
17_17	17	A	37	17	self	spk17_37.wav	62	4	2.27465486526	17	-0.5	-0.240585774058577	2.4	1.7
17_17	17	A	30	17	self	spk17_30.wav	23	2	0.469833135605	17	-0.5	-0.403765690376569	2.4	1.7
17_17	17	A	4	17	self	spk17_4.wav	104	2	0.604100942612	17	-0.5	-0.0648535564853556	2.4	1.7
17_17	17	A	57	17	self	spk17_57.wav	105	2	0.267717123032	17	-0.5	-0.0606694560669456	2.4	1.7
17_17	17	A	5	17	self	spk17_5.wav	200	3	0.720927000046	17	-0.5	0.336820083682008	2.4	1.7
17_17	17	A	19	17	self	spk17_19.wav	107	3	1.23931002617	17	-0.5	-0.0523012552301255	2.4	1.7
17_17	17	A	45	17	self	spk17_45.wav	72	1	0.169095039368	17	-0.5	-0.198744769874477	2.4	1.7
17_17	17	A	47	17	self	spk17_47.wav	228	5	1.79027795792	17	-0.5	0.45397489539749	2.4	1.7
17_17	17	A	7	17	self	spk17_7.wav	30	2	0.970762014389	17	-0.5	-0.374476987447699	2.4	1.7
17_17	17	A	60	17	self	spk17_60.wav	71	4	0.820102930069	17	-0.5	-0.202928870292887	2.4	1.7
17_17	17	A	44	17	self	spk17_44.wav	197	1	1.07241797447	17	-0.5	0.324267782426778	2.4	1.7
17_17	17	A	27	17	self	spk17_27.wav	164	2	0.821309089661	17	-0.5	0.186192468619247	2.4	1.7
17_17	17	A	33	17	self	spk17_33.wav	34	2	0.202514886856	17	-0.5	-0.357740585774059	2.4	1.7
17_17	17	A	23	17	self	spk17_23.wav	196	2	1.10324001312	17	-0.5	0.320083682008368	2.4	1.7
17_17	17	A	12	17	self	spk17_12.wav	165	2	1.42044591904	17	-0.5	0.190376569037657	2.4	1.7
17_17	17	A	36	17	self	spk17_36.wav	198	2	0.336740970612	17	-0.5	0.328451882845188	2.4	1.7
17_17	17	A	22	17	self	spk17_22.wav	38	3	1.03665804863	17	-0.5	-0.341004184100418	2.4	1.7
17_17	17	A	29	17	self	spk17_29.wav	172	3	2.34120392799	17	-0.5	0.219665271966527	2.4	1.7
17_17	17	A	41	17	self	spk17_41.wav	182	1	0.771184921265	17	-0.5	0.261506276150628	2.4	1.7
17_17	17	A	24	17	self	spk17_24.wav	138	2	2.24007511139	17	-0.5	0.0774058577405857	2.4	1.7
17_17	17	A	16	17	self	spk17_16.wav	202	2	2.5248939991	17	-0.5	0.345188284518828	2.4	1.7
17_17	17	A	1	17	self	spk17_1.wav	43	2	1.02057790756	17	-0.5	-0.320083682008368	2.4	1.7
17_17	17	A	51	17	self	spk17_51.wav	225	1	1.30465292931	17	-0.5	0.441422594142259	2.4	1.7
17_17	17	A	38	17	self	spk17_38.wav	236	2	0.871124982834	17	-0.5	0.48744769874477	2.4	1.7
17_17	17	A	52	17	self	spk17_52.wav	237	4	0.904574871063	17	-0.5	0.49163179916318	2.4	1.7
17_17	17	A	8	17	self	spk17_8.wav	60	1	1.38925290108	17	-0.5	-0.248953974895398	2.4	1.7
17_17	17	A	50	17	self	spk17_50.wav	217	2	0.770572900772	17	-0.5	0.407949790794979	2.4	1.7
17_17	17	A	56	17	self	spk17_56.wav	218	1	0.436969995499	17	-0.5	0.412133891213389	2.4	1.7
17_17	17	A	28	17	self	spk17_28.wav	232	2	1.03910279274	17	-0.5	0.47071129707113	2.4	1.7
17_17	17	A	14	17	self	spk17_14.wav	51	1	0.971421957016	17	-0.5	-0.286610878661088	2.4	1.7
17_17	17	A	54	17	self	spk17_54.wav	144	2	1.22213697433	17	-0.5	0.102510460251046	2.4	1.7
17_17	17	A	2	17	self	spk17_2.wav	235	2	0.653949975967	17	-0.5	0.48326359832636	2.4	1.7
17_17	17	A	26	17	self	spk17_26.wav	141	2	0.604048967361	17	-0.5	0.0899581589958159	2.4	1.7
17_17	17	A	49	17	self	spk17_49.wav	84	2	2.25848603249	17	-0.5	-0.148535564853557	2.4	1.7
17_17	17	A	11	17	self	spk17_11.wav	121	1	1.42390608788	17	-0.5	0.00627615062761511	2.4	1.7
17_17	17	A	58	17	self	spk17_58.wav	70	2	0.971508979797	17	-0.5	-0.207112970711297	2.4	1.7
17_17	17	A	17	17	self	spk17_17.wav	83	2	1.82326292992	17	-0.5	-0.152719665271967	2.4	1.7
17_17	17	A	46	17	self	spk17_46.wav	100	1	1.0881459713	17	-0.5	-0.0815899581589958	2.4	1.7
17_21	17	A	54	21	other	spk21_54.wav	49	2	0.704061031342	17	0.5	-0.294979079497908	2.4	4.1
17_21	17	A	28	21	other	spk21_28.wav	29	3	1.45623803139	17	0.5	-0.378661087866109	2.4	4.1
17_21	17	A	36	21	other	spk21_36.wav	108	2	0.972635984421	17	0.5	-0.0481171548117155	2.4	4.1
17_21	17	A	4	21	other	spk21_4.wav	110	2	0.403731822968	17	0.5	-0.0397489539748954	2.4	4.1
17_21	17	A	13	21	other	spk21_13.wav	66	2	0.919334888458	17	0.5	-0.223849372384937	2.4	4.1
17_21	17	A	20	21	other	spk21_20.wav	69	3	0.754324913025	17	0.5	-0.211297071129707	2.4	4.1
17_21	17	A	12	21	other	spk21_12.wav	129	5	0.670475959778	17	0.5	0.0397489539748954	2.4	4.1
17_21	17	A	51	21	other	spk21_51.wav	123	2	2.27467703819	17	0.5	0.0146443514644351	2.4	4.1
17_21	17	A	35	21	other	spk21_35.wav	176	1	0.334355115891	17	0.5	0.236401673640167	2.4	4.1
17_21	17	A	9	21	other	spk21_9.wav	10	1	0.584944009781	17	0.5	-0.4581589958159	2.4	4.1
17_21	17	A	41	21	other	spk21_41.wav	203	4	0.502168893814	17	0.5	0.349372384937239	2.4	4.1
17_21	17	A	56	21	other	spk21_56.wav	46	3	1.20463681221	17	0.5	-0.307531380753138	2.4	4.1
17_21	17	A	40	21	other	spk21_40.wav	18	4	0.0702750682831	17	0.5	-0.424686192468619	2.4	4.1
17_21	17	A	59	21	other	spk21_59.wav	26	2	0.604006052017	17	0.5	-0.391213389121339	2.4	4.1
17_21	17	A	38	21	other	spk21_38.wav	47	4	0.317780971527	17	0.5	-0.303347280334728	2.4	4.1
17_21	17	A	5	21	other	spk21_5.wav	189	2	1.3052520752	17	0.5	0.290794979079498	2.4	4.1
17_21	17	A	29	21	other	spk21_29.wav	199	4	1.90723395348	17	0.5	0.332635983263598	2.4	4.1
17_21	17	A	31	21	other	spk21_31.wav	152	1	0.804357051849	17	0.5	0.135983263598326	2.4	4.1
17_21	17	A	24	21	other	spk21_24.wav	215	3	0.303009986877	17	0.5	0.399581589958159	2.4	4.1
17_21	17	A	60	21	other	spk21_60.wav	86	4	0.419955015182	17	0.5	-0.140167364016736	2.4	4.1
17_21	17	A	19	21	other	spk21_19.wav	41	6	0.836826086044	17	0.5	-0.328451882845188	2.4	4.1
17_21	17	A	11	21	other	spk21_11.wav	89	4	0.537214040756	17	0.5	-0.127615062761506	2.4	4.1
17_21	17	A	52	21	other	spk21_52.wav	157	2	1.15369796753	17	0.5	0.156903765690377	2.4	4.1
17_21	17	A	16	21	other	spk21_16.wav	210	3	0.352662086487	17	0.5	0.378661087866109	2.4	4.1
17_21	17	A	42	21	other	spk21_42.wav	19	2	0.620385885239	17	0.5	-0.420502092050209	2.4	4.1
17_21	17	A	27	21	other	spk21_27.wav	131	4	2.14097809792	17	0.5	0.0481171548117155	2.4	4.1
17_21	17	A	22	21	other	spk21_22.wav	146	3	1.25549697876	17	0.5	0.110878661087866	2.4	4.1
17_21	17	A	3	21	other	spk21_3.wav	187	1	0.00249314308167	17	0.5	0.282426778242678	2.4	4.1
17_21	17	A	48	21	other	spk21_48.wav	80	2	0.452831983566	17	0.5	-0.165271966527197	2.4	4.1
17_21	17	A	7	21	other	spk21_7.wav	67	3	0.802540063858	17	0.5	-0.219665271966527	2.4	4.1
17_21	17	A	37	21	other	spk21_37.wav	150	3	1.45576095581	17	0.5	0.127615062761506	2.4	4.1
17_21	17	A	30	21	other	spk21_30.wav	32	3	0.250687837601	17	0.5	-0.366108786610879	2.4	4.1
17_21	17	A	26	21	other	spk21_26.wav	220	1	0.286601066589	17	0.5	0.420502092050209	2.4	4.1
17_21	17	A	15	21	other	spk21_15.wav	154	2	0.752061843872	17	0.5	0.144351464435146	2.4	4.1
17_21	17	A	6	21	other	spk21_6.wav	88	3	1.99050593376	17	0.5	-0.131799163179916	2.4	4.1
17_21	17	A	25	21	other	spk21_25.wav	48	3	0.770834207535	17	0.5	-0.299163179916318	2.4	4.1
17_21	17	A	10	21	other	spk21_10.wav	143	6	0.754726171494	17	0.5	0.0983263598326359	2.4	4.1
17_21	17	A	49	21	other	spk21_49.wav	76	2	0.754129886627	17	0.5	-0.182008368200837	2.4	4.1
17_21	17	A	8	21	other	spk21_8.wav	103	2	1.07073807716	17	0.5	-0.0690376569037657	2.4	4.1
17_21	17	A	23	21	other	spk21_23.wav	25	4	0.603928089142	17	0.5	-0.395397489539749	2.4	4.1
17_21	17	A	45	21	other	spk21_45.wav	120	2	2.75953698158	17	0.5	0.002092050209205	2.4	4.1
17_21	17	A	17	21	other	spk21_17.wav	53	2	0.0859010219574	17	0.5	-0.278242677824268	2.4	4.1
17_21	17	A	34	21	other	spk21_34.wav	5	2	0.620536088943	17	0.5	-0.47907949790795	2.4	4.1
17_21	17	A	1	21	other	spk21_1.wav	180	3	0.837785959244	17	0.5	0.253138075313807	2.4	4.1
17_21	17	A	33	21	other	spk21_33.wav	219	1	0.133885860443	17	0.5	0.416317991631799	2.4	4.1
17_21	17	A	32	21	other	spk21_32.wav	111	3	0.922157049179	17	0.5	-0.0355648535564854	2.4	4.1
17_21	17	A	2	21	other	spk21_2.wav	183	4	0.518483877182	17	0.5	0.265690376569038	2.4	4.1
17_21	17	A	14	21	other	spk21_14.wav	102	2	0.97207403183	17	0.5	-0.0732217573221757	2.4	4.1
17_21	17	A	43	21	other	spk21_43.wav	208	2	0.319757938385	17	0.5	0.370292887029289	2.4	4.1
17_21	17	A	46	21	other	spk21_46.wav	75	6	1.63987016678	17	0.5	-0.186192468619247	2.4	4.1
17_21	17	A	55	21	other	spk21_55.wav	106	4	0.719496965408	17	0.5	-0.0564853556485356	2.4	4.1
17_21	17	A	18	21	other	spk21_18.wav	204	5	0.771379947662	17	0.5	0.353556485355649	2.4	4.1
17_21	17	A	57	21	other	spk21_57.wav	77	3	1.60440397263	17	0.5	-0.177824267782427	2.4	4.1
17_21	17	A	50	21	other	spk21_50.wav	132	5	1.3555188179	17	0.5	0.0523012552301255	2.4	4.1
17_21	17	A	47	21	other	spk21_47.wav	97	3	1.15566802025	17	0.5	-0.0941422594142259	2.4	4.1
17_21	17	A	21	21	other	spk21_21.wav	153	3	0.818989992142	17	0.5	0.140167364016736	2.4	4.1
17_21	17	A	58	21	other	spk21_58.wav	151	4	0.568368196487	17	0.5	0.131799163179916	2.4	4.1
17_21	17	A	44	21	other	spk21_44.wav	112	4	1.47214794159	17	0.5	-0.0313807531380753	2.4	4.1
17_21	17	A	53	21	other	spk21_53.wav	221	5	0.635200977325	17	0.5	0.424686192468619	2.4	4.1
17_21	17	A	39	21	other	spk21_39.wav	211	4	0.0525958538055	17	0.5	0.382845188284519	2.4	4.1
17_25	17	A	30	25	other	spk25_30.wav	163	2	1.00497984886	17	0.5	0.182008368200837	2.4	3.6
17_25	17	A	16	25	other	spk25_16.wav	109	6	0.720345973969	17	0.5	-0.0439330543933054	2.4	3.6
17_25	17	A	29	25	other	spk25_29.wav	55	4	1.01961278915	17	0.5	-0.269874476987448	2.4	3.6
17_25	17	A	56	25	other	spk25_56.wav	136	2	1.47301197052	17	0.5	0.0690376569037657	2.4	3.6
17_25	17	A	10	25	other	spk25_10.wav	139	5	1.68802809715	17	0.5	0.0815899581589958	2.4	3.6
17_25	17	A	23	25	other	spk25_23.wav	13	3	1.20533800125	17	0.5	-0.445606694560669	2.4	3.6
17_25	17	A	51	25	other	spk25_51.wav	8	3	1.05517315865	17	0.5	-0.46652719665272	2.4	3.6
17_25	17	A	54	25	other	spk25_54.wav	9	2	0.653736114502	17	0.5	-0.46234309623431	2.4	3.6
17_25	17	A	4	25	other	spk25_4.wav	14	4	0.554008960724	17	0.5	-0.441422594142259	2.4	3.6
17_25	17	A	2	25	other	spk25_2.wav	28	5	1.33945083618	17	0.5	-0.382845188284519	2.4	3.6
17_25	17	A	42	25	other	spk25_42.wav	173	2	0.837517976761	17	0.5	0.223849372384937	2.4	3.6
17_25	17	A	50	25	other	spk25_50.wav	15	5	0.721525907516	17	0.5	-0.437238493723849	2.4	3.6
17_25	17	A	44	25	other	spk25_44.wav	31	5	0.270429849625	17	0.5	-0.370292887029289	2.4	3.6
17_25	17	A	12	25	other	spk25_12.wav	127	3	1.17293787003	17	0.5	0.0313807531380753	2.4	3.6
17_25	17	A	33	25	other	spk25_33.wav	190	2	0.73729300499	17	0.5	0.294979079497908	2.4	3.6
17_25	17	A	32	25	other	spk25_32.wav	61	3	1.17066383362	17	0.5	-0.244769874476987	2.4	3.6
17_25	17	A	57	25	other	spk25_57.wav	35	4	0.453505992889	17	0.5	-0.353556485355649	2.4	3.6
17_25	17	A	34	25	other	spk25_34.wav	119	2	0.954700946808	17	0.5	-0.002092050209205	2.4	3.6
17_25	17	A	20	25	other	spk25_20.wav	133	2	0.170114040375	17	0.5	0.0564853556485355	2.4	3.6
17_25	17	A	53	25	other	spk25_53.wav	186	1	0.885716915131	17	0.5	0.278242677824268	2.4	3.6
17_25	17	A	27	25	other	spk25_27.wav	79	4	0.887917041779	17	0.5	-0.169456066945607	2.4	3.6
17_25	17	A	41	25	other	spk25_41.wav	40	2	0.468070983887	17	0.5	-0.332635983263598	2.4	3.6
17_25	17	A	55	25	other	spk25_55.wav	122	2	1.45597314835	17	0.5	0.0104602510460251	2.4	3.6
17_25	17	A	36	25	other	spk25_36.wav	82	1	0.720099925995	17	0.5	-0.156903765690377	2.4	3.6
17_25	17	A	31	25	other	spk25_31.wav	191	2	1.08837509155	17	0.5	0.299163179916318	2.4	3.6
17_25	17	A	46	25	other	spk25_46.wav	85	5	1.65471506119	17	0.5	-0.144351464435146	2.4	3.6
17_25	17	A	24	25	other	spk25_24.wav	206	2	0.620716094971	17	0.5	0.361924686192469	2.4	3.6
17_25	17	A	25	25	other	spk25_25.wav	142	3	0.252417087555	17	0.5	0.0941422594142259	2.4	3.6
17_25	17	A	26	25	other	spk25_26.wav	168	1	1.08873605728	17	0.5	0.202928870292887	2.4	3.6
17_25	17	A	14	25	other	spk25_14.wav	209	2	0.402298927307	17	0.5	0.374476987447699	2.4	3.6
17_25	17	A	5	25	other	spk25_5.wav	36	3	0.35293507576	17	0.5	-0.349372384937238	2.4	3.6
17_25	17	A	19	25	other	spk25_19.wav	159	2	1.00543904305	17	0.5	0.165271966527197	2.4	3.6
17_25	17	A	40	25	other	spk25_40.wav	78	2	0.384282827377	17	0.5	-0.173640167364017	2.4	3.6
17_25	17	A	9	25	other	spk25_9.wav	92	2	0.687343835831	17	0.5	-0.115062761506276	2.4	3.6
17_25	17	A	47	25	other	spk25_47.wav	134	2	1.10487389565	17	0.5	0.0606694560669456	2.4	3.6
17_25	17	A	22	25	other	spk25_22.wav	175	3	0.837270021439	17	0.5	0.232217573221757	2.4	3.6
17_25	17	A	7	25	other	spk25_7.wav	95	1	0.837646007538	17	0.5	-0.102510460251046	2.4	3.6
17_25	17	A	39	25	other	spk25_39.wav	96	2	1.63960719109	17	0.5	-0.098326359832636	2.4	3.6
17_25	17	A	3	25	other	spk25_3.wav	178	4	1.13679695129	17	0.5	0.244769874476987	2.4	3.6
17_25	17	A	48	25	other	spk25_48.wav	98	2	0.652912855148	17	0.5	-0.0899581589958159	2.4	3.6
17_25	17	A	58	25	other	spk25_58.wav	207	2	0.769269943237	17	0.5	0.366108786610879	2.4	3.6
17_25	17	A	17	25	other	spk25_17.wav	101	2	0.704013109207	17	0.5	-0.0774058577405858	2.4	3.6
17_25	17	A	38	25	other	spk25_38.wav	222	2	0.353363990784	17	0.5	0.428870292887029	2.4	3.6
17_25	17	A	8	25	other	spk25_8.wav	170	1	0.518546104431	17	0.5	0.211297071129707	2.4	3.6
17_25	17	A	37	25	other	spk25_37.wav	184	3	1.08788609505	17	0.5	0.269874476987448	2.4	3.6
17_25	17	A	15	25	other	spk25_15.wav	145	3	2.02309918404	17	0.5	0.106694560669456	2.4	3.6
17_25	17	A	60	25	other	spk25_60.wav	226	1	1.13793587685	17	0.5	0.445606694560669	2.4	3.6
17_25	17	A	35	25	other	spk25_35.wav	27	2	0.402725934982	17	0.5	-0.387029288702929	2.4	3.6
17_25	17	A	6	25	other	spk25_6.wav	148	2	0.653809070587	17	0.5	0.119246861924686	2.4	3.6
17_25	17	A	18	25	other	spk25_18.wav	68	5	0.853059053421	17	0.5	-0.215481171548117	2.4	3.6
17_25	17	A	59	25	other	spk25_59.wav	230	1	0.619858026505	17	0.5	0.46234309623431	2.4	3.6
17_25	17	A	21	25	other	spk25_21.wav	231	1	1.03826808929	17	0.5	0.46652719665272	2.4	3.6
17_25	17	A	45	25	other	spk25_45.wav	192	1	2.07455086708	17	0.5	0.303347280334728	2.4	3.6
17_25	17	A	1	25	other	spk25_1.wav	99	2	1.33962988853	17	0.5	-0.0857740585774058	2.4	3.6
17_25	17	A	28	25	other	spk25_28.wav	33	4	0.184062004089	17	0.5	-0.361924686192469	2.4	3.6
17_25	17	A	11	25	other	spk25_11.wav	195	2	0.755383968353	17	0.5	0.315899581589958	2.4	3.6
17_25	17	A	49	25	other	spk25_49.wav	115	1	0.3370449543	17	0.5	-0.0188284518828452	2.4	3.6
17_25	17	A	43	25	other	spk25_43.wav	116	2	0.754076957703	17	0.5	-0.0146443514644352	2.4	3.6
17_25	17	A	52	25	other	spk25_52.wav	37	5	1.42032313347	17	0.5	-0.345188284518828	2.4	3.6
17_25	17	A	13	25	other	spk25_13.wav	239	1	0.118497133255	17	0.5	0.5	2.4	3.6
17_7	17	A	24	7	other	spk7_24.wav	2	4	0.585960865021	17	0.5	-0.49163179916318	2.4	4.6
17_7	17	A	34	7	other	spk7_34.wav	161	3	1.28874611855	17	0.5	0.173640167364017	2.4	4.6
17_7	17	A	58	7	other	spk7_58.wav	216	2	0.82110786438	17	0.5	0.403765690376569	2.4	4.6
17_7	17	A	45	7	other	spk7_45.wav	42	4	0.419842004776	17	0.5	-0.324267782426778	2.4	4.6
17_7	17	A	55	7	other	spk7_55.wav	87	2	1.33954620361	17	0.5	-0.135983263598326	2.4	4.6
17_7	17	A	18	7	other	spk7_18.wav	93	4	0.235185146332	17	0.5	-0.110878661087866	2.4	4.6
17_7	17	A	42	7	other	spk7_42.wav	7	6	1.40446305275	17	0.5	-0.47071129707113	2.4	4.6
17_7	17	A	37	7	other	spk7_37.wav	167	6	1.73856902122	17	0.5	0.198744769874477	2.4	4.6
17_7	17	A	8	7	other	spk7_8.wav	94	2	0.97082901001	17	0.5	-0.106694560669456	2.4	4.6
17_7	17	A	17	7	other	spk7_17.wav	174	5	1.12252879143	17	0.5	0.228033472803347	2.4	4.6
17_7	17	A	51	7	other	spk7_51.wav	54	3	1.2058391571	17	0.5	-0.274058577405858	2.4	4.6
17_7	17	A	53	7	other	spk7_53.wav	90	2	0.938872814178	17	0.5	-0.123430962343096	2.4	4.6
17_7	17	A	36	7	other	spk7_36.wav	140	4	0.954727172852	17	0.5	0.0857740585774058	2.4	4.6
17_7	17	A	41	7	other	spk7_41.wav	73	2	1.13848400116	17	0.5	-0.194560669456067	2.4	4.6
17_7	17	A	11	7	other	spk7_11.wav	147	5	1.40528202057	17	0.5	0.115062761506276	2.4	4.6
17_7	17	A	43	7	other	spk7_43.wav	188	6	1.50692296028	17	0.5	0.286610878661088	2.4	4.6
17_7	17	A	27	7	other	spk7_27.wav	63	5	1.0383310318	17	0.5	-0.236401673640167	2.4	4.6
17_7	17	A	5	7	other	spk7_5.wav	158	3	0.704303979874	17	0.5	0.161087866108787	2.4	4.6
17_7	17	A	7	7	other	spk7_7.wav	118	4	1.0695810318	17	0.5	-0.00627615062761505	2.4	4.6
17_7	17	A	38	7	other	spk7_38.wav	22	4	0.870986938477	17	0.5	-0.407949790794979	2.4	4.6
17_7	17	A	60	7	other	spk7_60.wav	201	6	1.07087492943	17	0.5	0.341004184100418	2.4	4.6
17_7	17	A	59	7	other	spk7_59.wav	160	5	0.953752994537	17	0.5	0.169456066945607	2.4	4.6
17_7	17	A	31	7	other	spk7_31.wav	81	4	0.887863874435	17	0.5	-0.161087866108787	2.4	4.6
17_7	17	A	44	7	other	spk7_44.wav	39	5	0.770195007324	17	0.5	-0.336820083682008	2.4	4.6
17_7	17	A	20	7	other	spk7_20.wav	126	2	1.00457382202	17	0.5	0.0271966527196653	2.4	4.6
17_7	17	A	33	7	other	spk7_33.wav	233	2	1.02217698097	17	0.5	0.47489539748954	2.4	4.6
17_7	17	A	40	7	other	spk7_40.wav	45	6	1.01933097839	17	0.5	-0.311715481171548	2.4	4.6
17_7	17	A	1	7	other	spk7_1.wav	128	2	4.21092200279	17	0.5	0.0355648535564853	2.4	4.6
17_7	17	A	47	7	other	spk7_47.wav	74	4	1.20450997353	17	0.5	-0.190376569037657	2.4	4.6
17_7	17	A	57	7	other	spk7_57.wav	223	4	0.803852081299	17	0.5	0.433054393305439	2.4	4.6
17_7	17	A	54	7	other	spk7_54.wav	224	6	0.636757135391	17	0.5	0.437238493723849	2.4	4.6
17_7	17	A	48	7	other	spk7_48.wav	91	5	0.704509019852	17	0.5	-0.119246861924686	2.4	4.6
17_7	17	A	2	7	other	spk7_2.wav	52	4	0.937609910965	17	0.5	-0.282426778242678	2.4	4.6
17_7	17	A	12	7	other	spk7_12.wav	213	2	0.287001848221	17	0.5	0.391213389121339	2.4	4.6
17_7	17	A	52	7	other	spk7_52.wav	212	2	0.552167892456	17	0.5	0.387029288702929	2.4	4.6
17_7	17	A	26	7	other	spk7_26.wav	149	1	1.15376114845	17	0.5	0.123430962343096	2.4	4.6
17_7	17	A	15	7	other	spk7_15.wav	16	3	1.03839492798	17	0.5	-0.433054393305439	2.4	4.6
17_7	17	A	10	7	other	spk7_10.wav	57	5	0.587929010391	17	0.5	-0.261506276150628	2.4	4.6
17_7	17	A	19	7	other	spk7_19.wav	125	5	0.403584957123	17	0.5	0.0230125523012552	2.4	4.6
17_7	17	A	30	7	other	spk7_30.wav	179	2	0.568428993225	17	0.5	0.248953974895398	2.4	4.6
17_7	17	A	39	7	other	spk7_39.wav	113	2	0.169361829758	17	0.5	-0.0271966527196653	2.4	4.6
17_7	17	A	28	7	other	spk7_28.wav	65	4	0.688060045242	17	0.5	-0.228033472803347	2.4	4.6
17_7	17	A	56	7	other	spk7_56.wav	156	1	1.57358002663	17	0.5	0.152719665271967	2.4	4.6
17_7	17	A	46	7	other	spk7_46.wav	155	5	0.938716173172	17	0.5	0.148535564853556	2.4	4.6
17_7	17	A	4	7	other	spk7_4.wav	24	3	0.587056875229	17	0.5	-0.399581589958159	2.4	4.6
17_7	17	A	14	7	other	spk7_14.wav	205	2	0.420237064362	17	0.5	0.357740585774059	2.4	4.6
17_7	17	A	13	7	other	spk7_13.wav	185	2	0.785604000092	17	0.5	0.274058577405858	2.4	4.6
17_7	17	A	3	7	other	spk7_3.wav	137	3	0.937126874924	17	0.5	0.0732217573221757	2.4	4.6
17_7	17	A	32	7	other	spk7_32.wav	214	4	0.635993003845	17	0.5	0.395397489539749	2.4	4.6
17_7	17	A	21	7	other	spk7_21.wav	117	5	1.25321698189	17	0.5	-0.0104602510460251	2.4	4.6
17_7	17	A	49	7	other	spk7_49.wav	238	3	0.637844085693	17	0.5	0.49581589958159	2.4	4.6
17_7	17	A	16	7	other	spk7_16.wav	181	2	0.568316936493	17	0.5	0.257322175732218	2.4	4.6
17_7	17	A	23	7	other	spk7_23.wav	44	3	1.30647706985	17	0.5	-0.315899581589958	2.4	4.6
17_7	17	A	29	7	other	spk7_29.wav	3	6	0.587044000626	17	0.5	-0.48744769874477	2.4	4.6
17_7	17	A	25	7	other	spk7_25.wav	114	5	1.4895401001	17	0.5	-0.0230125523012552	2.4	4.6
17_7	17	A	6	7	other	spk7_6.wav	50	5	0.821043014526	17	0.5	-0.290794979079498	2.4	4.6
17_7	17	A	50	7	other	spk7_50.wav	234	5	0.553442955017	17	0.5	0.47907949790795	2.4	4.6
17_7	17	A	9	7	other	spk7_9.wav	177	1	0.285171985626	17	0.5	0.240585774058577	2.4	4.6
17_7	17	A	22	7	other	spk7_22.wav	194	1	1.45373797417	17	0.5	0.311715481171548	2.4	4.6
17_7	17	A	35	7	other	spk7_35.wav	64	2	0.202750205994	17	0.5	-0.232217573221757	2.4	4.6
18_11	18	B	52	11	other	spk11_52.wav	21	3	2.79339694977	18	0.5	-0.412133891213389	0.833333333333333	2.4
18_11	18	B	16	11	other	spk11_16.wav	132	4	1.79048299789	18	0.5	0.0523012552301255	0.833333333333333	2.4
18_11	18	B	41	11	other	spk11_41.wav	96	2	1.7911760807	18	0.5	-0.098326359832636	0.833333333333333	2.4
18_11	18	B	32	11	other	spk11_32.wav	128	5	0.203006982803	18	0.5	0.0355648535564853	0.833333333333333	2.4
18_11	18	B	13	11	other	spk11_13.wav	123	5	1.85577511787	18	0.5	0.0146443514644351	0.833333333333333	2.4
18_11	18	B	1	11	other	spk11_1.wav	158	4	1.55693483353	18	0.5	0.161087866108787	0.833333333333333	2.4
18_11	18	B	51	11	other	spk11_51.wav	64	2	1.02197599411	18	0.5	-0.232217573221757	0.833333333333333	2.4
18_11	18	B	25	11	other	spk11_25.wav	10	3	0.670360088348	18	0.5	-0.4581589958159	0.833333333333333	2.4
18_11	18	B	36	11	other	spk11_36.wav	162	5	1.30574798584	18	0.5	0.177824267782427	0.833333333333333	2.4
18_11	18	B	30	11	other	spk11_30.wav	149	4	1.95731401443	18	0.5	0.123430962343096	0.833333333333333	2.4
18_11	18	B	57	11	other	spk11_57.wav	133	4	2.96018314362	18	0.5	0.0564853556485355	0.833333333333333	2.4
18_11	18	B	18	11	other	spk11_18.wav	18	4	1.05343008041	18	0.5	-0.424686192468619	0.833333333333333	2.4
18_11	18	B	43	11	other	spk11_43.wav	126	3	0.404079914093	18	0.5	0.0271966527196653	0.833333333333333	2.4
18_11	18	B	24	11	other	spk11_24.wav	7	4	0.686269044876	18	0.5	-0.47071129707113	0.833333333333333	2.4
18_11	18	B	6	11	other	spk11_6.wav	101	4	2.32519197464	18	0.5	-0.0774058577405858	0.833333333333333	2.4
18_11	18	B	4	11	other	spk11_4.wav	61	3	0.886335849762	18	0.5	-0.244769874476987	0.833333333333333	2.4
18_11	18	B	14	11	other	spk11_14.wav	156	3	0.535807847977	18	0.5	0.152719665271967	0.833333333333333	2.4
18_11	18	B	9	11	other	spk11_9.wav	50	2	0.987113952637	18	0.5	-0.290794979079498	0.833333333333333	2.4
18_11	18	B	17	11	other	spk11_17.wav	198	5	1.55443096161	18	0.5	0.328451882845188	0.833333333333333	2.4
18_11	18	B	49	11	other	spk11_49.wav	119	4	0.518815994263	18	0.5	-0.002092050209205	0.833333333333333	2.4
18_11	18	B	29	11	other	spk11_29.wav	13	3	1.92344617844	18	0.5	-0.445606694560669	0.833333333333333	2.4
18_11	18	B	55	11	other	spk11_55.wav	135	2	0.902956962585	18	0.5	0.0648535564853556	0.833333333333333	2.4
18_11	18	B	8	11	other	spk11_8.wav	81	3	1.03915500641	18	0.5	-0.161087866108787	0.833333333333333	2.4
18_11	18	B	46	11	other	spk11_46.wav	163	3	1.85743403435	18	0.5	0.182008368200837	0.833333333333333	2.4
18_11	18	B	26	11	other	spk11_26.wav	57	3	2.18897414207	18	0.5	-0.261506276150628	0.833333333333333	2.4
18_11	18	B	56	11	other	spk11_56.wav	58	4	1.10505390167	18	0.5	-0.257322175732218	0.833333333333333	2.4
18_11	18	B	28	11	other	spk11_28.wav	45	4	0.920309066772	18	0.5	-0.311715481171548	0.833333333333333	2.4
18_11	18	B	59	11	other	spk11_59.wav	86	4	3.00976705551	18	0.5	-0.140167364016736	0.833333333333333	2.4
18_11	18	B	22	11	other	spk11_22.wav	87	5	1.43924117088	18	0.5	-0.135983263598326	0.833333333333333	2.4
18_11	18	B	23	11	other	spk11_23.wav	9	4	1.47060108185	18	0.5	-0.46234309623431	0.833333333333333	2.4
18_11	18	B	7	11	other	spk11_7.wav	37	4	0.986569881439	18	0.5	-0.345188284518828	0.833333333333333	2.4
18_11	18	B	19	11	other	spk11_19.wav	211	4	1.32366991043	18	0.5	0.382845188284519	0.833333333333333	2.4
18_11	18	B	37	11	other	spk11_37.wav	91	2	1.3401389122	18	0.5	-0.119246861924686	0.833333333333333	2.4
18_11	18	B	20	11	other	spk11_20.wav	120	4	0.869577884674	18	0.5	0.002092050209205	0.833333333333333	2.4
18_11	18	B	50	11	other	spk11_50.wav	40	2	0.637300014496	18	0.5	-0.332635983263598	0.833333333333333	2.4
18_11	18	B	11	11	other	spk11_11.wav	215	5	1.27171683311	18	0.5	0.399581589958159	0.833333333333333	2.4
18_11	18	B	31	11	other	spk11_31.wav	136	4	0.753372907639	18	0.5	0.0690376569037657	0.833333333333333	2.4
18_11	18	B	12	11	other	spk11_12.wav	217	4	0.353568077087	18	0.5	0.407949790794979	0.833333333333333	2.4
18_11	18	B	27	11	other	spk11_27.wav	218	5	0.303891181946	18	0.5	0.412133891213389	0.833333333333333	2.4
18_11	18	B	38	11	other	spk11_38.wav	219	6	0.65446305275	18	0.5	0.416317991631799	0.833333333333333	2.4
18_11	18	B	10	11	other	spk11_10.wav	20	3	2.64250898361	18	0.5	-0.416317991631799	0.833333333333333	2.4
18_11	18	B	60	11	other	spk11_60.wav	141	4	1.27166986465	18	0.5	0.0899581589958159	0.833333333333333	2.4
18_11	18	B	54	11	other	spk11_54.wav	222	5	0.218942165375	18	0.5	0.428870292887029	0.833333333333333	2.4
18_11	18	B	39	11	other	spk11_39.wav	130	3	0.253570079803	18	0.5	0.0439330543933054	0.833333333333333	2.4
18_11	18	B	5	11	other	spk11_5.wav	23	2	3.3777718544	18	0.5	-0.403765690376569	0.833333333333333	2.4
18_11	18	B	42	11	other	spk11_42.wav	104	3	1.57216906548	18	0.5	-0.0648535564853556	0.833333333333333	2.4
18_11	18	B	45	11	other	spk11_45.wav	52	3	0.470505952835	18	0.5	-0.282426778242678	0.833333333333333	2.4
18_11	18	B	48	11	other	spk11_48.wav	214	6	1.10490918159	18	0.5	0.395397489539749	0.833333333333333	2.4
18_11	18	B	34	11	other	spk11_34.wav	228	4	2.14143300056	18	0.5	0.45397489539749	0.833333333333333	2.4
18_11	18	B	35	11	other	spk11_35.wav	189	2	0.50358080864	18	0.5	0.290794979079498	0.833333333333333	2.4
18_11	18	B	44	11	other	spk11_44.wav	69	3	1.59032988548	18	0.5	-0.211297071129707	0.833333333333333	2.4
18_11	18	B	15	11	other	spk11_15.wav	151	5	2.44225811958	18	0.5	0.131799163179916	0.833333333333333	2.4
18_11	18	B	58	11	other	spk11_58.wav	71	5	0.687498092651	18	0.5	-0.202928870292887	0.833333333333333	2.4
18_11	18	B	33	11	other	spk11_33.wav	72	5	0.618226051331	18	0.5	-0.198744769874477	0.833333333333333	2.4
18_11	18	B	2	11	other	spk11_2.wav	194	2	0.236377000809	18	0.5	0.311715481171548	0.833333333333333	2.4
18_11	18	B	3	11	other	spk11_3.wav	114	3	0.654247999191	18	0.5	-0.0230125523012552	0.833333333333333	2.4
18_11	18	B	53	11	other	spk11_53.wav	196	4	1.03616499901	18	0.5	0.320083682008368	0.833333333333333	2.4
18_11	18	B	21	11	other	spk11_21.wav	116	2	0.569566965103	18	0.5	-0.0146443514644352	0.833333333333333	2.4
18_11	18	B	47	11	other	spk11_47.wav	117	2	4.39569020271	18	0.5	-0.0104602510460251	0.833333333333333	2.4
18_11	18	B	40	11	other	spk11_40.wav	239	3	1.82427000999	18	0.5	0.5	0.833333333333333	2.4
18_18	18	B	37	18	self	spk18_37.wav	32	2	0.75476193428	18	-0.5	-0.366108786610879	0.833333333333333	1.9
18_18	18	B	42	18	self	spk18_42.wav	177	4	0.771076917648	18	-0.5	0.240585774058577	0.833333333333333	1.9
18_18	18	B	9	18	self	spk18_9.wav	5	4	2.47474598885	18	-0.5	-0.47907949790795	0.833333333333333	1.9
18_18	18	B	57	18	self	spk18_57.wav	17	3	1.20542597771	18	-0.5	-0.428870292887029	0.833333333333333	1.9
18_18	18	B	36	18	self	spk18_36.wav	182	4	1.9896299839	18	-0.5	0.261506276150628	0.833333333333333	1.9
18_18	18	B	34	18	self	spk18_34.wav	221	4	1.03664708138	18	-0.5	0.424686192468619	0.833333333333333	1.9
18_18	18	B	46	18	self	spk18_46.wav	137	3	1.59083509445	18	-0.5	0.0732217573221757	0.833333333333333	1.9
18_18	18	B	8	18	self	spk18_8.wav	3	2	1.37268805504	18	-0.5	-0.48744769874477	0.833333333333333	1.9
18_18	18	B	32	18	self	spk18_32.wav	51	3	1.45584201813	18	-0.5	-0.286610878661088	0.833333333333333	1.9
18_18	18	B	45	18	self	spk18_45.wav	230	3	0.635016918182	18	-0.5	0.46234309623431	0.833333333333333	1.9
18_18	18	B	17	18	self	spk18_17.wav	138	2	0.685384988785	18	-0.5	0.0774058577405857	0.833333333333333	1.9
18_18	18	B	26	18	self	spk18_26.wav	150	3	2.8093919754	18	-0.5	0.127615062761506	0.833333333333333	1.9
18_18	18	B	6	18	self	spk18_6.wav	82	6	0.304305076599	18	-0.5	-0.156903765690377	0.833333333333333	1.9
18_18	18	B	33	18	self	spk18_33.wav	100	1	0.303612947464	18	-0.5	-0.0815899581589958	0.833333333333333	1.9
18_18	18	B	7	18	self	spk18_7.wav	178	3	1.00334191322	18	-0.5	0.244769874476987	0.833333333333333	1.9
18_18	18	B	20	18	self	spk18_20.wav	31	2	1.60666203499	18	-0.5	-0.370292887029289	0.833333333333333	1.9
18_18	18	B	39	18	self	spk18_39.wav	193	1	0.669537067413	18	-0.5	0.307531380753138	0.833333333333333	1.9
18_18	18	B	35	18	self	spk18_35.wav	24	1	0.45391201973	18	-0.5	-0.399581589958159	0.833333333333333	1.9
18_18	18	B	18	18	self	spk18_18.wav	235	4	1.30573391914	18	-0.5	0.48326359832636	0.833333333333333	1.9
18_18	18	B	29	18	self	spk18_29.wav	35	3	0.520648002625	18	-0.5	-0.353556485355649	0.833333333333333	1.9
18_18	18	B	51	18	self	spk18_51.wav	77	3	0.569365978241	18	-0.5	-0.177824267782427	0.833333333333333	1.9
18_18	18	B	59	18	self	spk18_59.wav	27	4	1.06942391396	18	-0.5	-0.387029288702929	0.833333333333333	1.9
18_18	18	B	28	18	self	spk18_28.wav	1	2	2.5085568428	18	-0.5	-0.49581589958159	0.833333333333333	1.9
18_18	18	B	56	18	self	spk18_56.wav	83	3	2.50660896301	18	-0.5	-0.152719665271967	0.833333333333333	1.9
18_18	18	B	50	18	self	spk18_50.wav	134	3	0.804198026657	18	-0.5	0.0606694560669456	0.833333333333333	1.9
18_18	18	B	27	18	self	spk18_27.wav	85	3	1.11969804764	18	-0.5	-0.144351464435146	0.833333333333333	1.9
18_18	18	B	47	18	self	spk18_47.wav	6	5	1.48705196381	18	-0.5	-0.47489539748954	0.833333333333333	1.9
18_18	18	B	16	18	self	spk18_16.wav	127	2	0.420308113098	18	-0.5	0.0313807531380753	0.833333333333333	1.9
18_18	18	B	15	18	self	spk18_15.wav	125	4	1.17223000526	18	-0.5	0.0230125523012552	0.833333333333333	1.9
18_18	18	B	11	18	self	spk18_11.wav	129	2	0.871294021606	18	-0.5	0.0397489539748954	0.833333333333333	1.9
18_18	18	B	25	18	self	spk18_25.wav	238	3	0.637897968292	18	-0.5	0.49581589958159	0.833333333333333	1.9
18_18	18	B	1	18	self	spk18_1.wav	173	2	0.520561218262	18	-0.5	0.223849372384937	0.833333333333333	1.9
18_18	18	B	2	18	self	spk18_2.wav	33	2	0.219966888428	18	-0.5	-0.361924686192469	0.833333333333333	1.9
18_18	18	B	3	18	self	spk18_3.wav	159	3	0.603402853012	18	-0.5	0.165271966527197	0.833333333333333	1.9
18_18	18	B	40	18	self	spk18_40.wav	161	2	0.269801139832	18	-0.5	0.173640167364017	0.833333333333333	1.9
18_18	18	B	24	18	self	spk18_24.wav	68	3	1.32037496567	18	-0.5	-0.215481171548117	0.833333333333333	1.9
18_18	18	B	49	18	self	spk18_49.wav	148	2	0.885885000229	18	-0.5	0.119246861924686	0.833333333333333	1.9
18_18	18	B	41	18	self	spk18_41.wav	99	2	1.05414199829	18	-0.5	-0.0857740585774058	0.833333333333333	1.9
18_18	18	B	55	18	self	spk18_55.wav	111	3	2.70950984955	18	-0.5	-0.0355648535564854	0.833333333333333	1.9
18_18	18	B	44	18	self	spk18_44.wav	112	2	0.804560184479	18	-0.5	-0.0313807531380753	0.833333333333333	1.9
18_18	18	B	43	18	self	spk18_43.wav	180	2	0.904699087143	18	-0.5	0.253138075313807	0.833333333333333	1.9
18_18	18	B	23	18	self	spk18_23.wav	92	3	1.23950600624	18	-0.5	-0.115062761506276	0.833333333333333	1.9
18_18	18	B	4	18	self	spk18_4.wav	75	3	0.303867816925	18	-0.5	-0.186192468619247	0.833333333333333	1.9
18_18	18	B	10	18	self	spk18_10.wav	49	2	0.569226026535	18	-0.5	-0.294979079497908	0.833333333333333	1.9
18_18	18	B	58	18	self	spk18_58.wav	225	4	0.988859176636	18	-0.5	0.441422594142259	0.833333333333333	1.9
18_18	18	B	48	18	self	spk18_48.wav	73	2	0.520591020584	18	-0.5	-0.194560669456067	0.833333333333333	1.9
18_18	18	B	60	18	self	spk18_60.wav	153	3	1.47308707237	18	-0.5	0.140167364016736	0.833333333333333	1.9
18_18	18	B	54	18	self	spk18_54.wav	213	3	2.37526917458	18	-0.5	0.391213389121339	0.833333333333333	1.9
18_18	18	B	52	18	self	spk18_52.wav	201	4	0.336834192276	18	-0.5	0.341004184100418	0.833333333333333	1.9
18_18	18	B	30	18	self	spk18_30.wav	157	3	1.42270803452	18	-0.5	0.156903765690377	0.833333333333333	1.9
18_18	18	B	5	18	self	spk18_5.wav	146	2	0.637315034866	18	-0.5	0.110878661087866	0.833333333333333	1.9
18_18	18	B	31	18	self	spk18_31.wav	204	4	1.25569701195	18	-0.5	0.353556485355649	0.833333333333333	1.9
18_18	18	B	21	18	self	spk18_21.wav	48	1	0.55408000946	18	-0.5	-0.299163179916318	0.833333333333333	1.9
18_18	18	B	53	18	self	spk18_53.wav	107	2	1.82276010513	18	-0.5	-0.0523012552301255	0.833333333333333	1.9
18_18	18	B	13	18	self	spk18_13.wav	206	4	2.42555689812	18	-0.5	0.361924686192469	0.833333333333333	1.9
18_18	18	B	22	18	self	spk18_22.wav	233	3	0.887475013733	18	-0.5	0.47489539748954	0.833333333333333	1.9
18_18	18	B	14	18	self	spk18_14.wav	65	2	1.23901391029	18	-0.5	-0.228033472803347	0.833333333333333	1.9
18_18	18	B	12	18	self	spk18_12.wav	78	3	2.80973505974	18	-0.5	-0.173640167364017	0.833333333333333	1.9
18_18	18	B	19	18	self	spk18_19.wav	184	3	2.54263806343	18	-0.5	0.269874476987448	0.833333333333333	1.9
18_18	18	B	38	18	self	spk18_38.wav	197	2	1.22298598289	18	-0.5	0.324267782426778	0.833333333333333	1.9
18_23	18	B	44	23	other	spk23_44.wav	15	2	0.702100038528	18	0.5	-0.437238493723849	0.833333333333333	2.2
18_23	18	B	43	23	other	spk23_43.wav	97	1	0.200819969177	18	0.5	-0.0941422594142259	0.833333333333333	2.2
18_23	18	B	8	23	other	spk23_8.wav	30	1	0.0515339374542	18	0.5	-0.374476987447699	0.833333333333333	2.2
18_23	18	B	14	23	other	spk23_14.wav	14	2	0.402462005615	18	0.5	-0.441422594142259	0.833333333333333	2.2
18_23	18	B	36	23	other	spk23_36.wav	19	2	0.35372209549	18	0.5	-0.420502092050209	0.833333333333333	2.2
18_23	18	B	17	23	other	spk23_17.wav	176	2	0.50439620018	18	0.5	0.236401673640167	0.833333333333333	2.2
18_23	18	B	3	23	other	spk23_3.wav	190	2	0.586272954941	18	0.5	0.294979079497908	0.833333333333333	2.2
18_23	18	B	58	23	other	spk23_58.wav	203	2	0.954984903336	18	0.5	0.349372384937239	0.833333333333333	2.2
18_23	18	B	42	23	other	spk23_42.wav	139	1	0.838161945343	18	0.5	0.0815899581589958	0.833333333333333	2.2
18_23	18	B	45	23	other	spk23_45.wav	4	3	0.63733792305	18	0.5	-0.48326359832636	0.833333333333333	2.2
18_23	18	B	46	23	other	spk23_46.wav	11	1	0.485904216766	18	0.5	-0.45397489539749	0.833333333333333	2.2
18_23	18	B	33	23	other	spk23_33.wav	22	1	0.353350877762	18	0.5	-0.407949790794979	0.833333333333333	2.2
18_23	18	B	54	23	other	spk23_54.wav	102	4	1.59005379677	18	0.5	-0.0732217573221757	0.833333333333333	2.2
18_23	18	B	15	23	other	spk23_15.wav	144	2	0.47026181221	18	0.5	0.102510460251046	0.833333333333333	2.2
18_23	18	B	29	23	other	spk23_29.wav	95	1	0.286046981812	18	0.5	-0.102510460251046	0.833333333333333	2.2
18_23	18	B	53	23	other	spk23_53.wav	2	1	0.537056922913	18	0.5	-0.49163179916318	0.833333333333333	2.2
18_23	18	B	16	23	other	spk23_16.wav	172	2	0.603876113892	18	0.5	0.219665271966527	0.833333333333333	2.2
18_23	18	B	25	23	other	spk23_25.wav	16	4	2.6079659462	18	0.5	-0.433054393305439	0.833333333333333	2.2
18_23	18	B	37	23	other	spk23_37.wav	179	3	0.719161987305	18	0.5	0.248953974895398	0.833333333333333	2.2
18_23	18	B	56	23	other	spk23_56.wav	152	3	1.25601792336	18	0.5	0.135983263598326	0.833333333333333	2.2
18_23	18	B	23	23	other	spk23_23.wav	216	4	0.73823595047	18	0.5	0.403765690376569	0.833333333333333	2.2
18_23	18	B	38	23	other	spk23_38.wav	168	1	0.136919975281	18	0.5	0.202928870292887	0.833333333333333	2.2
18_23	18	B	12	23	other	spk23_12.wav	34	1	0.369944810867	18	0.5	-0.357740585774059	0.833333333333333	2.2
18_23	18	B	60	23	other	spk23_60.wav	171	2	1.02201008797	18	0.5	0.215481171548117	0.833333333333333	2.2
18_23	18	B	55	23	other	spk23_55.wav	142	1	0.0196938514709	18	0.5	0.0941422594142259	0.833333333333333	2.2
18_23	18	B	18	23	other	spk23_18.wav	145	2	0.7025411129	18	0.5	0.106694560669456	0.833333333333333	2.2
18_23	18	B	27	23	other	spk23_27.wav	55	2	0.535001039505	18	0.5	-0.269874476987448	0.833333333333333	2.2
18_23	18	B	39	23	other	spk23_39.wav	174	2	0.200356006622	18	0.5	0.228033472803347	0.833333333333333	2.2
18_23	18	B	4	23	other	spk23_4.wav	175	1	0.985882997513	18	0.5	0.232217573221757	0.833333333333333	2.2
18_23	18	B	9	23	other	spk23_9.wav	108	2	0.787523031235	18	0.5	-0.0481171548117155	0.833333333333333	2.2
18_23	18	B	26	23	other	spk23_26.wav	29	1	0.802114963531	18	0.5	-0.378661087866109	0.833333333333333	2.2
18_23	18	B	21	23	other	spk23_21.wav	192	1	0.284139871597	18	0.5	0.303347280334728	0.833333333333333	2.2
18_23	18	B	20	23	other	spk23_20.wav	165	2	0.136261940002	18	0.5	0.190376569037657	0.833333333333333	2.2
18_23	18	B	41	23	other	spk23_41.wav	208	1	0.354233980179	18	0.5	0.370292887029289	0.833333333333333	2.2
18_23	18	B	13	23	other	spk23_13.wav	60	2	0.9214220047	18	0.5	-0.248953974895398	0.833333333333333	2.2
18_23	18	B	28	23	other	spk23_28.wav	113	5	1.49024987221	18	0.5	-0.0271966527196653	0.833333333333333	2.2
18_23	18	B	50	23	other	spk23_50.wav	103	1	0.65490603447	18	0.5	-0.0690376569037657	0.833333333333333	2.2
18_23	18	B	24	23	other	spk23_24.wav	210	3	1.05530405045	18	0.5	0.378661087866109	0.833333333333333	2.2
18_23	18	B	6	23	other	spk23_6.wav	224	3	1.68985915184	18	0.5	0.437238493723849	0.833333333333333	2.2
18_23	18	B	1	23	other	spk23_1.wav	54	4	2.34177494049	18	0.5	-0.274058577405858	0.833333333333333	2.2
18_23	18	B	59	23	other	spk23_59.wav	160	2	0.385400056839	18	0.5	0.169456066945607	0.833333333333333	2.2
18_23	18	B	34	23	other	spk23_34.wav	121	3	0.35208106041	18	0.5	0.00627615062761511	0.833333333333333	2.2
18_23	18	B	32	23	other	spk23_32.wav	28	3	1.53767991066	18	0.5	-0.382845188284519	0.833333333333333	2.2
18_23	18	B	51	23	other	spk23_51.wav	74	2	0.754543066025	18	0.5	-0.190376569037657	0.833333333333333	2.2
18_23	18	B	10	23	other	spk23_10.wav	124	4	1.33919286728	18	0.5	0.0188284518828452	0.833333333333333	2.2
18_23	18	B	40	23	other	spk23_40.wav	70	1	1.07191991806	18	0.5	-0.207112970711297	0.833333333333333	2.2
18_23	18	B	11	23	other	spk23_11.wav	232	4	1.70688295364	18	0.5	0.47071129707113	0.833333333333333	2.2
18_23	18	B	31	23	other	spk23_31.wav	223	3	0.451446056366	18	0.5	0.433054393305439	0.833333333333333	2.2
18_23	18	B	47	23	other	spk23_47.wav	140	2	0.88791513443	18	0.5	0.0857740585774058	0.833333333333333	2.2
18_23	18	B	5	23	other	spk23_5.wav	209	3	1.07032489777	18	0.5	0.374476987447699	0.833333333333333	2.2
18_23	18	B	22	23	other	spk23_22.wav	143	1	0.653902053833	18	0.5	0.0983263598326359	0.833333333333333	2.2
18_23	18	B	19	23	other	spk23_19.wav	227	2	1.65711903572	18	0.5	0.449790794979079	0.833333333333333	2.2
18_23	18	B	2	23	other	spk23_2.wav	25	2	0.0836400985718	18	0.5	-0.395397489539749	0.833333333333333	2.2
18_23	18	B	48	23	other	spk23_48.wav	26	2	0.320287942886	18	0.5	-0.391213389121339	0.833333333333333	2.2
18_23	18	B	35	23	other	spk23_35.wav	205	2	0.703663110733	18	0.5	0.357740585774059	0.833333333333333	2.2
18_23	18	B	52	23	other	spk23_52.wav	56	4	1.12217307091	18	0.5	-0.265690376569038	0.833333333333333	2.2
18_23	18	B	49	23	other	spk23_49.wav	43	1	0.301023960114	18	0.5	-0.320083682008368	0.833333333333333	2.2
18_23	18	B	7	23	other	spk23_7.wav	226	2	0.921751022339	18	0.5	0.445606694560669	0.833333333333333	2.2
18_23	18	B	30	23	other	spk23_30.wav	195	1	0.0671339035034	18	0.5	0.315899581589958	0.833333333333333	2.2
18_23	18	B	57	23	other	spk23_57.wav	109	2	0.704262971878	18	0.5	-0.0439330543933054	0.833333333333333	2.2
18_26	18	B	53	26	other	spk26_53.wav	0	4	3.39468312263	18	0.5	-0.5	0.833333333333333	3.6
18_26	18	B	38	26	other	spk26_38.wav	122	5	2.74318003654	18	0.5	0.0104602510460251	0.833333333333333	3.6
18_26	18	B	31	26	other	spk26_31.wav	42	3	1.3384449482	18	0.5	-0.324267782426778	0.833333333333333	3.6
18_26	18	B	49	26	other	spk26_49.wav	164	3	3.27740883827	18	0.5	0.186192468619247	0.833333333333333	3.6
18_26	18	B	1	26	other	spk26_1.wav	44	3	3.16063213348	18	0.5	-0.315899581589958	0.833333333333333	3.6
18_26	18	B	5	26	other	spk26_5.wav	166	3	1.58936095238	18	0.5	0.194560669456067	0.833333333333333	3.6
18_26	18	B	52	26	other	spk26_52.wav	46	5	0.587882041931	18	0.5	-0.307531380753138	0.833333333333333	3.6
18_26	18	B	3	26	other	spk26_3.wav	47	3	0.802593946457	18	0.5	-0.303347280334728	0.833333333333333	3.6
18_26	18	B	19	26	other	spk26_19.wav	8	5	1.13756299019	18	0.5	-0.46652719665272	0.833333333333333	3.6
18_26	18	B	8	26	other	spk26_8.wav	170	4	0.7693400383	18	0.5	0.211297071129707	0.833333333333333	3.6
18_26	18	B	50	26	other	spk26_50.wav	131	3	2.02339792252	18	0.5	0.0481171548117155	0.833333333333333	3.6
18_26	18	B	36	26	other	spk26_36.wav	212	5	0.219743013382	18	0.5	0.387029288702929	0.833333333333333	3.6
18_26	18	B	7	26	other	spk26_7.wav	12	5	1.59054803848	18	0.5	-0.449790794979079	0.833333333333333	3.6
18_26	18	B	44	26	other	spk26_44.wav	53	4	0.469772100449	18	0.5	-0.278242677824268	0.833333333333333	3.6
18_26	18	B	34	26	other	spk26_34.wav	94	3	1.25543284416	18	0.5	-0.106694560669456	0.833333333333333	3.6
18_26	18	B	43	26	other	spk26_43.wav	229	5	1.20521092415	18	0.5	0.4581589958159	0.833333333333333	3.6
18_26	18	B	47	26	other	spk26_47.wav	188	6	0.904853820801	18	0.5	0.286610878661088	0.833333333333333	3.6
18_26	18	B	40	26	other	spk26_40.wav	191	5	0.585750102997	18	0.5	0.299163179916318	0.833333333333333	3.6
18_26	18	B	21	26	other	spk26_21.wav	98	4	0.719866037369	18	0.5	-0.0899581589958159	0.833333333333333	3.6
18_26	18	B	12	26	other	spk26_12.wav	59	3	0.618896961212	18	0.5	-0.253138075313807	0.833333333333333	3.6
18_26	18	B	32	26	other	spk26_32.wav	181	6	0.888180017471	18	0.5	0.257322175732218	0.833333333333333	3.6
18_26	18	B	41	26	other	spk26_41.wav	155	3	1.68879389763	18	0.5	0.148535564853556	0.833333333333333	3.6
18_26	18	B	9	26	other	spk26_9.wav	62	3	1.03612804413	18	0.5	-0.240585774058577	0.833333333333333	3.6
18_26	18	B	55	26	other	spk26_55.wav	63	3	2.07183408737	18	0.5	-0.236401673640167	0.833333333333333	3.6
18_26	18	B	24	26	other	spk26_24.wav	185	5	0.803998947144	18	0.5	0.274058577405858	0.833333333333333	3.6
18_26	18	B	60	26	other	spk26_60.wav	186	5	0.521235942841	18	0.5	0.278242677824268	0.833333333333333	3.6
18_26	18	B	30	26	other	spk26_30.wav	147	6	1.23662090302	18	0.5	0.115062761506276	0.833333333333333	3.6
18_26	18	B	25	26	other	spk26_25.wav	67	4	0.654209136963	18	0.5	-0.219665271966527	0.833333333333333	3.6
18_26	18	B	6	26	other	spk26_6.wav	41	2	1.23657608032	18	0.5	-0.328451882845188	0.833333333333333	3.6
18_26	18	B	37	26	other	spk26_37.wav	202	4	1.35654711723	18	0.5	0.345188284518828	0.833333333333333	3.6
18_26	18	B	45	26	other	spk26_45.wav	167	3	3.32791209221	18	0.5	0.198744769874477	0.833333333333333	3.6
18_26	18	B	20	26	other	spk26_20.wav	231	5	0.787631034851	18	0.5	0.46652719665272	0.833333333333333	3.6
18_26	18	B	27	26	other	spk26_27.wav	36	3	1.27202892303	18	0.5	-0.349372384937238	0.833333333333333	3.6
18_26	18	B	26	26	other	spk26_26.wav	154	4	0.387084960938	18	0.5	0.144351464435146	0.833333333333333	3.6
18_26	18	B	58	26	other	spk26_58.wav	38	3	1.45608496666	18	0.5	-0.341004184100418	0.833333333333333	3.6
18_26	18	B	28	26	other	spk26_28.wav	115	3	2.25758600235	18	0.5	-0.0188284518828452	0.833333333333333	3.6
18_26	18	B	54	26	other	spk26_54.wav	80	5	2.1891720295	18	0.5	-0.165271966527197	0.833333333333333	3.6
18_26	18	B	15	26	other	spk26_15.wav	90	5	2.75739693642	18	0.5	-0.123430962343096	0.833333333333333	3.6
18_26	18	B	57	26	other	spk26_57.wav	207	5	0.955504894257	18	0.5	0.366108786610879	0.833333333333333	3.6
18_26	18	B	4	26	other	spk26_4.wav	39	4	1.90738487244	18	0.5	-0.336820083682008	0.833333333333333	3.6
18_26	18	B	35	26	other	spk26_35.wav	84	3	2.82629299164	18	0.5	-0.148535564853557	0.833333333333333	3.6
18_26	18	B	11	26	other	spk26_11.wav	187	4	0.685845851898	18	0.5	0.282426778242678	0.833333333333333	3.6
18_26	18	B	51	26	other	spk26_51.wav	183	4	1.95551609993	18	0.5	0.265690376569038	0.833333333333333	3.6
18_26	18	B	16	26	other	spk26_16.wav	234	3	3.37732005119	18	0.5	0.47907949790795	0.833333333333333	3.6
18_26	18	B	23	26	other	spk26_23.wav	169	3	1.13647699356	18	0.5	0.207112970711297	0.833333333333333	3.6
18_26	18	B	56	26	other	spk26_56.wav	89	3	2.32254099846	18	0.5	-0.127615062761506	0.833333333333333	3.6
18_26	18	B	29	26	other	spk26_29.wav	200	5	1.17239284515	18	0.5	0.336820083682008	0.833333333333333	3.6
18_26	18	B	39	26	other	spk26_39.wav	237	5	0.404443979263	18	0.5	0.49163179916318	0.833333333333333	3.6
18_26	18	B	2	26	other	spk26_2.wav	105	4	0.81936788559	18	0.5	-0.0606694560669456	0.833333333333333	3.6
18_26	18	B	10	26	other	spk26_10.wav	93	2	2.37512397766	18	0.5	-0.110878661087866	0.833333333333333	3.6
18_26	18	B	46	26	other	spk26_46.wav	88	5	1.62183618546	18	0.5	-0.131799163179916	0.833333333333333	3.6
18_26	18	B	17	26	other	spk26_17.wav	220	5	0.402996063232	18	0.5	0.420502092050209	0.833333333333333	3.6
18_26	18	B	22	26	other	spk26_22.wav	118	3	1.10486388206	18	0.5	-0.00627615062761505	0.833333333333333	3.6
18_26	18	B	13	26	other	spk26_13.wav	110	5	0.351609945297	18	0.5	-0.0397489539748954	0.833333333333333	3.6
18_26	18	B	18	26	other	spk26_18.wav	66	4	0.468580961227	18	0.5	-0.223849372384937	0.833333333333333	3.6
18_26	18	B	48	26	other	spk26_48.wav	76	4	0.302061080933	18	0.5	-0.182008368200837	0.833333333333333	3.6
18_26	18	B	42	26	other	spk26_42.wav	199	4	1.63903307915	18	0.5	0.332635983263598	0.833333333333333	3.6
18_26	18	B	33	26	other	spk26_33.wav	236	6	0.971736907959	18	0.5	0.48744769874477	0.833333333333333	3.6
18_26	18	B	59	26	other	spk26_59.wav	106	6	7.65379905701	18	0.5	-0.0564853556485356	0.833333333333333	3.6
18_26	18	B	14	26	other	spk26_14.wav	79	4	0.838479042053	18	0.5	-0.169456066945607	0.833333333333333	3.6
19_16	19	FALSE	42	16	other	spk16_42.wav	14	2	0.754335165024	19	0.5	-0.441422594142259	0.866666666666667	2.7
19_16	19	FALSE	22	16	other	spk16_22.wav	228	2	1.00304198265	19	0.5	0.45397489539749	0.866666666666667	2.7
19_16	19	FALSE	40	16	other	spk16_40.wav	148	1	0.470574140549	19	0.5	0.119246861924686	0.866666666666667	2.7
19_16	19	FALSE	57	16	other	spk16_57.wav	120	1	1.02192592621	19	0.5	0.002092050209205	0.866666666666667	2.7
19_16	19	FALSE	55	16	other	spk16_55.wav	19	2	1.29033112526	19	0.5	-0.420502092050209	0.866666666666667	2.7
19_16	19	FALSE	25	16	other	spk16_25.wav	205	1	0.504669904709	19	0.5	0.357740585774059	0.866666666666667	2.7
19_16	19	FALSE	21	16	other	spk16_21.wav	56	2	1.42219090462	19	0.5	-0.265690376569038	0.866666666666667	2.7
19_16	19	FALSE	29	16	other	spk16_29.wav	165	2	0.772614002228	19	0.5	0.190376569037657	0.866666666666667	2.7
19_16	19	FALSE	32	16	other	spk16_32.wav	134	1	0.771271944046	19	0.5	0.0606694560669456	0.866666666666667	2.7
19_16	19	FALSE	44	16	other	spk16_44.wav	50	1	2.22486114502	19	0.5	-0.290794979079498	0.866666666666667	2.7
19_16	19	FALSE	1	16	other	spk16_1.wav	103	2	1.22214412689	19	0.5	-0.0690376569037657	0.866666666666667	2.7
19_16	19	FALSE	4	16	other	spk16_4.wav	43	2	1.18913292885	19	0.5	-0.320083682008368	0.866666666666667	2.7
19_16	19	FALSE	15	16	other	spk16_15.wav	16	2	0.736409902573	19	0.5	-0.433054393305439	0.866666666666667	2.7
19_16	19	FALSE	19	16	other	spk16_19.wav	146	1	0.286992073059	19	0.5	0.110878661087866	0.866666666666667	2.7
19_16	19	FALSE	17	16	other	spk16_17.wav	178	1	0.721158027649	19	0.5	0.244769874476987	0.866666666666667	2.7
19_16	19	FALSE	46	16	other	spk16_46.wav	55	3	0.586209058762	19	0.5	-0.269874476987448	0.866666666666667	2.7
19_16	19	FALSE	58	16	other	spk16_58.wav	66	1	0.804680109024	19	0.5	-0.223849372384937	0.866666666666667	2.7
19_16	19	FALSE	11	16	other	spk16_11.wav	29	3	1.52213001251	19	0.5	-0.378661087866109	0.866666666666667	2.7
19_16	19	FALSE	28	16	other	spk16_28.wav	49	2	1.23657512665	19	0.5	-0.294979079497908	0.866666666666667	2.7
19_16	19	FALSE	33	16	other	spk16_33.wav	99	2	0.821078062057	19	0.5	-0.0857740585774058	0.866666666666667	2.7
19_16	19	FALSE	13	16	other	spk16_13.wav	3	3	0.937676906586	19	0.5	-0.48744769874477	0.866666666666667	2.7
19_16	19	FALSE	16	16	other	spk16_16.wav	115	4	0.336709022522	19	0.5	-0.0188284518828452	0.866666666666667	2.7
19_16	19	FALSE	35	16	other	spk16_35.wav	199	2	0.418098211288	19	0.5	0.332635983263598	0.866666666666667	2.7
19_16	19	FALSE	50	16	other	spk16_50.wav	35	2	0.789895057678	19	0.5	-0.353556485355649	0.866666666666667	2.7
19_16	19	FALSE	56	16	other	spk16_56.wav	140	1	0.954999923706	19	0.5	0.0857740585774058	0.866666666666667	2.7
19_16	19	FALSE	39	16	other	spk16_39.wav	64	2	0.836903095245	19	0.5	-0.232217573221757	0.866666666666667	2.7
19_16	19	FALSE	10	16	other	spk16_10.wav	2	2	1.4210999012	19	0.5	-0.49163179916318	0.866666666666667	2.7
19_16	19	FALSE	23	16	other	spk16_23.wav	71	2	2.5921459198	19	0.5	-0.202928870292887	0.866666666666667	2.7
19_16	19	FALSE	60	16	other	spk16_60.wav	187	2	1.48975300789	19	0.5	0.282426778242678	0.866666666666667	2.7
19_16	19	FALSE	24	16	other	spk16_24.wav	15	1	0.739018917084	19	0.5	-0.437238493723849	0.866666666666667	2.7
19_16	19	FALSE	18	16	other	spk16_18.wav	208	1	0.719651222229	19	0.5	0.370292887029289	0.866666666666667	2.7
19_16	19	FALSE	36	16	other	spk16_36.wav	143	3	0.855859994888	19	0.5	0.0983263598326359	0.866666666666667	2.7
19_16	19	FALSE	3	16	other	spk16_3.wav	31	2	1.03830814362	19	0.5	-0.370292887029289	0.866666666666667	2.7
19_16	19	FALSE	54	16	other	spk16_54.wav	193	2	1.11973595619	19	0.5	0.307531380753138	0.866666666666667	2.7
19_16	19	FALSE	31	16	other	spk16_31.wav	78	1	0.570609092712	19	0.5	-0.173640167364017	0.866666666666667	2.7
19_16	19	FALSE	27	16	other	spk16_27.wav	172	1	0.671325922012	19	0.5	0.219665271966527	0.866666666666667	2.7
19_16	19	FALSE	51	16	other	spk16_51.wav	61	1	1.18804383278	19	0.5	-0.244769874476987	0.866666666666667	2.7
19_16	19	FALSE	12	16	other	spk16_12.wav	51	2	0.670892953873	19	0.5	-0.286610878661088	0.866666666666667	2.7
19_16	19	FALSE	52	16	other	spk16_52.wav	81	3	0.506294965744	19	0.5	-0.161087866108787	0.866666666666667	2.7
19_16	19	FALSE	49	16	other	spk16_49.wav	176	2	0.53831410408	19	0.5	0.236401673640167	0.866666666666667	2.7
19_16	19	FALSE	59	16	other	spk16_59.wav	177	2	0.905229091644	19	0.5	0.240585774058577	0.866666666666667	2.7
19_16	19	FALSE	5	16	other	spk16_5.wav	97	3	0.755108833313	19	0.5	-0.0941422594142259	0.866666666666667	2.7
19_16	19	FALSE	20	16	other	spk16_20.wav	192	2	0.718783855438	19	0.5	0.303347280334728	0.866666666666667	2.7
19_16	19	FALSE	14	16	other	spk16_14.wav	86	2	1.27232694626	19	0.5	-0.140167364016736	0.866666666666667	2.7
19_16	19	FALSE	47	16	other	spk16_47.wav	155	2	1.03841400146	19	0.5	0.148535564853556	0.866666666666667	2.7
19_16	19	FALSE	38	16	other	spk16_38.wav	100	2	1.02168798447	19	0.5	-0.0815899581589958	0.866666666666667	2.7
19_16	19	FALSE	41	16	other	spk16_41.wav	62	2	1.7235929966	19	0.5	-0.240585774058577	0.866666666666667	2.7
19_16	19	FALSE	34	16	other	spk16_34.wav	171	2	0.570728063583	19	0.5	0.215481171548117	0.866666666666667	2.7
19_16	19	FALSE	26	16	other	spk16_26.wav	180	1	0.651908874512	19	0.5	0.253138075313807	0.866666666666667	2.7
19_16	19	FALSE	48	16	other	spk16_48.wav	190	2	1.35578989983	19	0.5	0.294979079497908	0.866666666666667	2.7
19_16	19	FALSE	53	16	other	spk16_53.wav	30	1	1.94071912766	19	0.5	-0.374476987447699	0.866666666666667	2.7
19_16	19	FALSE	6	16	other	spk16_6.wav	54	2	1.15399503708	19	0.5	-0.274058577405858	0.866666666666667	2.7
19_16	19	FALSE	45	16	other	spk16_45.wav	224	2	0.103411912918	19	0.5	0.437238493723849	0.866666666666667	2.7
19_16	19	FALSE	7	16	other	spk16_7.wav	233	2	1.37030816078	19	0.5	0.47489539748954	0.866666666666667	2.7
19_16	19	FALSE	43	16	other	spk16_43.wav	74	3	1.3234539032	19	0.5	-0.190376569037657	0.866666666666667	2.7
19_16	19	FALSE	37	16	other	spk16_37.wav	236	2	1.22083520889	19	0.5	0.48744769874477	0.866666666666667	2.7
19_16	19	FALSE	8	16	other	spk16_8.wav	101	2	0.905506849289	19	0.5	-0.0774058577405858	0.866666666666667	2.7
19_16	19	FALSE	9	16	other	spk16_9.wav	36	1	1.03732514381	19	0.5	-0.349372384937238	0.866666666666667	2.7
19_16	19	FALSE	2	16	other	spk16_2.wav	216	2	0.186424016953	19	0.5	0.403765690376569	0.866666666666667	2.7
19_16	19	FALSE	30	16	other	spk16_30.wav	232	1	0.553884029388	19	0.5	0.47071129707113	0.866666666666667	2.7
19_19	19	FALSE	45	19	self	spk19_45.wav	13	2	1.02293801308	19	-0.5	-0.445606694560669	0.866666666666667	2.4
19_19	19	FALSE	20	19	self	spk19_20.wav	39	2	1.47237491608	19	-0.5	-0.336820083682008	0.866666666666667	2.4
19_19	19	FALSE	12	19	self	spk19_12.wav	27	2	0.872626781464	19	-0.5	-0.387029288702929	0.866666666666667	2.4
19_19	19	FALSE	9	19	self	spk19_9.wav	5	3	1.13910698891	19	-0.5	-0.47907949790795	0.866666666666667	2.4
19_19	19	FALSE	24	19	self	spk19_24.wav	28	2	1.7711751461	19	-0.5	-0.382845188284519	0.866666666666667	2.4
19_19	19	FALSE	29	19	self	spk19_29.wav	52	3	0.753134012222	19	-0.5	-0.282426778242678	0.866666666666667	2.4
19_19	19	FALSE	32	19	self	spk19_32.wav	68	3	1.06997799873	19	-0.5	-0.215481171548117	0.866666666666667	2.4
19_19	19	FALSE	36	19	self	spk19_36.wav	53	2	0.989407062531	19	-0.5	-0.278242677824268	0.866666666666667	2.4
19_19	19	FALSE	54	19	self	spk19_54.wav	4	2	1.00432920456	19	-0.5	-0.48326359832636	0.866666666666667	2.4
19_19	19	FALSE	26	19	self	spk19_26.wav	75	1	0.771172046661	19	-0.5	-0.186192468619247	0.866666666666667	2.4
19_19	19	FALSE	33	19	self	spk19_33.wav	121	3	0.888268947601	19	-0.5	0.00627615062761511	0.866666666666667	2.4
19_19	19	FALSE	56	19	self	spk19_56.wav	85	2	1.02074718475	19	-0.5	-0.144351464435146	0.866666666666667	2.4
19_19	19	FALSE	27	19	self	spk19_27.wav	188	2	0.787884950638	19	-0.5	0.286610878661088	0.866666666666667	2.4
19_19	19	FALSE	37	19	self	spk19_37.wav	24	2	0.83770108223	19	-0.5	-0.399581589958159	0.866666666666667	2.4
19_19	19	FALSE	31	19	self	spk19_31.wav	65	3	0.905043125153	19	-0.5	-0.228033472803347	0.866666666666667	2.4
19_19	19	FALSE	11	19	self	spk19_11.wav	9	2	1.57240509987	19	-0.5	-0.46234309623431	0.866666666666667	2.4
19_19	19	FALSE	15	19	self	spk19_15.wav	139	2	0.870031118393	19	-0.5	0.0815899581589958	0.866666666666667	2.4
19_19	19	FALSE	39	19	self	spk19_39.wav	149	2	0.468327999115	19	-0.5	0.123430962343096	0.866666666666667	2.4
19_19	19	FALSE	38	19	self	spk19_38.wav	7	3	1.02696299553	19	-0.5	-0.47071129707113	0.866666666666667	2.4
19_19	19	FALSE	43	19	self	spk19_43.wav	119	3	0.73743891716	19	-0.5	-0.002092050209205	0.866666666666667	2.4
19_19	19	FALSE	58	19	self	spk19_58.wav	200	3	1.75692200661	19	-0.5	0.336820083682008	0.866666666666667	2.4
19_19	19	FALSE	2	19	self	spk19_2.wav	161	2	2.07457304001	19	-0.5	0.173640167364017	0.866666666666667	2.4
19_19	19	FALSE	44	19	self	spk19_44.wav	158	2	1.32283091545	19	-0.5	0.161087866108787	0.866666666666667	2.4
19_19	19	FALSE	46	19	self	spk19_46.wav	124	3	1.30448698997	19	-0.5	0.0188284518828452	0.866666666666667	2.4
19_19	19	FALSE	3	19	self	spk19_3.wav	204	2	1.25337910652	19	-0.5	0.353556485355649	0.866666666666667	2.4
19_19	19	FALSE	6	19	self	spk19_6.wav	125	2	0.520254135132	19	-0.5	0.0230125523012552	0.866666666666667	2.4
19_19	19	FALSE	57	19	self	spk19_57.wav	41	2	1.5730278492	19	-0.5	-0.328451882845188	0.866666666666667	2.4
19_19	19	FALSE	25	19	self	spk19_25.wav	127	2	1.15512609482	19	-0.5	0.0313807531380753	0.866666666666667	2.4
19_19	19	FALSE	60	19	self	spk19_60.wav	89	2	1.47307705879	19	-0.5	-0.127615062761506	0.866666666666667	2.4
19_19	19	FALSE	16	19	self	spk19_16.wav	170	2	0.169940948486	19	-0.5	0.211297071129707	0.866666666666667	2.4
19_19	19	FALSE	7	19	self	spk19_7.wav	210	2	0.754255056381	19	-0.5	0.378661087866109	0.866666666666667	2.4
19_19	19	FALSE	52	19	self	spk19_52.wav	90	3	0.534862041473	19	-0.5	-0.123430962343096	0.866666666666667	2.4
19_19	19	FALSE	17	19	self	spk19_17.wav	132	3	1.82375192642	19	-0.5	0.0523012552301255	0.866666666666667	2.4
19_19	19	FALSE	23	19	self	spk19_23.wav	92	4	1.42040801048	19	-0.5	-0.115062761506276	0.866666666666667	2.4
19_19	19	FALSE	40	19	self	spk19_40.wav	214	1	0.468724966049	19	-0.5	0.395397489539749	0.866666666666667	2.4
19_19	19	FALSE	5	19	self	spk19_5.wav	135	4	1.20375704765	19	-0.5	0.0648535564853556	0.866666666666667	2.4
19_19	19	FALSE	4	19	self	spk19_4.wav	83	1	0.420157194138	19	-0.5	-0.152719665271967	0.866666666666667	2.4
19_19	19	FALSE	21	19	self	spk19_21.wav	17	2	1.12210416794	19	-0.5	-0.428870292887029	0.866666666666667	2.4
19_19	19	FALSE	19	19	self	spk19_19.wav	138	2	0.822578907013	19	-0.5	0.0774058577405857	0.866666666666667	2.4
19_19	19	FALSE	8	19	self	spk19_8.wav	206	3	0.8188560009	19	-0.5	0.361924686192469	0.866666666666667	2.4
19_19	19	FALSE	50	19	self	spk19_50.wav	220	2	0.503537893295	19	-0.5	0.420502092050209	0.866666666666667	2.4
19_19	19	FALSE	53	19	self	spk19_53.wav	34	2	1.33755779266	19	-0.5	-0.357740585774059	0.866666666666667	2.4
19_19	19	FALSE	51	19	self	spk19_51.wav	88	3	1.42060399055	19	-0.5	-0.131799163179916	0.866666666666667	2.4
19_19	19	FALSE	47	19	self	spk19_47.wav	22	3	0.752089977264	19	-0.5	-0.407949790794979	0.866666666666667	2.4
19_19	19	FALSE	34	19	self	spk19_34.wav	144	2	0.336808919907	19	-0.5	0.102510460251046	0.866666666666667	2.4
19_19	19	FALSE	14	19	self	spk19_14.wav	104	2	1.05563282967	19	-0.5	-0.0648535564853556	0.866666666666667	2.4
19_19	19	FALSE	42	19	self	spk19_42.wav	105	4	1.37353992462	19	-0.5	-0.0606694560669456	0.866666666666667	2.4
19_19	19	FALSE	41	19	self	spk19_41.wav	227	2	0.21809220314	19	-0.5	0.449790794979079	0.866666666666667	2.4
19_19	19	FALSE	10	19	self	spk19_10.wav	107	3	1.15517091751	19	-0.5	-0.0523012552301255	0.866666666666667	2.4
19_19	19	FALSE	35	19	self	spk19_35.wav	189	2	0.654017925262	19	-0.5	0.290794979079498	0.866666666666667	2.4
19_19	19	FALSE	18	19	self	spk19_18.wav	109	2	2.00626802444	19	-0.5	-0.0439330543933054	0.866666666666667	2.4
19_19	19	FALSE	1	19	self	spk19_1.wav	110	2	0.954993009567	19	-0.5	-0.0397489539748954	0.866666666666667	2.4
19_19	19	FALSE	49	19	self	spk19_49.wav	179	4	0.453853130341	19	-0.5	0.248953974895398	0.866666666666667	2.4
19_19	19	FALSE	59	19	self	spk19_59.wav	153	2	0.755095005035	19	-0.5	0.140167364016736	0.866666666666667	2.4
19_19	19	FALSE	13	19	self	spk19_13.wav	47	3	1.68859100342	19	-0.5	-0.303347280334728	0.866666666666667	2.4
19_19	19	FALSE	30	19	self	spk19_30.wav	195	3	2.07487797737	19	-0.5	0.315899581589958	0.866666666666667	2.4
19_19	19	FALSE	22	19	self	spk19_22.wav	196	2	0.504799127579	19	-0.5	0.320083682008368	0.866666666666667	2.4
19_19	19	FALSE	48	19	self	spk19_48.wav	76	2	0.821238040924	19	-0.5	-0.182008368200837	0.866666666666667	2.4
19_19	19	FALSE	28	19	self	spk19_28.wav	238	3	0.888290166855	19	-0.5	0.49581589958159	0.866666666666667	2.4
19_19	19	FALSE	55	19	self	spk19_55.wav	239	3	1.48776102066	19	-0.5	0.5	0.866666666666667	2.4
19_3	19	FALSE	22	3	other	spk3_22.wav	0	2	1.79016685486	19	0.5	-0.5	0.866666666666667	3.1
19_3	19	FALSE	60	3	other	spk3_60.wav	202	3	0.77109003067	19	0.5	0.345188284518828	0.866666666666667	3.1
19_3	19	FALSE	15	3	other	spk3_15.wav	42	2	1.08880901337	19	0.5	-0.324267782426778	0.866666666666667	3.1
19_3	19	FALSE	11	3	other	spk3_11.wav	164	3	1.42328596115	19	0.5	0.186192468619247	0.866666666666667	3.1
19_3	19	FALSE	23	3	other	spk3_23.wav	84	3	1.48959708214	19	0.5	-0.148535564853557	0.866666666666667	3.1
19_3	19	FALSE	12	3	other	spk3_12.wav	45	2	1.55552601814	19	0.5	-0.311715481171548	0.866666666666667	3.1
19_3	19	FALSE	1	3	other	spk3_1.wav	46	2	1.60496807098	19	0.5	-0.307531380753138	0.866666666666667	3.1
19_3	19	FALSE	55	3	other	spk3_55.wav	87	3	1.30320692062	19	0.5	-0.135983263598326	0.866666666666667	3.1
19_3	19	FALSE	36	3	other	spk3_36.wav	8	3	0.936305046082	19	0.5	-0.46652719665272	0.866666666666667	3.1
19_3	19	FALSE	10	3	other	spk3_10.wav	129	3	0.805722951889	19	0.5	0.0397489539748954	0.866666666666667	3.1
19_3	19	FALSE	56	3	other	spk3_56.wav	131	4	0.685849189758	19	0.5	0.0481171548117155	0.866666666666667	3.1
19_3	19	FALSE	5	3	other	spk3_5.wav	145	4	0.387408971786	19	0.5	0.106694560669456	0.866666666666667	3.1
19_3	19	FALSE	43	3	other	spk3_43.wav	173	4	1.5229408741	19	0.5	0.223849372384937	0.866666666666667	3.1
19_3	19	FALSE	6	3	other	spk3_6.wav	79	3	0.88711810112	19	0.5	-0.169456066945607	0.866666666666667	3.1
19_3	19	FALSE	34	3	other	spk3_34.wav	175	2	1.10593605042	19	0.5	0.232217573221757	0.866666666666667	3.1
19_3	19	FALSE	21	3	other	spk3_21.wav	95	4	1.82400584221	19	0.5	-0.102510460251046	0.866666666666667	3.1
19_3	19	FALSE	18	3	other	spk3_18.wav	137	3	1.70737791061	19	0.5	0.0732217573221757	0.866666666666667	3.1
19_3	19	FALSE	37	3	other	spk3_37.wav	70	3	1.79128980637	19	0.5	-0.207112970711297	0.866666666666667	3.1
19_3	19	FALSE	35	3	other	spk3_35.wav	152	3	1.03750300407	19	0.5	0.135983263598326	0.866666666666667	3.1
19_3	19	FALSE	26	3	other	spk3_26.wav	111	2	0.855581998825	19	0.5	-0.0355648535564854	0.866666666666667	3.1
19_3	19	FALSE	14	3	other	spk3_14.wav	20	2	1.27211785316	19	0.5	-0.416317991631799	0.866666666666667	3.1
19_3	19	FALSE	17	3	other	spk3_17.wav	21	2	1.70565986633	19	0.5	-0.412133891213389	0.866666666666667	3.1
19_3	19	FALSE	29	3	other	spk3_29.wav	183	3	0.953212022781	19	0.5	0.265690376569038	0.866666666666667	3.1
19_3	19	FALSE	42	3	other	spk3_42.wav	23	4	1.33784508705	19	0.5	-0.403765690376569	0.866666666666667	3.1
19_3	19	FALSE	59	3	other	spk3_59.wav	77	4	0.886452913284	19	0.5	-0.177824267782427	0.866666666666667	3.1
19_3	19	FALSE	50	3	other	spk3_50.wav	25	3	1.73988986015	19	0.5	-0.395397489539749	0.866666666666667	3.1
19_3	19	FALSE	2	3	other	spk3_2.wav	213	2	1.30590796471	19	0.5	0.391213389121339	0.866666666666667	3.1
19_3	19	FALSE	31	3	other	spk3_31.wav	80	2	0.821969985962	19	0.5	-0.165271966527197	0.866666666666667	3.1
19_3	19	FALSE	48	3	other	spk3_48.wav	108	3	0.787436962128	19	0.5	-0.0481171548117155	0.866666666666667	3.1
19_3	19	FALSE	41	3	other	spk3_41.wav	150	5	0.570785045624	19	0.5	0.127615062761506	0.866666666666667	3.1
19_3	19	FALSE	19	3	other	spk3_19.wav	163	3	0.436329841614	19	0.5	0.182008368200837	0.866666666666667	3.1
19_3	19	FALSE	30	3	other	spk3_30.wav	203	3	0.388002157211	19	0.5	0.349372384937239	0.866666666666667	3.1
19_3	19	FALSE	25	3	other	spk3_25.wav	157	2	0.804131031036	19	0.5	0.156903765690377	0.866666666666667	3.1
19_3	19	FALSE	24	3	other	spk3_24.wav	154	3	1.01943087578	19	0.5	0.144351464435146	0.866666666666667	3.1
19_3	19	FALSE	58	3	other	spk3_58.wav	234	4	1.15287899971	19	0.5	0.47907949790795	0.866666666666667	3.1
19_3	19	FALSE	54	3	other	spk3_54.wav	156	3	1.82350301743	19	0.5	0.152719665271967	0.866666666666667	3.1
19_3	19	FALSE	8	3	other	spk3_8.wav	169	3	1.5876891613	19	0.5	0.207112970711297	0.866666666666667	3.1
19_3	19	FALSE	39	3	other	spk3_39.wav	211	3	0.62079501152	19	0.5	0.382845188284519	0.866666666666667	3.1
19_3	19	FALSE	9	3	other	spk3_9.wav	38	3	0.921651124954	19	0.5	-0.341004184100418	0.866666666666667	3.1
19_3	19	FALSE	28	3	other	spk3_28.wav	186	4	0.954413175583	19	0.5	0.278242677824268	0.866666666666667	3.1
19_3	19	FALSE	57	3	other	spk3_57.wav	118	4	1.22234082222	19	0.5	-0.00627615062761505	0.866666666666667	3.1
19_3	19	FALSE	16	3	other	spk3_16.wav	94	3	0.905020952225	19	0.5	-0.106694560669456	0.866666666666667	3.1
19_3	19	FALSE	46	3	other	spk3_46.wav	82	3	1.0718100071	19	0.5	-0.156903765690377	0.866666666666667	3.1
19_3	19	FALSE	13	3	other	spk3_13.wav	96	3	0.285786151886	19	0.5	-0.098326359832636	0.866666666666667	3.1
19_3	19	FALSE	53	3	other	spk3_53.wav	69	4	1.53937101364	19	0.5	-0.211297071129707	0.866666666666667	3.1
19_3	19	FALSE	40	3	other	spk3_40.wav	209	4	0.772133827209	19	0.5	0.374476987447699	0.866666666666667	3.1
19_3	19	FALSE	33	3	other	spk3_33.wav	166	4	1.07184290886	19	0.5	0.194560669456067	0.866666666666667	3.1
19_3	19	FALSE	47	3	other	spk3_47.wav	167	5	0.785691022873	19	0.5	0.198744769874477	0.866666666666667	3.1
19_3	19	FALSE	4	3	other	spk3_4.wav	60	2	1.3713889122	19	0.5	-0.248953974895398	0.866666666666667	3.1
19_3	19	FALSE	7	3	other	spk3_7.wav	222	3	0.804517030716	19	0.5	0.428870292887029	0.866666666666667	3.1
19_3	19	FALSE	32	3	other	spk3_32.wav	63	4	1.0552380085	19	0.5	-0.236401673640167	0.866666666666667	3.1
19_3	19	FALSE	20	3	other	spk3_20.wav	117	3	0.737775802612	19	0.5	-0.0104602510460251	0.866666666666667	3.1
19_3	19	FALSE	49	3	other	spk3_49.wav	116	4	0.921479940414	19	0.5	-0.0146443514644352	0.866666666666667	3.1
19_3	19	FALSE	3	3	other	spk3_3.wav	194	3	0.405348062515	19	0.5	0.311715481171548	0.866666666666667	3.1
19_3	19	FALSE	52	3	other	spk3_52.wav	141	3	1.48753094673	19	0.5	0.0899581589958159	0.866666666666667	3.1
19_3	19	FALSE	38	3	other	spk3_38.wav	215	4	0.503356933594	19	0.5	0.399581589958159	0.866666666666667	3.1
19_3	19	FALSE	27	3	other	spk3_27.wav	221	5	0.253410100937	19	0.5	0.424686192468619	0.866666666666667	3.1
19_3	19	FALSE	51	3	other	spk3_51.wav	191	3	0.937788963318	19	0.5	0.299163179916318	0.866666666666667	3.1
19_3	19	FALSE	44	3	other	spk3_44.wav	197	3	0.437351942062	19	0.5	0.324267782426778	0.866666666666667	3.1
19_3	19	FALSE	45	3	other	spk3_45.wav	113	3	0.503734111786	19	0.5	-0.0271966527196653	0.866666666666667	3.1
19_6	19	FALSE	35	6	other	spk6_35.wav	59	3	0.653357028961	19	0.5	-0.253138075313807	0.866666666666667	4
19_6	19	FALSE	40	6	other	spk6_40.wav	32	4	0.503352880478	19	0.5	-0.366108786610879	0.866666666666667	4
19_6	19	FALSE	18	6	other	spk6_18.wav	67	2	1.50476408005	19	0.5	-0.219665271966527	0.866666666666667	4
19_6	19	FALSE	55	6	other	spk6_55.wav	93	5	0.904993057251	19	0.5	-0.110878661087866	0.866666666666667	4
19_6	19	FALSE	52	6	other	spk6_52.wav	1	4	0.952272176743	19	0.5	-0.49581589958159	0.866666666666667	4
19_6	19	FALSE	42	6	other	spk6_42.wav	18	3	1.32081198692	19	0.5	-0.424686192468619	0.866666666666667	4
19_6	19	FALSE	37	6	other	spk6_37.wav	44	4	0.903884887695	19	0.5	-0.315899581589958	0.866666666666667	4
19_6	19	FALSE	46	6	other	spk6_46.wav	126	5	1.77375197411	19	0.5	0.0271966527196653	0.866666666666667	4
19_6	19	FALSE	23	6	other	spk6_23.wav	162	4	0.720951080322	19	0.5	0.177824267782427	0.866666666666667	4
19_6	19	FALSE	11	6	other	spk6_11.wav	174	4	0.905837059021	19	0.5	0.228033472803347	0.866666666666667	4
19_6	19	FALSE	45	6	other	spk6_45.wav	106	4	0.621776103973	19	0.5	-0.0564853556485356	0.866666666666667	4
19_6	19	FALSE	26	6	other	spk6_26.wav	147	2	1.12173008919	19	0.5	0.115062761506276	0.866666666666667	4
19_6	19	FALSE	56	6	other	spk6_56.wav	219	5	0.887018918991	19	0.5	0.416317991631799	0.866666666666667	4
19_6	19	FALSE	2	6	other	spk6_2.wav	57	4	2.12196493149	19	0.5	-0.261506276150628	0.866666666666667	4
19_6	19	FALSE	47	6	other	spk6_47.wav	218	5	0.987114906311	19	0.5	0.412133891213389	0.866666666666667	4
19_6	19	FALSE	54	6	other	spk6_54.wav	58	3	0.988211870193	19	0.5	-0.257322175732218	0.866666666666667	4
19_6	19	FALSE	49	6	other	spk6_49.wav	11	4	1.18887090683	19	0.5	-0.45397489539749	0.866666666666667	4
19_6	19	FALSE	30	6	other	spk6_30.wav	91	4	1.45486497879	19	0.5	-0.119246861924686	0.866666666666667	4
19_6	19	FALSE	7	6	other	spk6_7.wav	26	3	1.53805708885	19	0.5	-0.391213389121339	0.866666666666667	4
19_6	19	FALSE	9	6	other	spk6_9.wav	130	3	1.27334403992	19	0.5	0.0439330543933054	0.866666666666667	4
19_6	19	FALSE	10	6	other	spk6_10.wav	40	3	1.35475993156	19	0.5	-0.332635983263598	0.866666666666667	4
19_6	19	FALSE	34	6	other	spk6_34.wav	72	3	1.52277112007	19	0.5	-0.198744769874477	0.866666666666667	4
19_6	19	FALSE	31	6	other	spk6_31.wav	123	3	1.00546884537	19	0.5	0.0146443514644351	0.866666666666667	4
19_6	19	FALSE	4	6	other	spk6_4.wav	160	3	0.987660884857	19	0.5	0.169456066945607	0.866666666666667	4
19_6	19	FALSE	41	6	other	spk6_41.wav	217	5	0.920319795609	19	0.5	0.407949790794979	0.866666666666667	4
19_6	19	FALSE	16	6	other	spk6_16.wav	48	4	1.0720179081	19	0.5	-0.299163179916318	0.866666666666667	4
19_6	19	FALSE	53	6	other	spk6_53.wav	6	4	1.42058610916	19	0.5	-0.47489539748954	0.866666666666667	4
19_6	19	FALSE	3	6	other	spk6_3.wav	151	4	0.0192980766296	19	0.5	0.131799163179916	0.866666666666667	4
19_6	19	FALSE	25	6	other	spk6_25.wav	102	5	1.22252392769	19	0.5	-0.0732217573221757	0.866666666666667	4
19_6	19	FALSE	51	6	other	spk6_51.wav	133	4	0.919453859329	19	0.5	0.0564853556485355	0.866666666666667	4
19_6	19	FALSE	39	6	other	spk6_39.wav	185	4	0.303848981857	19	0.5	0.274058577405858	0.866666666666667	4
19_6	19	FALSE	12	6	other	spk6_12.wav	10	3	1.19139409065	19	0.5	-0.4581589958159	0.866666666666667	4
19_6	19	FALSE	57	6	other	spk6_57.wav	12	3	1.52202987671	19	0.5	-0.449790794979079	0.866666666666667	4
19_6	19	FALSE	33	6	other	spk6_33.wav	231	5	0.785702943802	19	0.5	0.46652719665272	0.866666666666667	4
19_6	19	FALSE	21	6	other	spk6_21.wav	98	5	1.65791010857	19	0.5	-0.0899581589958159	0.866666666666667	4
19_6	19	FALSE	20	6	other	spk6_20.wav	136	5	0.284163951874	19	0.5	0.0690376569037657	0.866666666666667	4
19_6	19	FALSE	59	6	other	spk6_59.wav	230	5	0.505977869034	19	0.5	0.46234309623431	0.866666666666667	4
19_6	19	FALSE	14	6	other	spk6_14.wav	235	2	2.073168993	19	0.5	0.48326359832636	0.866666666666667	4
19_6	19	FALSE	1	6	other	spk6_1.wav	142	4	1.17285585403	19	0.5	0.0941422594142259	0.866666666666667	4
19_6	19	FALSE	27	6	other	spk6_27.wav	112	4	0.418331861496	19	0.5	-0.0313807531380753	0.866666666666667	4
19_6	19	FALSE	38	6	other	spk6_38.wav	114	5	1.30597496033	19	0.5	-0.0230125523012552	0.866666666666667	4
19_6	19	FALSE	58	6	other	spk6_58.wav	226	4	0.686984062195	19	0.5	0.445606694560669	0.866666666666667	4
19_6	19	FALSE	28	6	other	spk6_28.wav	159	5	2.04113888741	19	0.5	0.165271966527197	0.866666666666667	4
19_6	19	FALSE	17	6	other	spk6_17.wav	223	3	1.03842902184	19	0.5	0.433054393305439	0.866666666666667	4
19_6	19	FALSE	13	6	other	spk6_13.wav	225	3	1.69014811516	19	0.5	0.441422594142259	0.866666666666667	4
19_6	19	FALSE	43	6	other	spk6_43.wav	122	4	0.952830076218	19	0.5	0.0104602510460251	0.866666666666667	4
19_6	19	FALSE	8	6	other	spk6_8.wav	229	5	0.818929195404	19	0.5	0.4581589958159	0.866666666666667	4
19_6	19	FALSE	50	6	other	spk6_50.wav	182	2	1.22243499756	19	0.5	0.261506276150628	0.866666666666667	4
19_6	19	FALSE	6	6	other	spk6_6.wav	201	4	1.45603299141	19	0.5	0.341004184100418	0.866666666666667	4
19_6	19	FALSE	15	6	other	spk6_15.wav	128	4	1.52307391167	19	0.5	0.0355648535564853	0.866666666666667	4
19_6	19	FALSE	22	6	other	spk6_22.wav	33	3	0.284477949142	19	0.5	-0.361924686192469	0.866666666666667	4
19_6	19	FALSE	29	6	other	spk6_29.wav	212	5	0.854673147202	19	0.5	0.387029288702929	0.866666666666667	4
19_6	19	FALSE	24	6	other	spk6_24.wav	181	3	0.704971075058	19	0.5	0.257322175732218	0.866666666666667	4
19_6	19	FALSE	19	6	other	spk6_19.wav	37	2	1.60627293587	19	0.5	-0.345188284518828	0.866666666666667	4
19_6	19	FALSE	36	6	other	spk6_36.wav	198	4	0.451312065125	19	0.5	0.328451882845188	0.866666666666667	4
19_6	19	FALSE	48	6	other	spk6_48.wav	168	3	1.13938212395	19	0.5	0.202928870292887	0.866666666666667	4
19_6	19	FALSE	60	6	other	spk6_60.wav	73	3	0.75347495079	19	0.5	-0.194560669456067	0.866666666666667	4
19_6	19	FALSE	44	6	other	spk6_44.wav	207	4	0.169403076172	19	0.5	0.366108786610879	0.866666666666667	4
19_6	19	FALSE	5	6	other	spk6_5.wav	184	5	0.737462997437	19	0.5	0.269874476987448	0.866666666666667	4
19_6	19	FALSE	32	6	other	spk6_32.wav	237	5	1.25699687004	19	0.5	0.49163179916318	0.866666666666667	4
2_12	2	D	42	12	other	spk12_42.wav	0	2	2.22600483894	2	0.5	-0.5	0.866666666666666	2.4
2_12	2	D	55	12	other	spk12_55.wav	162	2	2.0589299202	2	0.5	0.177824267782427	0.866666666666666	2.4
2_12	2	D	35	12	other	spk12_35.wav	163	1	0.370149850845	2	0.5	0.182008368200837	0.866666666666666	2.4
2_12	2	D	48	12	other	spk12_48.wav	137	3	0.620734214783	2	0.5	0.0732217573221757	0.866666666666666	2.4
2_12	2	D	34	12	other	spk12_34.wav	125	1	0.671165943146	2	0.5	0.0230125523012552	0.866666666666666	2.4
2_12	2	D	30	12	other	spk12_30.wav	126	1	0.200906038284	2	0.5	0.0271966527196653	0.866666666666666	2.4
2_12	2	D	22	12	other	spk12_22.wav	46	3	1.17251110077	2	0.5	-0.307531380753138	0.866666666666666	2.4
2_12	2	D	17	12	other	spk12_17.wav	7	2	0.97200012207	2	0.5	-0.47071129707113	0.866666666666666	2.4
2_12	2	D	32	12	other	spk12_32.wav	129	4	0.652451038361	2	0.5	0.0397489539748954	0.866666666666666	2.4
2_12	2	D	60	12	other	spk12_60.wav	130	3	0.334681034088	2	0.5	0.0439330543933054	0.866666666666666	2.4
2_12	2	D	19	12	other	spk12_19.wav	171	3	0.119832038879	2	0.5	0.215481171548117	0.866666666666666	2.4
2_12	2	D	3	12	other	spk12_3.wav	91	2	0.320612192154	2	0.5	-0.119246861924686	0.866666666666666	2.4
2_12	2	D	18	12	other	spk12_18.wav	78	3	0.286458015442	2	0.5	-0.173640167364017	0.866666666666666	2.4
2_12	2	D	10	12	other	spk12_10.wav	13	3	0.988661050797	2	0.5	-0.445606694560669	0.866666666666666	2.4
2_12	2	D	4	12	other	spk12_4.wav	67	2	0.769299030304	2	0.5	-0.219665271966527	0.866666666666666	2.4
2_12	2	D	13	12	other	spk12_13.wav	95	1	0.386970996857	2	0.5	-0.102510460251046	0.866666666666666	2.4
2_12	2	D	47	12	other	spk12_47.wav	190	3	0.971879959106	2	0.5	0.294979079497908	0.866666666666666	2.4
2_12	2	D	44	12	other	spk12_44.wav	57	2	0.504254102707	2	0.5	-0.261506276150628	0.866666666666666	2.4
2_12	2	D	2	12	other	spk12_2.wav	139	1	0.485112190247	2	0.5	0.0815899581589958	0.866666666666666	2.4
2_12	2	D	45	12	other	spk12_45.wav	140	1	1.38990688324	2	0.5	0.0857740585774058	0.866666666666666	2.4
2_12	2	D	37	12	other	spk12_37.wav	221	2	0.83825802803	2	0.5	0.424686192468619	0.866666666666666	2.4
2_12	2	D	9	12	other	spk12_9.wav	142	2	0.286512136459	2	0.5	0.0941422594142259	0.866666666666666	2.4
2_12	2	D	49	12	other	spk12_49.wav	183	3	0.905319929123	2	0.5	0.265690376569038	0.866666666666666	2.4
2_12	2	D	56	12	other	spk12_56.wav	224	2	0.788038015366	2	0.5	0.437238493723849	0.866666666666666	2.4
2_12	2	D	14	12	other	spk12_14.wav	145	2	0.737833976746	2	0.5	0.106694560669456	0.866666666666666	2.4
2_12	2	D	24	12	other	spk12_24.wav	225	2	0.387409925461	2	0.5	0.441422594142259	0.866666666666666	2.4
2_12	2	D	21	12	other	spk12_21.wav	106	2	0.821638822556	2	0.5	-0.0564853556485356	0.866666666666666	2.4
2_12	2	D	5	12	other	spk12_5.wav	161	2	0.504001140594	2	0.5	0.173640167364017	0.866666666666666	2.4
2_12	2	D	36	12	other	spk12_36.wav	28	1	0.738286018372	2	0.5	-0.382845188284519	0.866666666666666	2.4
2_12	2	D	25	12	other	spk12_25.wav	108	2	0.353296995163	2	0.5	-0.0481171548117155	0.866666666666666	2.4
2_12	2	D	20	12	other	spk12_20.wav	191	2	0.153594970703	2	0.5	0.299163179916318	0.866666666666666	2.4
2_12	2	D	39	12	other	spk12_39.wav	192	1	0.136613845825	2	0.5	0.303347280334728	0.866666666666666	2.4
2_12	2	D	8	12	other	spk12_8.wav	193	1	0.403656959534	2	0.5	0.307531380753138	0.866666666666666	2.4
2_12	2	D	29	12	other	spk12_29.wav	33	3	0.487270116806	2	0.5	-0.361924686192469	0.866666666666666	2.4
2_12	2	D	6	12	other	spk12_6.wav	114	1	0.504489898682	2	0.5	-0.0230125523012552	0.866666666666666	2.4
2_12	2	D	15	12	other	spk12_15.wav	182	2	0.420269966125	2	0.5	0.261506276150628	0.866666666666666	2.4
2_12	2	D	53	12	other	spk12_53.wav	36	2	1.0060839653	2	0.5	-0.349372384937238	0.866666666666666	2.4
2_12	2	D	16	12	other	spk12_16.wav	117	1	0.554217100143	2	0.5	-0.0104602510460251	0.866666666666666	2.4
2_12	2	D	59	12	other	spk12_59.wav	99	2	0.80274605751	2	0.5	-0.0857740585774058	0.866666666666666	2.4
2_12	2	D	40	12	other	spk12_40.wav	39	1	1.08957004547	2	0.5	-0.336820083682008	0.866666666666666	2.4
2_12	2	D	27	12	other	spk12_27.wav	214	3	0.15340089798	2	0.5	0.395397489539749	0.866666666666666	2.4
2_12	2	D	57	12	other	spk12_57.wav	81	2	0.386930942535	2	0.5	-0.161087866108787	0.866666666666666	2.4
2_12	2	D	28	12	other	spk12_28.wav	227	1	0.738023996353	2	0.5	0.449790794979079	0.866666666666666	2.4
2_12	2	D	26	12	other	spk12_26.wav	56	1	0.236439943314	2	0.5	-0.265690376569038	0.866666666666666	2.4
2_12	2	D	1	12	other	spk12_1.wav	205	3	0.971971988678	2	0.5	0.357740585774059	0.866666666666666	2.4
2_12	2	D	46	12	other	spk12_46.wav	166	2	0.587519884109	2	0.5	0.194560669456067	0.866666666666666	2.4
2_12	2	D	52	12	other	spk12_52.wav	179	1	0.117298841476	2	0.5	0.248953974895398	0.866666666666666	2.4
2_12	2	D	58	12	other	spk12_58.wav	47	2	0.704694986343	2	0.5	-0.303347280334728	0.866666666666666	2.4
2_12	2	D	38	12	other	spk12_38.wav	239	2	0.26992893219	2	0.5	0.5	0.866666666666666	2.4
2_12	2	D	7	12	other	spk12_7.wav	222	3	0.604358911514	2	0.5	0.428870292887029	0.866666666666666	2.4
2_12	2	D	31	12	other	spk12_31.wav	101	3	1.07249283791	2	0.5	-0.0774058577405858	0.866666666666666	2.4
2_12	2	D	41	12	other	spk12_41.wav	112	2	0.437509059906	2	0.5	-0.0313807531380753	0.866666666666666	2.4
2_12	2	D	54	12	other	spk12_54.wav	109	3	0.554224967957	2	0.5	-0.0439330543933054	0.866666666666666	2.4
2_12	2	D	23	12	other	spk12_23.wav	79	3	1.10583305359	2	0.5	-0.169456066945607	0.866666666666666	2.4
2_12	2	D	11	12	other	spk12_11.wav	238	2	0.470920085907	2	0.5	0.49581589958159	0.866666666666666	2.4
2_12	2	D	33	12	other	spk12_33.wav	201	2	0.905184030533	2	0.5	0.341004184100418	0.866666666666666	2.4
2_12	2	D	12	12	other	spk12_12.wav	113	2	0.754842996597	2	0.5	-0.0271966527196653	0.866666666666666	2.4
2_12	2	D	50	12	other	spk12_50.wav	149	1	0.82141494751	2	0.5	0.123430962343096	0.866666666666666	2.4
2_12	2	D	51	12	other	spk12_51.wav	232	1	0.921908140182	2	0.5	0.47071129707113	0.866666666666666	2.4
2_12	2	D	43	12	other	spk12_43.wav	178	3	0.788107156754	2	0.5	0.244769874476987	0.866666666666666	2.4
2_2	2	D	12	2	self	spk2_12.wav	10	1	0.854856014252	2	-0.5	-0.4581589958159	0.866666666666666	1.8
2_2	2	D	44	2	self	spk2_44.wav	23	3	0.754334926605	2	-0.5	-0.403765690376569	0.866666666666666	1.8
2_2	2	D	42	2	self	spk2_42.wav	89	2	0.788257837296	2	-0.5	-0.127615062761506	0.866666666666666	1.8
2_2	2	D	3	2	self	spk2_3.wav	94	2	0.620937108994	2	-0.5	-0.106694560669456	0.866666666666666	1.8
2_2	2	D	9	2	self	spk2_9.wav	146	1	0.169486045837	2	-0.5	0.110878661087866	0.866666666666666	1.8
2_2	2	D	4	2	self	spk2_4.wav	63	2	1.10506701469	2	-0.5	-0.236401673640167	0.866666666666666	1.8
2_2	2	D	47	2	self	spk2_47.wav	49	3	1.40661096573	2	-0.5	-0.294979079497908	0.866666666666666	1.8
2_2	2	D	57	2	self	spk2_57.wav	3	1	1.0221991539	2	-0.5	-0.48744769874477	0.866666666666666	1.8
2_2	2	D	58	2	self	spk2_58.wav	128	3	0.637846946716	2	-0.5	0.0355648535564853	0.866666666666666	1.8
2_2	2	D	2	2	self	spk2_2.wav	169	1	0.0850491523743	2	-0.5	0.207112970711297	0.866666666666666	1.8
2_2	2	D	28	2	self	spk2_28.wav	155	2	0.621020078659	2	-0.5	0.148535564853556	0.866666666666666	1.8
2_2	2	D	33	2	self	spk2_33.wav	48	2	0.535467147827	2	-0.5	-0.299163179916318	0.866666666666666	1.8
2_2	2	D	59	2	self	spk2_59.wav	212	2	0.35253405571	2	-0.5	0.387029288702929	0.866666666666666	1.8
2_2	2	D	14	2	self	spk2_14.wav	134	1	0.287082910538	2	-0.5	0.0606694560669456	0.866666666666666	1.8
2_2	2	D	10	2	self	spk2_10.wav	11	2	1.99205112457	2	-0.5	-0.45397489539749	0.866666666666666	1.8
2_2	2	D	22	2	self	spk2_22.wav	12	2	1.52374410629	2	-0.5	-0.449790794979079	0.866666666666666	1.8
2_2	2	D	31	2	self	spk2_31.wav	30	1	0.788196086884	2	-0.5	-0.374476987447699	0.866666666666666	1.8
2_2	2	D	17	2	self	spk2_17.wav	97	1	0.852989196777	2	-0.5	-0.0941422594142259	0.866666666666666	1.8
2_2	2	D	8	2	self	spk2_8.wav	83	1	0.487502098083	2	-0.5	-0.152719665271967	0.866666666666666	1.8
2_2	2	D	46	2	self	spk2_46.wav	87	2	0.688745975494	2	-0.5	-0.135983263598326	0.866666666666666	1.8
2_2	2	D	18	2	self	spk2_18.wav	154	1	0.670938014984	2	-0.5	0.144351464435146	0.866666666666666	1.8
2_2	2	D	23	2	self	spk2_23.wav	141	2	1.15610599518	2	-0.5	0.0899581589958159	0.866666666666666	1.8
2_2	2	D	54	2	self	spk2_54.wav	22	2	0.7045981884	2	-0.5	-0.407949790794979	0.866666666666666	1.8
2_2	2	D	36	2	self	spk2_36.wav	9	2	0.687711954117	2	-0.5	-0.46234309623431	0.866666666666666	1.8
2_2	2	D	39	2	self	spk2_39.wav	172	2	0.0170760154724	2	-0.5	0.219665271966527	0.866666666666666	1.8
2_2	2	D	38	2	self	spk2_38.wav	65	2	0.555070877075	2	-0.5	-0.228033472803347	0.866666666666666	1.8
2_2	2	D	52	2	self	spk2_52.wav	53	2	0.554196834564	2	-0.5	-0.278242677824268	0.866666666666666	1.8
2_2	2	D	11	2	self	spk2_11.wav	133	1	1.05546498299	2	-0.5	0.0564853556485355	0.866666666666666	1.8
2_2	2	D	53	2	self	spk2_53.wav	42	1	1.30621695518	2	-0.5	-0.324267782426778	0.866666666666666	1.8
2_2	2	D	6	2	self	spk2_6.wav	82	1	0.921955108643	2	-0.5	-0.156903765690377	0.866666666666666	1.8
2_2	2	D	29	2	self	spk2_29.wav	150	2	0.755270957947	2	-0.5	0.127615062761506	0.866666666666666	1.8
2_2	2	D	56	2	self	spk2_56.wav	16	2	0.888500213623	2	-0.5	-0.433054393305439	0.866666666666666	1.8
2_2	2	D	55	2	self	spk2_55.wav	207	1	1.07309484482	2	-0.5	0.366108786610879	0.866666666666666	1.8
2_2	2	D	30	2	self	spk2_30.wav	71	2	0.754666090012	2	-0.5	-0.202928870292887	0.866666666666666	1.8
2_2	2	D	16	2	self	spk2_16.wav	19	2	0.43709397316	2	-0.5	-0.420502092050209	0.866666666666666	1.8
2_2	2	D	5	2	self	spk2_5.wav	35	2	0.420993804932	2	-0.5	-0.353556485355649	0.866666666666666	1.8
2_2	2	D	40	2	self	spk2_40.wav	143	3	0.386984109879	2	-0.5	0.0983263598326359	0.866666666666666	1.8
2_2	2	D	21	2	self	spk2_21.wav	170	2	0.386874198914	2	-0.5	0.211297071129707	0.866666666666666	1.8
2_2	2	D	24	2	self	spk2_24.wav	38	2	0.804724931717	2	-0.5	-0.341004184100418	0.866666666666666	1.8
2_2	2	D	35	2	self	spk2_35.wav	226	1	0.754786968231	2	-0.5	0.445606694560669	0.866666666666666	1.8
2_2	2	D	15	2	self	spk2_15.wav	104	2	0.437687158585	2	-0.5	-0.0648535564853556	0.866666666666666	1.8
2_2	2	D	41	2	self	spk2_41.wav	80	1	0.721159219742	2	-0.5	-0.165271966527197	0.866666666666666	1.8
2_2	2	D	43	2	self	spk2_43.wav	217	2	0.971910953522	2	-0.5	0.407949790794979	0.866666666666666	1.8
2_2	2	D	60	2	self	spk2_60.wav	136	2	0.320172071457	2	-0.5	0.0690376569037657	0.866666666666666	1.8
2_2	2	D	45	2	self	spk2_45.wav	69	1	0.771852016449	2	-0.5	-0.211297071129707	0.866666666666666	1.8
2_2	2	D	20	2	self	spk2_20.wav	153	2	0.436969995499	2	-0.5	0.140167364016736	0.866666666666666	1.8
2_2	2	D	25	2	self	spk2_25.wav	62	2	0.654402971268	2	-0.5	-0.240585774058577	0.866666666666666	1.8
2_2	2	D	32	2	self	spk2_32.wav	111	3	0.921818971634	2	-0.5	-0.0355648535564854	0.866666666666666	1.8
2_2	2	D	51	2	self	spk2_51.wav	60	1	1.28748893738	2	-0.5	-0.248953974895398	0.866666666666666	1.8
2_2	2	D	13	2	self	spk2_13.wav	223	1	0.588078975677	2	-0.5	0.433054393305439	0.866666666666666	1.8
2_2	2	D	48	2	self	spk2_48.wav	92	1	0.871721029282	2	-0.5	-0.115062761506276	0.866666666666666	1.8
2_2	2	D	50	2	self	spk2_50.wav	50	2	0.48770904541	2	-0.5	-0.290794979079498	0.866666666666666	1.8
2_2	2	D	1	2	self	spk2_1.wav	158	3	0.905170917511	2	-0.5	0.161087866108787	0.866666666666666	1.8
2_2	2	D	37	2	self	spk2_37.wav	184	2	0.905144929886	2	-0.5	0.269874476987448	0.866666666666666	1.8
2_2	2	D	7	2	self	spk2_7.wav	17	2	1.52383804321	2	-0.5	-0.428870292887029	0.866666666666666	1.8
2_2	2	D	34	2	self	spk2_34.wav	75	1	1.08904504776	2	-0.5	-0.186192468619247	0.866666666666666	1.8
2_2	2	D	49	2	self	spk2_49.wav	229	1	0.604094982147	2	-0.5	0.4581589958159	0.866666666666666	1.8
2_2	2	D	27	2	self	spk2_27.wav	210	3	0.772070884705	2	-0.5	0.378661087866109	0.866666666666666	1.8
2_2	2	D	26	2	self	spk2_26.wav	230	1	0.404549121857	2	-0.5	0.46234309623431	0.866666666666666	1.8
2_2	2	D	19	2	self	spk2_19.wav	144	2	0.351459980011	2	-0.5	0.102510460251046	0.866666666666666	1.8
2_20	2	D	14	20	other	spk20_14.wav	52	1	0.621523857117	2	0.5	-0.282426778242678	0.866666666666666	3.1
2_20	2	D	35	20	other	spk20_35.wav	168	3	0.989391088486	2	0.5	0.202928870292887	0.866666666666666	3.1
2_20	2	D	8	20	other	spk20_8.wav	124	1	0.604330062866	2	0.5	0.0188284518828452	0.866666666666666	3.1
2_20	2	D	48	20	other	spk20_48.wav	25	2	0.838320016861	2	0.5	-0.395397489539749	0.866666666666666	3.1
2_20	2	D	57	20	other	spk20_57.wav	196	4	0.618878126144	2	0.5	0.320083682008368	0.866666666666666	3.1
2_20	2	D	25	20	other	spk20_25.wav	213	2	0.386890888214	2	0.5	0.391213389121339	0.866666666666666	3.1
2_20	2	D	26	20	other	spk20_26.wav	90	1	0.470942974091	2	0.5	-0.123430962343096	0.866666666666666	3.1
2_20	2	D	46	20	other	spk20_46.wav	2	2	1.6915678978	2	0.5	-0.49163179916318	0.866666666666666	3.1
2_20	2	D	3	20	other	spk20_3.wav	211	1	0.871942996979	2	0.5	0.382845188284519	0.866666666666666	3.1
2_20	2	D	49	20	other	spk20_49.wav	203	2	1.35700106621	2	0.5	0.349372384937239	0.866666666666666	3.1
2_20	2	D	12	20	other	spk20_12.wav	138	2	0.821281194687	2	0.5	0.0774058577405857	0.866666666666666	3.1
2_20	2	D	59	20	other	spk20_59.wav	197	2	0.3534719944	2	0.5	0.324267782426778	0.866666666666666	3.1
2_20	2	D	28	20	other	spk20_28.wav	15	2	0.854880094528	2	0.5	-0.437238493723849	0.866666666666666	3.1
2_20	2	D	5	20	other	spk20_5.wav	20	2	1.08909606934	2	0.5	-0.416317991631799	0.866666666666666	3.1
2_20	2	D	24	20	other	spk20_24.wav	181	2	0.520974159241	2	0.5	0.257322175732218	0.866666666666666	3.1
2_20	2	D	20	20	other	spk20_20.wav	115	1	0.872404813766	2	0.5	-0.0188284518828452	0.866666666666666	3.1
2_20	2	D	54	20	other	spk20_54.wav	61	3	1.27300310135	2	0.5	-0.244769874476987	0.866666666666666	3.1
2_20	2	D	37	20	other	spk20_37.wav	37	3	0.854912996292	2	0.5	-0.345188284518828	0.866666666666666	3.1
2_20	2	D	58	20	other	spk20_58.wav	24	4	1.67413401604	2	0.5	-0.399581589958159	0.866666666666666	3.1
2_20	2	D	21	20	other	spk20_21.wav	54	3	0.754706144333	2	0.5	-0.274058577405858	0.866666666666666	3.1
2_20	2	D	19	20	other	spk20_19.wav	173	4	0.937491178513	2	0.5	0.223849372384937	0.866666666666666	3.1
2_20	2	D	10	20	other	spk20_10.wav	1	1	1.59120988846	2	0.5	-0.49581589958159	0.866666666666666	3.1
2_20	2	D	4	20	other	spk20_4.wav	176	2	0.169920921326	2	0.5	0.236401673640167	0.866666666666666	3.1
2_20	2	D	30	20	other	spk20_30.wav	110	2	0.336730957031	2	0.5	-0.0397489539748954	0.866666666666666	3.1
2_20	2	D	22	20	other	spk20_22.wav	177	2	0.804909229279	2	0.5	0.240585774058577	0.866666666666666	3.1
2_20	2	D	11	20	other	spk20_11.wav	6	1	0.988600969315	2	0.5	-0.47489539748954	0.866666666666666	3.1
2_20	2	D	50	20	other	spk20_50.wav	45	2	0.337552070618	2	0.5	-0.311715481171548	0.866666666666666	3.1
2_20	2	D	60	20	other	spk20_60.wav	233	3	0.938672065735	2	0.5	0.47489539748954	0.866666666666666	3.1
2_20	2	D	33	20	other	spk20_33.wav	180	3	0.869815826416	2	0.5	0.253138075313807	0.866666666666666	3.1
2_20	2	D	52	20	other	spk20_52.wav	235	2	0.219670057297	2	0.5	0.48326359832636	0.866666666666666	3.1
2_20	2	D	41	20	other	spk20_41.wav	116	1	0.620927810669	2	0.5	-0.0146443514644352	0.866666666666666	3.1
2_20	2	D	47	20	other	spk20_47.wav	64	2	1.28974199295	2	0.5	-0.232217573221757	0.866666666666666	3.1
2_20	2	D	23	20	other	spk20_23.wav	147	3	0.972218036652	2	0.5	0.115062761506276	0.866666666666666	3.1
2_20	2	D	7	20	other	spk20_7.wav	119	3	1.02299785614	2	0.5	-0.002092050209205	0.866666666666666	3.1
2_20	2	D	42	20	other	spk20_42.wav	148	2	0.721663951874	2	0.5	0.119246861924686	0.866666666666666	3.1
2_20	2	D	31	20	other	spk20_31.wav	189	4	1.55804085732	2	0.5	0.290794979079498	0.866666666666666	3.1
2_20	2	D	27	20	other	spk20_27.wav	216	2	0.537486076355	2	0.5	0.403765690376569	0.866666666666666	3.1
2_20	2	D	39	20	other	spk20_39.wav	29	2	0.437024116516	2	0.5	-0.378661087866109	0.866666666666666	3.1
2_20	2	D	55	20	other	spk20_55.wav	85	2	0.705274105072	2	0.5	-0.144351464435146	0.866666666666666	3.1
2_20	2	D	15	20	other	spk20_15.wav	59	1	1.22177100182	2	0.5	-0.253138075313807	0.866666666666666	3.1
2_20	2	D	9	20	other	spk20_9.wav	18	3	0.771395921707	2	0.5	-0.424686192468619	0.866666666666666	3.1
2_20	2	D	29	20	other	spk20_29.wav	58	1	0.871695995331	2	0.5	-0.257322175732218	0.866666666666666	3.1
2_20	2	D	2	20	other	spk20_2.wav	41	1	0.20362496376	2	0.5	-0.328451882845188	0.866666666666666	3.1
2_20	2	D	17	20	other	spk20_17.wav	120	1	0.721495866776	2	0.5	0.002092050209205	0.866666666666666	3.1
2_20	2	D	53	20	other	spk20_53.wav	198	1	1.1894659996	2	0.5	0.328451882845188	0.866666666666666	3.1
2_20	2	D	56	20	other	spk20_56.wav	185	1	0.520316839218	2	0.5	0.274058577405858	0.866666666666666	3.1
2_20	2	D	32	20	other	spk20_32.wav	103	4	0.554659843445	2	0.5	-0.0690376569037657	0.866666666666666	3.1
2_20	2	D	36	20	other	spk20_36.wav	31	2	0.521302938461	2	0.5	-0.370292887029289	0.866666666666666	3.1
2_20	2	D	45	20	other	spk20_45.wav	121	2	0.0526189804077	2	0.5	0.00627615062761511	0.866666666666666	3.1
2_20	2	D	18	20	other	spk20_18.wav	122	2	0.319948911667	2	0.5	0.0104602510460251	0.866666666666666	3.1
2_20	2	D	40	20	other	spk20_40.wav	175	3	0.37019109726	2	0.5	0.232217573221757	0.866666666666666	3.1
2_20	2	D	43	20	other	spk20_43.wav	188	3	0.503942966461	2	0.5	0.286610878661088	0.866666666666666	3.1
2_20	2	D	44	20	other	spk20_44.wav	152	3	0.854764938354	2	0.5	0.135983263598326	0.866666666666666	3.1
2_20	2	D	16	20	other	spk20_16.wav	231	2	0.404256820679	2	0.5	0.46652719665272	0.866666666666666	3.1
2_20	2	D	6	20	other	spk20_6.wav	70	3	0.453706026077	2	0.5	-0.207112970711297	0.866666666666666	3.1
2_20	2	D	13	20	other	spk20_13.wav	118	1	0.4686191082	2	0.5	-0.00627615062761505	0.866666666666666	3.1
2_20	2	D	51	20	other	spk20_51.wav	236	2	0.470326185226	2	0.5	0.48744769874477	0.866666666666666	3.1
2_20	2	D	1	20	other	spk20_1.wav	202	1	1.92559599876	2	0.5	0.345188284518828	0.866666666666666	3.1
2_20	2	D	38	20	other	spk20_38.wav	107	2	1.08693003654	2	0.5	-0.0523012552301255	0.866666666666666	3.1
2_20	2	D	34	20	other	spk20_34.wav	98	1	1.02300882339	2	0.5	-0.0899581589958159	0.866666666666666	3.1
2_9	2	D	26	9	other	spk9_26.wav	127	2	0.453723907471	2	0.5	0.0313807531380753	0.866666666666666	2.5
2_9	2	D	47	9	other	spk9_47.wav	14	3	1.75840711594	2	0.5	-0.441422594142259	0.866666666666666	2.5
2_9	2	D	43	9	other	spk9_43.wav	8	1	0.905776023865	2	0.5	-0.46652719665272	0.866666666666666	2.5
2_9	2	D	22	9	other	spk9_22.wav	135	1	0.086718082428	2	0.5	0.0648535564853556	0.866666666666666	2.5
2_9	2	D	55	9	other	spk9_55.wav	74	2	1.03885006905	2	0.5	-0.190376569037657	0.866666666666666	2.5
2_9	2	D	45	9	other	spk9_45.wav	4	1	0.43709897995	2	0.5	-0.48326359832636	0.866666666666666	2.5
2_9	2	D	40	9	other	spk9_40.wav	160	3	0.150784015656	2	0.5	0.169456066945607	0.866666666666666	2.5
2_9	2	D	4	9	other	spk9_4.wav	73	3	1.10591983795	2	0.5	-0.194560669456067	0.866666666666666	2.5
2_9	2	D	37	9	other	spk9_37.wav	27	2	0.387875795364	2	0.5	-0.387029288702929	0.866666666666666	2.5
2_9	2	D	32	9	other	spk9_32.wav	88	3	0.554658889771	2	0.5	-0.131799163179916	0.866666666666666	2.5
2_9	2	D	58	9	other	spk9_58.wav	164	2	0.838922023773	2	0.5	0.186192468619247	0.866666666666666	2.5
2_9	2	D	9	9	other	spk9_9.wav	174	3	0.20362496376	2	0.5	0.228033472803347	0.866666666666666	2.5
2_9	2	D	41	9	other	spk9_41.wav	5	3	1.17320799828	2	0.5	-0.47907949790795	0.866666666666666	2.5
2_9	2	D	30	9	other	spk9_30.wav	44	4	0.570734977722	2	0.5	-0.315899581589958	0.866666666666666	2.5
2_9	2	D	31	9	other	spk9_31.wav	194	3	0.403609037399	2	0.5	0.311715481171548	0.866666666666666	2.5
2_9	2	D	33	9	other	spk9_33.wav	34	2	0.570897102356	2	0.5	-0.357740585774059	0.866666666666666	2.5
2_9	2	D	17	9	other	spk9_17.wav	157	2	0.553826093674	2	0.5	0.156903765690377	0.866666666666666	2.5
2_9	2	D	27	9	other	spk9_27.wav	167	2	1.15564012527	2	0.5	0.198744769874477	0.866666666666666	2.5
2_9	2	D	14	9	other	spk9_14.wav	66	3	1.00600481033	2	0.5	-0.223849372384937	0.866666666666666	2.5
2_9	2	D	23	9	other	spk9_23.wav	186	1	0.788691997528	2	0.5	0.278242677824268	0.866666666666666	2.5
2_9	2	D	39	9	other	spk9_39.wav	26	1	0.470408916473	2	0.5	-0.391213389121339	0.866666666666666	2.5
2_9	2	D	13	9	other	spk9_13.wav	40	1	0.303261041641	2	0.5	-0.332635983263598	0.866666666666666	2.5
2_9	2	D	10	9	other	spk9_10.wav	43	2	0.336707115173	2	0.5	-0.320083682008368	0.866666666666666	2.5
2_9	2	D	42	9	other	spk9_42.wav	123	1	1.60740303993	2	0.5	0.0146443514644351	0.866666666666666	2.5
2_9	2	D	29	9	other	spk9_29.wav	165	3	0.336654901505	2	0.5	0.190376569037657	0.866666666666666	2.5
2_9	2	D	51	9	other	spk9_51.wav	84	1	0.320343017578	2	0.5	-0.148535564853557	0.866666666666666	2.5
2_9	2	D	18	9	other	spk9_18.wav	32	2	0.437012195587	2	0.5	-0.366108786610879	0.866666666666666	2.5
2_9	2	D	56	9	other	spk9_56.wav	86	1	0.253806829453	2	0.5	-0.140167364016736	0.866666666666666	2.5
2_9	2	D	53	9	other	spk9_53.wav	208	2	0.921874046326	2	0.5	0.370292887029289	0.866666666666666	2.5
2_9	2	D	5	9	other	spk9_5.wav	209	1	0.654586076736	2	0.5	0.374476987447699	0.866666666666666	2.5
2_9	2	D	11	9	other	spk9_11.wav	76	2	0.821319103241	2	0.5	-0.182008368200837	0.866666666666666	2.5
2_9	2	D	19	9	other	spk9_19.wav	132	2	0.520840883255	2	0.5	0.0523012552301255	0.866666666666666	2.5
2_9	2	D	24	9	other	spk9_24.wav	159	2	0.37020611763	2	0.5	0.165271966527197	0.866666666666666	2.5
2_9	2	D	3	9	other	spk9_3.wav	200	1	0.437932014465	2	0.5	0.336820083682008	0.866666666666666	2.5
2_9	2	D	8	9	other	spk9_8.wav	93	2	0.403692960739	2	0.5	-0.110878661087866	0.866666666666666	2.5
2_9	2	D	20	9	other	spk9_20.wav	215	2	0.585983037949	2	0.5	0.399581589958159	0.866666666666666	2.5
2_9	2	D	1	9	other	spk9_1.wav	55	2	0.403706073761	2	0.5	-0.269874476987448	0.866666666666666	2.5
2_9	2	D	15	9	other	spk9_15.wav	204	1	0.336502075195	2	0.5	0.353556485355649	0.866666666666666	2.5
2_9	2	D	21	9	other	spk9_21.wav	218	1	0.804829835892	2	0.5	0.412133891213389	0.866666666666666	2.5
2_9	2	D	35	9	other	spk9_35.wav	206	2	0.337249994278	2	0.5	0.361924686192469	0.866666666666666	2.5
2_9	2	D	60	9	other	spk9_60.wav	220	2	0.819473028183	2	0.5	0.420502092050209	0.866666666666666	2.5
2_9	2	D	38	9	other	spk9_38.wav	100	2	0.737982988358	2	0.5	-0.0815899581589958	0.866666666666666	2.5
2_9	2	D	48	9	other	spk9_48.wav	21	1	0.755116939545	2	0.5	-0.412133891213389	0.866666666666666	2.5
2_9	2	D	54	9	other	spk9_54.wav	102	1	1.02014994621	2	0.5	-0.0732217573221757	0.866666666666666	2.5
2_9	2	D	44	9	other	spk9_44.wav	131	2	0.537550926208	2	0.5	0.0481171548117155	0.866666666666666	2.5
2_9	2	D	36	9	other	spk9_36.wav	51	1	0.470830917358	2	0.5	-0.286610878661088	0.866666666666666	2.5
2_9	2	D	46	9	other	spk9_46.wav	105	1	0.286635875702	2	0.5	-0.0606694560669456	0.866666666666666	2.5
2_9	2	D	2	9	other	spk9_2.wav	187	2	0.0359818935394	2	0.5	0.282426778242678	0.866666666666666	2.5
2_9	2	D	7	9	other	spk9_7.wav	228	2	0.704621076584	2	0.5	0.45397489539749	0.866666666666666	2.5
2_9	2	D	16	9	other	spk9_16.wav	68	2	0.469465970993	2	0.5	-0.215481171548117	0.866666666666666	2.5
2_9	2	D	49	9	other	spk9_49.wav	96	3	0.804844856262	2	0.5	-0.098326359832636	0.866666666666666	2.5
2_9	2	D	50	9	other	spk9_50.wav	151	2	0.303151130676	2	0.5	0.131799163179916	0.866666666666666	2.5
2_9	2	D	52	9	other	spk9_52.wav	219	1	0.437613010406	2	0.5	0.416317991631799	0.866666666666666	2.5
2_9	2	D	25	9	other	spk9_25.wav	72	1	0.153488874435	2	0.5	-0.198744769874477	0.866666666666666	2.5
2_9	2	D	59	9	other	spk9_59.wav	234	2	0.217747211456	2	0.5	0.47907949790795	0.866666666666666	2.5
2_9	2	D	28	9	other	spk9_28.wav	195	2	0.25362610817	2	0.5	0.315899581589958	0.866666666666666	2.5
2_9	2	D	6	9	other	spk9_6.wav	156	2	0.704481124878	2	0.5	0.152719665271967	0.866666666666666	2.5
2_9	2	D	57	9	other	spk9_57.wav	237	1	0.520542144775	2	0.5	0.49163179916318	0.866666666666666	2.5
2_9	2	D	12	9	other	spk9_12.wav	77	1	0.354048013687	2	0.5	-0.177824267782427	0.866666666666666	2.5
2_9	2	D	34	9	other	spk9_34.wav	199	2	0.537391901016	2	0.5	0.332635983263598	0.866666666666666	2.5
20_12	20	D	5	12	other	spk12_5.wav	123	3	1.00513291359	20	0.5	0.0146443514644351	0.733333333333333	2.5
20_12	20	D	13	12	other	spk12_13.wav	42	4	1.00529003143	20	0.5	-0.324267782426778	0.733333333333333	2.5
20_12	20	D	28	12	other	spk12_28.wav	41	3	0.568295001984	20	0.5	-0.328451882845188	0.733333333333333	2.5
20_12	20	D	35	12	other	spk12_35.wav	153	4	0.453104019165	20	0.5	0.140167364016736	0.733333333333333	2.5
20_12	20	D	11	12	other	spk12_11.wav	24	4	0.836336135864	20	0.5	-0.399581589958159	0.733333333333333	2.5
20_12	20	D	34	12	other	spk12_34.wav	128	3	2.22369503975	20	0.5	0.0355648535564853	0.733333333333333	2.5
20_12	20	D	54	12	other	spk12_54.wav	21	4	1.92381596565	20	0.5	-0.412133891213389	0.733333333333333	2.5
20_12	20	D	38	12	other	spk12_38.wav	13	3	1.088752985	20	0.5	-0.445606694560669	0.733333333333333	2.5
20_12	20	D	26	12	other	spk12_26.wav	148	3	0.169505834579	20	0.5	0.119246861924686	0.733333333333333	2.5
20_12	20	D	1	12	other	spk12_1.wav	163	4	0.268479824066	20	0.5	0.182008368200837	0.733333333333333	2.5
20_12	20	D	41	12	other	spk12_41.wav	160	3	0.585987091064	20	0.5	0.169456066945607	0.733333333333333	2.5
20_12	20	D	14	12	other	spk12_14.wav	57	3	1.15553212166	20	0.5	-0.261506276150628	0.733333333333333	2.5
20_12	20	D	50	12	other	spk12_50.wav	5	1	1.38802194595	20	0.5	-0.47907949790795	0.733333333333333	2.5
20_12	20	D	10	12	other	spk12_10.wav	193	2	0.818665027618	20	0.5	0.307531380753138	0.733333333333333	2.5
20_12	20	D	46	12	other	spk12_46.wav	141	2	1.32222890854	20	0.5	0.0899581589958159	0.733333333333333	2.5
20_12	20	D	7	12	other	spk12_7.wav	74	5	0.236263990402	20	0.5	-0.190376569037657	0.733333333333333	2.5
20_12	20	D	20	12	other	spk12_20.wav	156	3	0.768981933594	20	0.5	0.152719665271967	0.733333333333333	2.5
20_12	20	D	42	12	other	spk12_42.wav	104	2	1.95775198936	20	0.5	-0.0648535564853556	0.733333333333333	2.5
20_12	20	D	51	12	other	spk12_51.wav	80	2	1.15516400337	20	0.5	-0.165271966527197	0.733333333333333	2.5
20_12	20	D	2	12	other	spk12_2.wav	133	4	0.604193925858	20	0.5	0.0564853556485355	0.733333333333333	2.5
20_12	20	D	15	12	other	spk12_15.wav	27	4	1.01976919174	20	0.5	-0.387029288702929	0.733333333333333	2.5
20_12	20	D	23	12	other	spk12_23.wav	201	3	0.837065935135	20	0.5	0.341004184100418	0.733333333333333	2.5
20_12	20	D	39	12	other	spk12_39.wav	162	2	0.236335992813	20	0.5	0.177824267782427	0.733333333333333	2.5
20_12	20	D	56	12	other	spk12_56.wav	124	3	0.919582843781	20	0.5	0.0188284518828452	0.733333333333333	2.5
20_12	20	D	8	12	other	spk12_8.wav	83	4	0.955549001694	20	0.5	-0.152719665271967	0.733333333333333	2.5
20_12	20	D	25	12	other	spk12_25.wav	139	3	0.136193990707	20	0.5	0.0815899581589958	0.733333333333333	2.5
20_12	20	D	47	12	other	spk12_47.wav	45	3	2.0076379776	20	0.5	-0.311715481171548	0.733333333333333	2.5
20_12	20	D	55	12	other	spk12_55.wav	154	4	1.48856592178	20	0.5	0.144351464435146	0.733333333333333	2.5
20_12	20	D	49	12	other	spk12_49.wav	168	3	1.25543117523	20	0.5	0.202928870292887	0.733333333333333	2.5
20_12	20	D	29	12	other	spk12_29.wav	129	4	1.42322897911	20	0.5	0.0397489539748954	0.733333333333333	2.5
20_12	20	D	24	12	other	spk12_24.wav	9	3	0.888700008392	20	0.5	-0.46234309623431	0.733333333333333	2.5
20_12	20	D	37	12	other	spk12_37.wav	185	3	0.601964950562	20	0.5	0.274058577405858	0.733333333333333	2.5
20_12	20	D	27	12	other	spk12_27.wav	172	1	0.234922885895	20	0.5	0.219665271966527	0.733333333333333	2.5
20_12	20	D	30	12	other	spk12_30.wav	79	2	0.487804889679	20	0.5	-0.169456066945607	0.733333333333333	2.5
20_12	20	D	53	12	other	spk12_53.wav	174	3	0.420130968094	20	0.5	0.228033472803347	0.733333333333333	2.5
20_12	20	D	58	12	other	spk12_58.wav	175	3	0.251430988312	20	0.5	0.232217573221757	0.733333333333333	2.5
20_12	20	D	52	12	other	spk12_52.wav	82	3	0.971011161804	20	0.5	-0.156903765690377	0.733333333333333	2.5
20_12	20	D	6	12	other	spk12_6.wav	177	2	0.554123878479	20	0.5	0.240585774058577	0.733333333333333	2.5
20_12	20	D	36	12	other	spk12_36.wav	97	4	0.554514884949	20	0.5	-0.0941422594142259	0.733333333333333	2.5
20_12	20	D	3	12	other	spk12_3.wav	98	3	0.887815952301	20	0.5	-0.0899581589958159	0.733333333333333	2.5
20_12	20	D	40	12	other	spk12_40.wav	46	3	1.17186999321	20	0.5	-0.307531380753138	0.733333333333333	2.5
20_12	20	D	57	12	other	spk12_57.wav	60	4	0.503072023392	20	0.5	-0.248953974895398	0.733333333333333	2.5
20_12	20	D	48	12	other	spk12_48.wav	61	5	0.303251981735	20	0.5	-0.244769874476987	0.733333333333333	2.5
20_12	20	D	19	12	other	spk12_19.wav	22	3	2.17261004448	20	0.5	-0.407949790794979	0.733333333333333	2.5
20_12	20	D	44	12	other	spk12_44.wav	224	3	0.720484972	20	0.5	0.437238493723849	0.733333333333333	2.5
20_12	20	D	60	12	other	spk12_60.wav	225	3	1.00354504585	20	0.5	0.441422594142259	0.733333333333333	2.5
20_12	20	D	12	12	other	spk12_12.wav	92	5	0.770059108734	20	0.5	-0.115062761506276	0.733333333333333	2.5
20_12	20	D	4	12	other	spk12_4.wav	106	2	0.88606095314	20	0.5	-0.0564853556485356	0.733333333333333	2.5
20_12	20	D	18	12	other	spk12_18.wav	107	3	1.57119512558	20	0.5	-0.0523012552301255	0.733333333333333	2.5
20_12	20	D	17	12	other	spk12_17.wav	136	4	0.651898860931	20	0.5	0.0690376569037657	0.733333333333333	2.5
20_12	20	D	43	12	other	spk12_43.wav	29	3	0.87079501152	20	0.5	-0.378661087866109	0.733333333333333	2.5
20_12	20	D	59	12	other	spk12_59.wav	151	3	0.87122297287	20	0.5	0.131799163179916	0.733333333333333	2.5
20_12	20	D	45	12	other	spk12_45.wav	152	3	0.835453987122	20	0.5	0.135983263598326	0.733333333333333	2.5
20_12	20	D	22	12	other	spk12_22.wav	233	4	0.336530923843	20	0.5	0.47489539748954	0.733333333333333	2.5
20_12	20	D	31	12	other	spk12_31.wav	73	5	1.50606203079	20	0.5	-0.194560669456067	0.733333333333333	2.5
20_12	20	D	32	12	other	spk12_32.wav	235	4	1.17264294624	20	0.5	0.48326359832636	0.733333333333333	2.5
20_12	20	D	33	12	other	spk12_33.wav	196	3	1.00496506691	20	0.5	0.320083682008368	0.733333333333333	2.5
20_12	20	D	9	12	other	spk12_9.wav	157	3	0.384517192841	20	0.5	0.156903765690377	0.733333333333333	2.5
20_12	20	D	16	12	other	spk12_16.wav	198	3	0.219835996628	20	0.5	0.328451882845188	0.733333333333333	2.5
20_12	20	D	21	12	other	spk12_21.wav	239	5	1.18860721588	20	0.5	0.5	0.733333333333333	2.5
20_2	20	D	17	2	other	spk2_17.wav	0	1	1.50495290756	20	0.5	-0.5	0.733333333333333	4.2
20_2	20	D	30	2	other	spk2_30.wav	202	6	0.537200212479	20	0.5	0.345188284518828	0.733333333333333	4.2
20_2	20	D	8	2	other	spk2_8.wav	2	3	1.37278914452	20	0.5	-0.49163179916318	0.733333333333333	4.2
20_2	20	D	55	2	other	spk2_55.wav	56	5	0.503972053528	20	0.5	-0.265690376569038	0.733333333333333	4.2
20_2	20	D	42	2	other	spk2_42.wav	44	4	1.08779191971	20	0.5	-0.315899581589958	0.733333333333333	4.2
20_2	20	D	43	2	other	spk2_43.wav	126	5	0.753707170486	20	0.5	0.0271966527196653	0.733333333333333	4.2
20_2	20	D	4	2	other	spk2_4.wav	207	3	0.902609109879	20	0.5	0.366108786610879	0.733333333333333	4.2
20_2	20	D	47	2	other	spk2_47.wav	47	5	1.320125103	20	0.5	-0.303347280334728	0.733333333333333	4.2
20_2	20	D	57	2	other	spk2_57.wav	142	6	0.604739189148	20	0.5	0.0941422594142259	0.733333333333333	4.2
20_2	20	D	59	2	other	spk2_59.wav	49	5	0.554023981094	20	0.5	-0.294979079497908	0.733333333333333	4.2
20_2	20	D	26	2	other	spk2_26.wav	131	3	1.47318387032	20	0.5	0.0481171548117155	0.733333333333333	4.2
20_2	20	D	7	2	other	spk2_7.wav	51	6	0.888653039932	20	0.5	-0.286610878661088	0.733333333333333	4.2
20_2	20	D	16	2	other	spk2_16.wav	186	6	0.737409114838	20	0.5	0.278242677824268	0.733333333333333	4.2
20_2	20	D	23	2	other	spk2_23.wav	53	5	1.0209748745	20	0.5	-0.278242677824268	0.733333333333333	4.2
20_2	20	D	1	2	other	spk2_1.wav	54	5	0.937937021255	20	0.5	-0.274058577405858	0.733333333333333	4.2
20_2	20	D	12	2	other	spk2_12.wav	95	5	1.03798604012	20	0.5	-0.102510460251046	0.733333333333333	4.2
20_2	20	D	53	2	other	spk2_53.wav	149	6	0.752722978592	20	0.5	0.123430962343096	0.733333333333333	4.2
20_2	20	D	5	2	other	spk2_5.wav	138	4	0.487019062042	20	0.5	0.0774058577405857	0.733333333333333	4.2
20_2	20	D	14	2	other	spk2_14.wav	18	4	1.1218688488	20	0.5	-0.424686192468619	0.733333333333333	4.2
20_2	20	D	51	2	other	spk2_51.wav	19	3	1.84146881104	20	0.5	-0.420502092050209	0.733333333333333	4.2
20_2	20	D	39	2	other	spk2_39.wav	20	3	1.33884382248	20	0.5	-0.416317991631799	0.733333333333333	4.2
20_2	20	D	27	2	other	spk2_27.wav	155	4	1.22257804871	20	0.5	0.148535564853556	0.733333333333333	4.2
20_2	20	D	58	2	other	spk2_58.wav	183	5	0.888437986374	20	0.5	0.265690376569038	0.733333333333333	4.2
20_2	20	D	2	2	other	spk2_2.wav	23	5	0.552685976028	20	0.5	-0.403765690376569	0.733333333333333	4.2
20_2	20	D	60	2	other	spk2_60.wav	64	5	0.921875953674	20	0.5	-0.232217573221757	0.733333333333333	4.2
20_2	20	D	32	2	other	spk2_32.wav	38	5	1.05497288704	20	0.5	-0.341004184100418	0.733333333333333	4.2
20_2	20	D	49	2	other	spk2_49.wav	147	5	0.921392917633	20	0.5	0.115062761506276	0.733333333333333	4.2
20_2	20	D	40	2	other	spk2_40.wav	67	5	0.336485862732	20	0.5	-0.219665271966527	0.733333333333333	4.2
20_2	20	D	37	2	other	spk2_37.wav	28	5	1.33893489838	20	0.5	-0.382845188284519	0.733333333333333	4.2
20_2	20	D	35	2	other	spk2_35.wav	188	5	0.302767038345	20	0.5	0.286610878661088	0.733333333333333	4.2
20_2	20	D	20	2	other	spk2_20.wav	184	5	0.253099918365	20	0.5	0.269874476987448	0.733333333333333	4.2
20_2	20	D	13	2	other	spk2_13.wav	71	5	0.318325996399	20	0.5	-0.202928870292887	0.733333333333333	4.2
20_2	20	D	21	2	other	spk2_21.wav	32	4	1.02197694778	20	0.5	-0.366108786610879	0.733333333333333	4.2
20_2	20	D	38	2	other	spk2_38.wav	194	5	0.253462076187	20	0.5	0.311715481171548	0.733333333333333	4.2
20_2	20	D	24	2	other	spk2_24.wav	112	6	0.403251886368	20	0.5	-0.0313807531380753	0.733333333333333	4.2
20_2	20	D	44	2	other	spk2_44.wav	75	3	1.33847403526	20	0.5	-0.186192468619247	0.733333333333333	4.2
20_2	20	D	36	2	other	spk2_36.wav	76	5	0.287016868591	20	0.5	-0.182008368200837	0.733333333333333	4.2
20_2	20	D	28	2	other	spk2_28.wav	158	5	1.807336092	20	0.5	0.161087866108787	0.733333333333333	4.2
20_2	20	D	56	2	other	spk2_56.wav	171	6	0.353816986084	20	0.5	0.215481171548117	0.733333333333333	4.2
20_2	20	D	18	2	other	spk2_18.wav	39	4	1.30401206017	20	0.5	-0.336820083682008	0.733333333333333	4.2
20_2	20	D	31	2	other	spk2_31.wav	40	4	0.871158123016	20	0.5	-0.332635983263598	0.733333333333333	4.2
20_2	20	D	11	2	other	spk2_11.wav	121	6	0.771564006805	20	0.5	0.00627615062761511	0.733333333333333	4.2
20_2	20	D	9	2	other	spk2_9.wav	94	3	0.0175628662109	20	0.5	-0.106694560669456	0.733333333333333	4.2
20_2	20	D	19	2	other	spk2_19.wav	77	4	0.287324905396	20	0.5	-0.177824267782427	0.733333333333333	4.2
20_2	20	D	41	2	other	spk2_41.wav	84	3	1.37114405632	20	0.5	-0.148535564853557	0.733333333333333	4.2
20_2	20	D	45	2	other	spk2_45.wav	166	5	0.337933063507	20	0.5	0.194560669456067	0.733333333333333	4.2
20_2	20	D	6	2	other	spk2_6.wav	219	5	0.320248126984	20	0.5	0.416317991631799	0.733333333333333	4.2
20_2	20	D	46	2	other	spk2_46.wav	85	5	0.855187892914	20	0.5	-0.144351464435146	0.733333333333333	4.2
20_2	20	D	50	2	other	spk2_50.wav	101	6	0.386854887009	20	0.5	-0.0774058577405858	0.733333333333333	4.2
20_2	20	D	22	2	other	spk2_22.wav	89	4	2.12288689613	20	0.5	-0.127615062761506	0.733333333333333	4.2
20_2	20	D	25	2	other	spk2_25.wav	102	3	0.537190914154	20	0.5	-0.0732217573221757	0.733333333333333	4.2
20_2	20	D	15	2	other	spk2_15.wav	63	4	0.754489898682	20	0.5	-0.236401673640167	0.733333333333333	4.2
20_2	20	D	34	2	other	spk2_34.wav	78	5	1.68880105019	20	0.5	-0.173640167364017	0.733333333333333	4.2
20_2	20	D	29	2	other	spk2_29.wav	66	6	0.454233884811	20	0.5	-0.223849372384937	0.733333333333333	4.2
20_2	20	D	52	2	other	spk2_52.wav	238	5	0.387363910675	20	0.5	0.49581589958159	0.733333333333333	4.2
20_2	20	D	3	2	other	spk2_3.wav	232	5	0.303766012192	20	0.5	0.47071129707113	0.733333333333333	4.2
20_2	20	D	10	2	other	spk2_10.wav	170	6	0.938682079315	20	0.5	0.211297071129707	0.733333333333333	4.2
20_2	20	D	48	2	other	spk2_48.wav	114	6	1.48721814156	20	0.5	-0.0230125523012552	0.733333333333333	4.2
20_2	20	D	33	2	other	spk2_33.wav	236	4	1.05485105515	20	0.5	0.48744769874477	0.733333333333333	4.2
20_2	20	D	54	2	other	spk2_54.wav	117	6	1.10392308235	20	0.5	-0.0104602510460251	0.733333333333333	4.2
20_20	20	D	7	20	self	spk20_7.wav	96	4	1.01998400688	20	-0.5	-0.098326359832636	0.733333333333333	2.5
20_20	20	D	23	20	self	spk20_23.wav	4	1	1.1726140976	20	-0.5	-0.48326359832636	0.733333333333333	2.5
20_20	20	D	4	20	self	spk20_4.wav	130	3	0.520279884338	20	-0.5	0.0439330543933054	0.733333333333333	2.5
20_20	20	D	57	20	self	spk20_57.wav	43	2	0.587286949158	20	-0.5	-0.320083682008368	0.733333333333333	2.5
20_20	20	D	41	20	self	spk20_41.wav	3	1	0.771067857742	20	-0.5	-0.48744769874477	0.733333333333333	2.5
20_20	20	D	35	20	self	spk20_35.wav	150	1	0.520351886749	20	-0.5	0.127615062761506	0.733333333333333	2.5
20_20	20	D	6	20	self	spk20_6.wav	120	1	1.08662891388	20	-0.5	0.002092050209205	0.733333333333333	2.5
20_20	20	D	14	20	self	spk20_14.wav	35	4	0.954741954803	20	-0.5	-0.353556485355649	0.733333333333333	2.5
20_20	20	D	28	20	self	spk20_28.wav	164	3	0.603807926178	20	-0.5	0.186192468619247	0.733333333333333	2.5
20_20	20	D	37	20	self	spk20_37.wav	161	5	1.38935089111	20	-0.5	0.173640167364017	0.733333333333333	2.5
20_20	20	D	46	20	self	spk20_46.wav	30	3	2.057751894	20	-0.5	-0.374476987447699	0.733333333333333	2.5
20_20	20	D	33	20	self	spk20_33.wav	134	1	0.804404020309	20	-0.5	0.0606694560669456	0.733333333333333	2.5
20_20	20	D	59	20	self	spk20_59.wav	87	2	1.85648298264	20	-0.5	-0.135983263598326	0.733333333333333	2.5
20_20	20	D	44	20	self	spk20_44.wav	173	1	0.637850999832	20	-0.5	0.223849372384937	0.733333333333333	2.5
20_20	20	D	19	20	self	spk20_19.wav	203	2	0.637317895889	20	-0.5	0.349372384937239	0.733333333333333	2.5
20_20	20	D	8	20	self	spk20_8.wav	55	3	1.37151312828	20	-0.5	-0.269874476987448	0.733333333333333	2.5
20_20	20	D	2	20	self	spk20_2.wav	200	1	0.269876003265	20	-0.5	0.336820083682008	0.733333333333333	2.5
20_20	20	D	27	20	self	spk20_27.wav	218	3	1.03859400749	20	-0.5	0.412133891213389	0.733333333333333	2.5
20_20	20	D	54	20	self	spk20_54.wav	14	3	0.752122163773	20	-0.5	-0.441422594142259	0.733333333333333	2.5
20_20	20	D	39	20	self	spk20_39.wav	48	1	0.738087892532	20	-0.5	-0.299163179916318	0.733333333333333	2.5
20_20	20	D	58	20	self	spk20_58.wav	69	1	1.00384092331	20	-0.5	-0.211297071129707	0.733333333333333	2.5
20_20	20	D	17	20	self	spk20_17.wav	221	3	0.65333199501	20	-0.5	0.424686192468619	0.733333333333333	2.5
20_20	20	D	3	20	self	spk20_3.wav	169	4	0.78829407692	20	-0.5	0.207112970711297	0.733333333333333	2.5
20_20	20	D	52	20	self	spk20_52.wav	135	2	0.469593048096	20	-0.5	0.0648535564853556	0.733333333333333	2.5
20_20	20	D	31	20	self	spk20_31.wav	181	5	0.487838029861	20	-0.5	0.257322175732218	0.733333333333333	2.5
20_20	20	D	47	20	self	spk20_47.wav	213	3	1.32294678688	20	-0.5	0.391213389121339	0.733333333333333	2.5
20_20	20	D	36	20	self	spk20_36.wav	119	4	2.54183983803	20	-0.5	-0.002092050209205	0.733333333333333	2.5
20_20	20	D	42	20	self	spk20_42.wav	26	3	1.90708994865	20	-0.5	-0.391213389121339	0.733333333333333	2.5
20_20	20	D	50	20	self	spk20_50.wav	68	2	0.368036985397	20	-0.5	-0.215481171548117	0.733333333333333	2.5
20_20	20	D	43	20	self	spk20_43.wav	215	3	1.23929691315	20	-0.5	0.399581589958159	0.733333333333333	2.5
20_20	20	D	48	20	self	spk20_48.wav	190	3	0.853407144547	20	-0.5	0.294979079497908	0.733333333333333	2.5
20_20	20	D	32	20	self	spk20_32.wav	191	3	0.603302001953	20	-0.5	0.299163179916318	0.733333333333333	2.5
20_20	20	D	21	20	self	spk20_21.wav	167	1	0.821254968643	20	-0.5	0.198744769874477	0.733333333333333	2.5
20_20	20	D	20	20	self	spk20_20.wav	72	2	1.20510983467	20	-0.5	-0.198744769874477	0.733333333333333	2.5
20_20	20	D	29	20	self	spk20_29.wav	234	3	0.369765996933	20	-0.5	0.47907949790795	0.733333333333333	2.5
20_20	20	D	34	20	self	spk20_34.wav	34	4	1.15583491325	20	-0.5	-0.357740585774059	0.733333333333333	2.5
20_20	20	D	10	20	self	spk20_10.wav	145	3	1.35545897484	20	-0.5	0.106694560669456	0.733333333333333	2.5
20_20	20	D	16	20	self	spk20_16.wav	144	2	0.601984024048	20	-0.5	0.102510460251046	0.733333333333333	2.5
20_20	20	D	11	20	self	spk20_11.wav	10	1	0.571049928665	20	-0.5	-0.4581589958159	0.733333333333333	2.5
20_20	20	D	26	20	self	spk20_26.wav	11	2	0.804490089417	20	-0.5	-0.45397489539749	0.733333333333333	2.5
20_20	20	D	13	20	self	spk20_13.wav	65	2	0.836550951004	20	-0.5	-0.228033472803347	0.733333333333333	2.5
20_20	20	D	40	20	self	spk20_40.wav	226	3	0.671356916428	20	-0.5	0.445606694560669	0.733333333333333	2.5
20_20	20	D	60	20	self	spk20_60.wav	165	4	0.519196987152	20	-0.5	0.190376569037657	0.733333333333333	2.5
20_20	20	D	15	20	self	spk20_15.wav	216	4	1.48704695702	20	-0.5	0.403765690376569	0.733333333333333	2.5
20_20	20	D	51	20	self	spk20_51.wav	217	2	0.571197032928	20	-0.5	0.407949790794979	0.733333333333333	2.5
20_20	20	D	25	20	self	spk20_25.wav	125	3	0.902286052704	20	-0.5	0.0230125523012552	0.733333333333333	2.5
20_20	20	D	53	20	self	spk20_53.wav	197	2	0.921180963516	20	-0.5	0.324267782426778	0.733333333333333	2.5
20_20	20	D	1	20	self	spk20_1.wav	127	2	1.30422306061	20	-0.5	0.0313807531380753	0.733333333333333	2.5
20_20	20	D	30	20	self	spk20_30.wav	99	3	1.18853902817	20	-0.5	-0.0857740585774058	0.733333333333333	2.5
20_20	20	D	45	20	self	spk20_45.wav	88	2	0.253083944321	20	-0.5	-0.131799163179916	0.733333333333333	2.5
20_20	20	D	55	20	self	spk20_55.wav	231	2	1.62144303322	20	-0.5	0.46652719665272	0.733333333333333	2.5
20_20	20	D	12	20	self	spk20_12.wav	237	3	1.95721316338	20	-0.5	0.49163179916318	0.733333333333333	2.5
20_20	20	D	49	20	self	spk20_49.wav	37	3	1.72329187393	20	-0.5	-0.345188284518828	0.733333333333333	2.5
20_20	20	D	24	20	self	spk20_24.wav	159	3	1.95786809921	20	-0.5	0.165271966527197	0.733333333333333	2.5
20_20	20	D	9	20	self	spk20_9.wav	108	2	1.0031208992	20	-0.5	-0.0481171548117155	0.733333333333333	2.5
20_20	20	D	56	20	self	spk20_56.wav	62	2	1.55653095245	20	-0.5	-0.240585774058577	0.733333333333333	2.5
20_20	20	D	18	20	self	spk20_18.wav	189	4	0.48689198494	20	-0.5	0.290794979079498	0.733333333333333	2.5
20_20	20	D	38	20	self	spk20_38.wav	109	5	1.63907504082	20	-0.5	-0.0439330543933054	0.733333333333333	2.5
20_20	20	D	22	20	self	spk20_22.wav	59	3	0.854604005814	20	-0.5	-0.253138075313807	0.733333333333333	2.5
20_20	20	D	5	20	self	spk20_5.wav	50	3	1.99124002457	20	-0.5	-0.290794979079498	0.733333333333333	2.5
20_9	20	D	59	9	other	spk9_59.wav	70	5	0.253102064133	20	0.5	-0.207112970711297	0.733333333333333	3
20_9	20	D	5	9	other	spk9_5.wav	230	2	0.453468084335	20	0.5	0.46234309623431	0.733333333333333	3
20_9	20	D	33	9	other	spk9_33.wav	8	3	0.670835971832	20	0.5	-0.46652719665272	0.733333333333333	3
20_9	20	D	25	9	other	spk9_25.wav	16	3	0.988020181656	20	0.5	-0.433054393305439	0.733333333333333	3
20_9	20	D	41	9	other	spk9_41.wav	100	2	0.186873912811	20	0.5	-0.0815899581589958	0.733333333333333	3
20_9	20	D	7	9	other	spk9_7.wav	178	3	0.988343000412	20	0.5	0.244769874476987	0.733333333333333	3
20_9	20	D	6	9	other	spk9_6.wav	204	3	0.620810031891	20	0.5	0.353556485355649	0.733333333333333	3
20_9	20	D	26	9	other	spk9_26.wav	7	1	1.10547208786	20	0.5	-0.47071129707113	0.733333333333333	3
20_9	20	D	2	9	other	spk9_2.wav	15	2	0.821034908295	20	0.5	-0.437238493723849	0.733333333333333	3
20_9	20	D	21	9	other	spk9_21.wav	81	1	0.286931991577	20	0.5	-0.161087866108787	0.733333333333333	3
20_9	20	D	51	9	other	spk9_51.wav	110	2	0.217863798141	20	0.5	-0.0397489539748954	0.733333333333333	3
20_9	20	D	52	9	other	spk9_52.wav	122	2	1.4061319828	20	0.5	0.0104602510460251	0.733333333333333	3
20_9	20	D	56	9	other	spk9_56.wav	6	2	0.518057107925	20	0.5	-0.47489539748954	0.733333333333333	3
20_9	20	D	42	9	other	spk9_42.wav	33	2	0.838381052017	20	0.5	-0.361924686192469	0.733333333333333	3
20_9	20	D	45	9	other	spk9_45.wav	209	2	0.68789601326	20	0.5	0.374476987447699	0.733333333333333	3
20_9	20	D	31	9	other	spk9_31.wav	228	1	0.635419130325	20	0.5	0.45397489539749	0.733333333333333	3
20_9	20	D	57	9	other	spk9_57.wav	36	3	1.30561494827	20	0.5	-0.349372384937238	0.733333333333333	3
20_9	20	D	11	9	other	spk9_11.wav	12	1	0.571263074875	20	0.5	-0.449790794979079	0.733333333333333	3
20_9	20	D	16	9	other	spk9_16.wav	52	1	0.353291034698	20	0.5	-0.282426778242678	0.733333333333333	3
20_9	20	D	58	9	other	spk9_58.wav	93	2	0.552262067795	20	0.5	-0.110878661087866	0.733333333333333	3
20_9	20	D	55	9	other	spk9_55.wav	227	2	0.671624898911	20	0.5	0.449790794979079	0.733333333333333	3
20_9	20	D	44	9	other	spk9_44.wav	1	1	0.804229974747	20	0.5	-0.49581589958159	0.733333333333333	3
20_9	20	D	47	9	other	spk9_47.wav	176	2	0.738083839417	20	0.5	0.236401673640167	0.733333333333333	3
20_9	20	D	46	9	other	spk9_46.wav	208	2	0.53501200676	20	0.5	0.370292887029289	0.733333333333333	3
20_9	20	D	1	9	other	spk9_1.wav	137	3	0.353758811951	20	0.5	0.0732217573221757	0.733333333333333	3
20_9	20	D	20	9	other	spk9_20.wav	180	3	0.48689699173	20	0.5	0.253138075313807	0.733333333333333	3
20_9	20	D	35	9	other	spk9_35.wav	206	3	0.436844110489	20	0.5	0.361924686192469	0.733333333333333	3
20_9	20	D	9	9	other	spk9_9.wav	25	2	0.519553899765	20	0.5	-0.395397489539749	0.733333333333333	3
20_9	20	D	15	9	other	spk9_15.wav	182	3	0.485913038254	20	0.5	0.261506276150628	0.733333333333333	3
20_9	20	D	29	9	other	spk9_29.wav	143	2	0.386117935181	20	0.5	0.0983263598326359	0.733333333333333	3
20_9	20	D	27	9	other	spk9_27.wav	132	3	0.420397043228	20	0.5	0.0523012552301255	0.733333333333333	3
20_9	20	D	10	9	other	spk9_10.wav	229	2	0.887819051743	20	0.5	0.4581589958159	0.733333333333333	3
20_9	20	D	40	9	other	spk9_40.wav	199	3	0.871092796326	20	0.5	0.332635983263598	0.733333333333333	3
20_9	20	D	39	9	other	spk9_39.wav	118	2	0.904880046844	20	0.5	-0.00627615062761505	0.733333333333333	3
20_9	20	D	36	9	other	spk9_36.wav	214	3	1.1385819912	20	0.5	0.395397489539749	0.733333333333333	3
20_9	20	D	28	9	other	spk9_28.wav	220	3	0.587338924408	20	0.5	0.420502092050209	0.733333333333333	3
20_9	20	D	3	9	other	spk9_3.wav	140	2	0.504184007645	20	0.5	0.0857740585774058	0.733333333333333	3
20_9	20	D	54	9	other	spk9_54.wav	195	3	2.09109306335	20	0.5	0.315899581589958	0.733333333333333	3
20_9	20	D	60	9	other	spk9_60.wav	58	3	1.60708403587	20	0.5	-0.257322175732218	0.733333333333333	3
20_9	20	D	13	9	other	spk9_13.wav	103	2	0.386703014374	20	0.5	-0.0690376569037657	0.733333333333333	3
20_9	20	D	8	9	other	spk9_8.wav	91	3	0.451847076416	20	0.5	-0.119246861924686	0.733333333333333	3
20_9	20	D	22	9	other	spk9_22.wav	212	3	1.05369997025	20	0.5	0.387029288702929	0.733333333333333	3
20_9	20	D	32	9	other	spk9_32.wav	86	3	1.42260789871	20	0.5	-0.140167364016736	0.733333333333333	3
20_9	20	D	19	9	other	spk9_19.wav	187	3	1.95775818825	20	0.5	0.282426778242678	0.733333333333333	3
20_9	20	D	43	9	other	spk9_43.wav	192	1	1.3056230545	20	0.5	0.303347280334728	0.733333333333333	3
20_9	20	D	49	9	other	spk9_49.wav	113	3	0.386379003525	20	0.5	-0.0271966527196653	0.733333333333333	3
20_9	20	D	48	9	other	spk9_48.wav	105	3	1.99093914032	20	0.5	-0.0606694560669456	0.733333333333333	3
20_9	20	D	34	9	other	spk9_34.wav	31	4	1.20425820351	20	0.5	-0.370292887029289	0.733333333333333	3
20_9	20	D	17	9	other	spk9_17.wav	116	2	0.687663078308	20	0.5	-0.0146443514644352	0.733333333333333	3
20_9	20	D	23	9	other	spk9_23.wav	90	2	1.05580401421	20	0.5	-0.123430962343096	0.733333333333333	3
20_9	20	D	30	9	other	spk9_30.wav	179	3	2.14010691643	20	0.5	0.248953974895398	0.733333333333333	3
20_9	20	D	14	9	other	spk9_14.wav	211	2	1.50696182251	20	0.5	0.382845188284519	0.733333333333333	3
20_9	20	D	24	9	other	spk9_24.wav	146	1	0.536259889603	20	0.5	0.110878661087866	0.733333333333333	3
20_9	20	D	53	9	other	spk9_53.wav	205	3	1.20445203781	20	0.5	0.357740585774059	0.733333333333333	3
20_9	20	D	4	9	other	spk9_4.wav	223	3	0.0698349475861	20	0.5	0.433054393305439	0.733333333333333	3
20_9	20	D	12	9	other	spk9_12.wav	111	2	0.802683115005	20	0.5	-0.0355648535564854	0.733333333333333	3
20_9	20	D	50	9	other	spk9_50.wav	210	2	0.986795186996	20	0.5	0.378661087866109	0.733333333333333	3
20_9	20	D	18	9	other	spk9_18.wav	222	3	0.467921972275	20	0.5	0.428870292887029	0.733333333333333	3
20_9	20	D	37	9	other	spk9_37.wav	17	3	1.20488810539	20	0.5	-0.428870292887029	0.733333333333333	3
20_9	20	D	38	9	other	spk9_38.wav	115	2	0.838340044022	20	0.5	-0.0188284518828452	0.733333333333333	3
21_17	21	A	10	17	other	spk17_10.wav	183	3	1.871530056	21	0.5	0.265690376569038	1.06666666666667	3.2
21_17	21	A	24	17	other	spk17_24.wav	123	1	1.60742282867	21	0.5	0.0146443514644351	1.06666666666667	3.2
21_17	21	A	32	17	other	spk17_32.wav	74	4	1.33946990967	21	0.5	-0.190376569037657	1.06666666666667	3.2
21_17	21	A	60	17	other	spk17_60.wav	87	2	2.35609483719	21	0.5	-0.135983263598326	1.06666666666667	3.2
21_17	21	A	27	17	other	spk17_27.wav	192	2	1.45687699318	21	0.5	0.303347280334728	1.06666666666667	3.2
21_17	21	A	57	17	other	spk17_57.wav	188	2	1.52249693871	21	0.5	0.286610878661088	1.06666666666667	3.2
21_17	21	A	2	17	other	spk17_2.wav	1	5	1.50606894493	21	0.5	-0.49581589958159	1.06666666666667	3.2
21_17	21	A	38	17	other	spk17_38.wav	42	3	1.60631489754	21	0.5	-0.324267782426778	1.06666666666667	3.2
21_17	21	A	15	17	other	spk17_15.wav	142	3	0.60328412056	21	0.5	0.0941422594142259	1.06666666666667	3.2
21_17	21	A	8	17	other	spk17_8.wav	205	2	1.20542693138	21	0.5	0.357740585774059	1.06666666666667	3.2
21_17	21	A	39	17	other	spk17_39.wav	174	2	0.803230047226	21	0.5	0.228033472803347	1.06666666666667	3.2
21_17	21	A	20	17	other	spk17_20.wav	147	3	1.22239494324	21	0.5	0.115062761506276	1.06666666666667	3.2
21_17	21	A	34	17	other	spk17_34.wav	234	3	1.45711398125	21	0.5	0.47907949790795	1.06666666666667	3.2
21_17	21	A	47	17	other	spk17_47.wav	33	4	2.43936991692	21	0.5	-0.361924686192469	1.06666666666667	3.2
21_17	21	A	6	17	other	spk17_6.wav	138	1	1.69023704529	21	0.5	0.0774058577405857	1.06666666666667	3.2
21_17	21	A	52	17	other	spk17_52.wav	101	3	0.971453905106	21	0.5	-0.0774058577405858	1.06666666666667	3.2
21_17	21	A	28	17	other	spk17_28.wav	54	2	2.39025592804	21	0.5	-0.274058577405858	1.06666666666667	3.2
21_17	21	A	26	17	other	spk17_26.wav	125	2	1.17277598381	21	0.5	0.0230125523012552	1.06666666666667	3.2
21_17	21	A	49	17	other	spk17_49.wav	167	3	0.637210845947	21	0.5	0.198744769874477	1.06666666666667	3.2
21_17	21	A	35	17	other	spk17_35.wav	106	2	0.670899152756	21	0.5	-0.0564853556485356	1.06666666666667	3.2
21_17	21	A	45	17	other	spk17_45.wav	120	2	1.40590000153	21	0.5	0.002092050209205	1.06666666666667	3.2
21_17	21	A	51	17	other	spk17_51.wav	126	2	1.53866791725	21	0.5	0.0271966527196653	1.06666666666667	3.2
21_17	21	A	12	17	other	spk17_12.wav	26	3	3.64386892319	21	0.5	-0.391213389121339	1.06666666666667	3.2
21_17	21	A	43	17	other	spk17_43.wav	16	3	1.25837397575	21	0.5	-0.433054393305439	1.06666666666667	3.2
21_17	21	A	31	17	other	spk17_31.wav	232	4	0.752085208893	21	0.5	0.47071129707113	1.06666666666667	3.2
21_17	21	A	42	17	other	spk17_42.wav	121	2	2.65914487839	21	0.5	0.00627615062761511	1.06666666666667	3.2
21_17	21	A	9	17	other	spk17_9.wav	82	3	0.754274129868	21	0.5	-0.156903765690377	1.06666666666667	3.2
21_17	21	A	5	17	other	spk17_5.wav	233	3	0.770410060883	21	0.5	0.47489539748954	1.06666666666667	3.2
21_17	21	A	3	17	other	spk17_3.wav	182	2	1.00356578827	21	0.5	0.261506276150628	1.06666666666667	3.2
21_17	21	A	30	17	other	spk17_30.wav	144	3	0.970616102219	21	0.5	0.102510460251046	1.06666666666667	3.2
21_17	21	A	55	17	other	spk17_55.wav	72	3	1.13685703278	21	0.5	-0.198744769874477	1.06666666666667	3.2
21_17	21	A	18	17	other	spk17_18.wav	65	2	2.4084789753	21	0.5	-0.228033472803347	1.06666666666667	3.2
21_17	21	A	54	17	other	spk17_54.wav	24	3	0.619533061981	21	0.5	-0.399581589958159	1.06666666666667	3.2
21_17	21	A	53	17	other	spk17_53.wav	93	2	2.30599498749	21	0.5	-0.110878661087866	1.06666666666667	3.2
21_17	21	A	16	17	other	spk17_16.wav	119	1	1.15598011017	21	0.5	-0.002092050209205	1.06666666666667	3.2
21_17	21	A	19	17	other	spk17_19.wav	94	2	0.588032960892	21	0.5	-0.106694560669456	1.06666666666667	3.2
21_17	21	A	33	17	other	spk17_33.wav	109	3	0.971462011337	21	0.5	-0.0439330543933054	1.06666666666667	3.2
21_17	21	A	4	17	other	spk17_4.wav	204	3	0.702035903931	21	0.5	0.353556485355649	1.06666666666667	3.2
21_17	21	A	14	17	other	spk17_14.wav	85	3	1.47089600563	21	0.5	-0.144351464435146	1.06666666666667	3.2
21_17	21	A	59	17	other	spk17_59.wav	69	2	1.87442612648	21	0.5	-0.211297071129707	1.06666666666667	3.2
21_17	21	A	50	17	other	spk17_50.wav	179	3	0.804259061813	21	0.5	0.248953974895398	1.06666666666667	3.2
21_17	21	A	1	17	other	spk17_1.wav	198	2	1.02125692368	21	0.5	0.328451882845188	1.06666666666667	3.2
21_17	21	A	36	17	other	spk17_36.wav	195	2	0.721098899841	21	0.5	0.315899581589958	1.06666666666667	3.2
21_17	21	A	13	17	other	spk17_13.wav	185	2	0.386158227921	21	0.5	0.274058577405858	1.06666666666667	3.2
21_17	21	A	44	17	other	spk17_44.wav	184	2	1.75634002686	21	0.5	0.269874476987448	1.06666666666667	3.2
21_17	21	A	46	17	other	spk17_46.wav	122	2	2.07436108589	21	0.5	0.0104602510460251	1.06666666666667	3.2
21_17	21	A	56	17	other	spk17_56.wav	200	2	4.61363077164	21	0.5	0.336820083682008	1.06666666666667	3.2
21_17	21	A	17	17	other	spk17_17.wav	70	2	2.27479600906	21	0.5	-0.207112970711297	1.06666666666667	3.2
21_17	21	A	22	17	other	spk17_22.wav	229	3	1.07058691978	21	0.5	0.4581589958159	1.06666666666667	3.2
21_17	21	A	21	17	other	spk17_21.wav	158	4	1.75737380981	21	0.5	0.161087866108787	1.06666666666667	3.2
21_17	21	A	7	17	other	spk17_7.wav	217	3	0.788071870804	21	0.5	0.407949790794979	1.06666666666667	3.2
21_17	21	A	58	17	other	spk17_58.wav	117	3	1.20561909676	21	0.5	-0.0104602510460251	1.06666666666667	3.2
21_17	21	A	48	17	other	spk17_48.wav	103	3	1.30341219902	21	0.5	-0.0690376569037657	1.06666666666667	3.2
21_17	21	A	25	17	other	spk17_25.wav	116	3	1.18907809258	21	0.5	-0.0146443514644352	1.06666666666667	3.2
21_17	21	A	29	17	other	spk17_29.wav	177	2	1.13845610619	21	0.5	0.240585774058577	1.06666666666667	3.2
21_17	21	A	41	17	other	spk17_41.wav	150	4	1.20514011383	21	0.5	0.127615062761506	1.06666666666667	3.2
21_17	21	A	40	17	other	spk17_40.wav	130	3	0.687514066696	21	0.5	0.0439330543933054	1.06666666666667	3.2
21_17	21	A	23	17	other	spk17_23.wav	196	2	0.739047050476	21	0.5	0.320083682008368	1.06666666666667	3.2
21_17	21	A	37	17	other	spk17_37.wav	28	2	1.65593004227	21	0.5	-0.382845188284519	1.06666666666667	3.2
21_17	21	A	11	17	other	spk17_11.wav	157	2	1.03891086578	21	0.5	0.156903765690377	1.06666666666667	3.2
21_21	21	A	47	21	self	spk21_47.wav	48	2	1.10528612137	21	-0.5	-0.299163179916318	1.06666666666667	1.9
21_21	21	A	28	21	self	spk21_28.wav	143	2	0.669501066208	21	-0.5	0.0983263598326359	1.06666666666667	1.9
21_21	21	A	8	21	self	spk21_8.wav	4	2	1.87270188332	21	-0.5	-0.48326359832636	1.06666666666667	1.9
21_21	21	A	27	21	self	spk21_27.wav	44	2	0.401764154434	21	-0.5	-0.315899581589958	1.06666666666667	1.9
21_21	21	A	36	21	self	spk21_36.wav	8	2	1.22352695465	21	-0.5	-0.46652719665272	1.06666666666667	1.9
21_21	21	A	43	21	self	spk21_43.wav	88	3	2.77471399307	21	-0.5	-0.131799163179916	1.06666666666667	1.9
21_21	21	A	23	21	self	spk21_23.wav	102	2	0.904842853546	21	-0.5	-0.0732217573221757	1.06666666666667	1.9
21_21	21	A	12	21	self	spk21_12.wav	53	1	1.06945800781	21	-0.5	-0.278242677824268	1.06666666666667	1.9
21_21	21	A	34	21	self	spk21_34.wav	14	2	2.18912315369	21	-0.5	-0.441422594142259	1.06666666666667	1.9
21_21	21	A	49	21	self	spk21_49.wav	12	1	1.7065820694	21	-0.5	-0.449790794979079	1.06666666666667	1.9
21_21	21	A	11	21	self	spk21_11.wav	17	2	1.52119088173	21	-0.5	-0.428870292887029	1.06666666666667	1.9
21_21	21	A	6	21	self	spk21_6.wav	57	2	1.67384886742	21	-0.5	-0.261506276150628	1.06666666666667	1.9
21_21	21	A	42	21	self	spk21_42.wav	148	1	0.318844795227	21	-0.5	0.119246861924686	1.06666666666667	1.9
21_21	21	A	22	21	self	spk21_22.wav	163	1	0.35117483139	21	-0.5	0.182008368200837	1.06666666666667	1.9
21_21	21	A	57	21	self	spk21_57.wav	20	2	1.48962593079	21	-0.5	-0.416317991631799	1.06666666666667	1.9
21_21	21	A	48	21	self	spk21_48.wav	34	2	1.31949210167	21	-0.5	-0.357740585774059	1.06666666666667	1.9
21_21	21	A	5	21	self	spk21_5.wav	62	2	2.64084196091	21	-0.5	-0.240585774058577	1.06666666666667	1.9
21_21	21	A	54	21	self	spk21_54.wav	140	1	0.586565971375	21	-0.5	0.0857740585774058	1.06666666666667	1.9
21_21	21	A	58	21	self	spk21_58.wav	64	2	2.35845088959	21	-0.5	-0.232217573221757	1.06666666666667	1.9
21_21	21	A	45	21	self	spk21_45.wav	13	1	0.789770126343	21	-0.5	-0.445606694560669	1.06666666666667	1.9
21_21	21	A	39	21	self	spk21_39.wav	66	1	0.91999912262	21	-0.5	-0.223849372384937	1.06666666666667	1.9
21_21	21	A	52	21	self	spk21_52.wav	25	2	1.30287909508	21	-0.5	-0.395397489539749	1.06666666666667	1.9
21_21	21	A	3	21	self	spk21_3.wav	41	2	2.08882904053	21	-0.5	-0.328451882845188	1.06666666666667	1.9
21_21	21	A	51	21	self	spk21_51.wav	203	1	1.0050599575	21	-0.5	0.349372384937239	1.06666666666667	1.9
21_21	21	A	46	21	self	spk21_46.wav	43	2	1.11934900284	21	-0.5	-0.320083682008368	1.06666666666667	1.9
21_21	21	A	26	21	self	spk21_26.wav	201	1	0.00252199172974	21	-0.5	0.341004184100418	1.06666666666667	1.9
21_21	21	A	20	21	self	spk21_20.wav	32	2	2.24081802368	21	-0.5	-0.366108786610879	1.06666666666667	1.9
21_21	21	A	37	21	self	spk21_37.wav	86	2	1.0050778389	21	-0.5	-0.140167364016736	1.06666666666667	1.9
21_21	21	A	41	21	self	spk21_41.wav	168	2	0.837496995926	21	-0.5	0.202928870292887	1.06666666666667	1.9
21_21	21	A	30	21	self	spk21_30.wav	209	2	2.2893280983	21	-0.5	0.374476987447699	1.06666666666667	1.9
21_21	21	A	40	21	self	spk21_40.wav	104	2	0.553938150406	21	-0.5	-0.0648535564853556	1.06666666666667	1.9
21_21	21	A	19	21	self	spk21_19.wav	171	1	0.319866895676	21	-0.5	0.215481171548117	1.06666666666667	1.9
21_21	21	A	2	21	self	spk21_2.wav	146	2	0.437011957169	21	-0.5	0.110878661087866	1.06666666666667	1.9
21_21	21	A	44	21	self	spk21_44.wav	160	1	0.721244812012	21	-0.5	0.169456066945607	1.06666666666667	1.9
21_21	21	A	31	21	self	spk21_31.wav	214	1	0.202861070633	21	-0.5	0.395397489539749	1.06666666666667	1.9
21_21	21	A	21	21	self	spk21_21.wav	135	1	0.469022989273	21	-0.5	0.0648535564853556	1.06666666666667	1.9
21_21	21	A	18	21	self	spk21_18.wav	15	2	0.754892110825	21	-0.5	-0.437238493723849	1.06666666666667	1.9
21_21	21	A	33	21	self	spk21_33.wav	137	2	1.3212621212	21	-0.5	0.0732217573221757	1.06666666666667	1.9
21_21	21	A	60	21	self	spk21_60.wav	84	2	0.536762952805	21	-0.5	-0.148535564853557	1.06666666666667	1.9
21_21	21	A	59	21	self	spk21_59.wav	219	1	0.268545866013	21	-0.5	0.416317991631799	1.06666666666667	1.9
21_21	21	A	29	21	self	spk21_29.wav	220	1	0.21793794632	21	-0.5	0.420502092050209	1.06666666666667	1.9
21_21	21	A	53	21	self	spk21_53.wav	60	3	3.32750797272	21	-0.5	-0.248953974895398	1.06666666666667	1.9
21_21	21	A	32	21	self	spk21_32.wav	61	2	1.20498991013	21	-0.5	-0.244769874476987	1.06666666666667	1.9
21_21	21	A	25	21	self	spk21_25.wav	49	1	1.12091016769	21	-0.5	-0.294979079497908	1.06666666666667	1.9
21_21	21	A	15	21	self	spk21_15.wav	224	1	0.921284914017	21	-0.5	0.437238493723849	1.06666666666667	1.9
21_21	21	A	56	21	self	spk21_56.wav	91	1	0.919597864151	21	-0.5	-0.119246861924686	1.06666666666667	1.9
21_21	21	A	50	21	self	spk21_50.wav	133	2	0.588255167007	21	-0.5	0.0564853556485355	1.06666666666667	1.9
21_21	21	A	7	21	self	spk21_7.wav	227	1	0.353562116623	21	-0.5	0.449790794979079	1.06666666666667	1.9
21_21	21	A	4	21	self	spk21_4.wav	107	3	3.16124296188	21	-0.5	-0.0523012552301255	1.06666666666667	1.9
21_21	21	A	13	21	self	spk21_13.wav	189	1	0.20233798027	21	-0.5	0.290794979079498	1.06666666666667	1.9
21_21	21	A	16	21	self	spk21_16.wav	230	2	0.921947002411	21	-0.5	0.46234309623431	1.06666666666667	1.9
21_21	21	A	17	21	self	spk21_17.wav	97	2	1.57083106041	21	-0.5	-0.0941422594142259	1.06666666666667	1.9
21_21	21	A	38	21	self	spk21_38.wav	152	4	1.2891600132	21	-0.5	0.135983263598326	1.06666666666667	1.9
21_21	21	A	14	21	self	spk21_14.wav	193	1	0.103512048721	21	-0.5	0.307531380753138	1.06666666666667	1.9
21_21	21	A	1	21	self	spk21_1.wav	73	2	1.13824486732	21	-0.5	-0.194560669456067	1.06666666666667	1.9
21_21	21	A	35	21	self	spk21_35.wav	114	2	2.30820798874	21	-0.5	-0.0230125523012552	1.06666666666667	1.9
21_21	21	A	10	21	self	spk21_10.wav	223	1	0.486567974091	21	-0.5	0.433054393305439	1.06666666666667	1.9
21_21	21	A	24	21	self	spk21_24.wav	76	2	0.838407993317	21	-0.5	-0.182008368200837	1.06666666666667	1.9
21_21	21	A	55	21	self	spk21_55.wav	225	3	2.79267501831	21	-0.5	0.441422594142259	1.06666666666667	1.9
21_21	21	A	9	21	self	spk21_9.wav	226	2	0.23650598526	21	-0.5	0.445606694560669	1.06666666666667	1.9
21_25	21	A	40	25	other	spk25_40.wav	0	2	1.10586094856	21	0.5	-0.5	1.06666666666667	2.2
21_25	21	A	28	25	other	spk25_28.wav	202	3	0.636541843414	21	0.5	0.345188284518828	1.06666666666667	2.2
21_25	21	A	3	25	other	spk25_3.wav	55	2	2.07211780548	21	0.5	-0.269874476987448	1.06666666666667	2.2
21_25	21	A	5	25	other	spk25_5.wav	124	1	0.852511882782	21	0.5	0.0188284518828452	1.06666666666667	2.2
21_25	21	A	24	25	other	spk25_24.wav	178	2	1.02076911926	21	0.5	0.244769874476987	1.06666666666667	2.2
21_25	21	A	27	25	other	spk25_27.wav	5	3	1.67286396027	21	0.5	-0.47907949790795	1.06666666666667	2.2
21_25	21	A	1	25	other	spk25_1.wav	46	3	1.15566110611	21	0.5	-0.307531380753138	1.06666666666667	2.2
21_25	21	A	19	25	other	spk25_19.wav	47	2	0.755006790161	21	0.5	-0.303347280334728	1.06666666666667	2.2
21_25	21	A	48	25	other	spk25_48.wav	222	2	0.53511095047	21	0.5	0.428870292887029	1.06666666666667	2.2
21_25	21	A	18	25	other	spk25_18.wav	9	3	1.08664417267	21	0.5	-0.46234309623431	1.06666666666667	2.2
21_25	21	A	35	25	other	spk25_35.wav	10	3	1.13634181023	21	0.5	-0.4581589958159	1.06666666666667	2.2
21_25	21	A	46	25	other	spk25_46.wav	11	3	1.90601706505	21	0.5	-0.45397489539749	1.06666666666667	2.2
21_25	21	A	36	25	other	spk25_36.wav	52	2	1.2198908329	21	0.5	-0.282426778242678	1.06666666666667	2.2
21_25	21	A	22	25	other	spk25_22.wav	173	2	1.00380992889	21	0.5	0.223849372384937	1.06666666666667	2.2
21_25	21	A	4	25	other	spk25_4.wav	175	3	2.4085059166	21	0.5	0.232217573221757	1.06666666666667	2.2
21_25	21	A	26	25	other	spk25_26.wav	149	2	1.55651402473	21	0.5	0.123430962343096	1.06666666666667	2.2
21_25	21	A	51	25	other	spk25_51.wav	96	3	1.99096894264	21	0.5	-0.098326359832636	1.06666666666667	2.2
21_25	21	A	49	25	other	spk25_49.wav	151	3	3.16113090515	21	0.5	0.131799163179916	1.06666666666667	2.2
21_25	21	A	29	25	other	spk25_29.wav	139	2	0.670080900192	21	0.5	0.0815899581589958	1.06666666666667	2.2
21_25	21	A	9	25	other	spk25_9.wav	19	2	1.72317790985	21	0.5	-0.420502092050209	1.06666666666667	2.2
21_25	21	A	10	25	other	spk25_10.wav	141	2	1.58998918533	21	0.5	0.0899581589958159	1.06666666666667	2.2
21_25	21	A	31	25	other	spk25_31.wav	99	2	0.888608932495	21	0.5	-0.0857740585774058	1.06666666666667	2.2
21_25	21	A	55	25	other	spk25_55.wav	75	3	2.50887298584	21	0.5	-0.186192468619247	1.06666666666667	2.2
21_25	21	A	33	25	other	spk25_33.wav	63	3	0.385105848312	21	0.5	-0.236401673640167	1.06666666666667	2.2
21_25	21	A	13	25	other	spk25_13.wav	145	2	0.701408147812	21	0.5	0.106694560669456	1.06666666666667	2.2
21_25	21	A	8	25	other	spk25_8.wav	105	1	0.705074071884	21	0.5	-0.0606694560669456	1.06666666666667	2.2
21_25	21	A	42	25	other	spk25_42.wav	39	2	2.12245798111	21	0.5	-0.336820083682008	1.06666666666667	2.2
21_25	21	A	32	25	other	spk25_32.wav	80	4	1.20572280884	21	0.5	-0.165271966527197	1.06666666666667	2.2
21_25	21	A	7	25	other	spk25_7.wav	215	2	1.20389699936	21	0.5	0.399581589958159	1.06666666666667	2.2
21_25	21	A	6	25	other	spk25_6.wav	29	2	1.48795509338	21	0.5	-0.378661087866109	1.06666666666667	2.2
21_25	21	A	41	25	other	spk25_41.wav	83	2	1.05606603622	21	0.5	-0.152719665271967	1.06666666666667	2.2
21_25	21	A	12	25	other	spk25_12.wav	191	2	1.2875430584	21	0.5	0.299163179916318	1.06666666666667	2.2
21_25	21	A	54	25	other	spk25_54.wav	153	2	0.601570129395	21	0.5	0.140167364016736	1.06666666666667	2.2
21_25	21	A	14	25	other	spk25_14.wav	154	2	0.553812980652	21	0.5	0.144351464435146	1.06666666666667	2.2
21_25	21	A	50	25	other	spk25_50.wav	159	3	0.638473987579	21	0.5	0.165271966527197	1.06666666666667	2.2
21_25	21	A	52	25	other	spk25_52.wav	213	1	0.420168876648	21	0.5	0.391213389121339	1.06666666666667	2.2
21_25	21	A	47	25	other	spk25_47.wav	197	2	0.821001052856	21	0.5	0.324267782426778	1.06666666666667	2.2
21_25	21	A	60	25	other	spk25_60.wav	77	2	3.87673902512	21	0.5	-0.177824267782427	1.06666666666667	2.2
21_25	21	A	37	25	other	spk25_37.wav	68	3	2.02496504784	21	0.5	-0.215481171548117	1.06666666666667	2.2
21_25	21	A	11	25	other	spk25_11.wav	176	3	0.818689107895	21	0.5	0.236401673640167	1.06666666666667	2.2
21_25	21	A	57	25	other	spk25_57.wav	239	2	0.420882940292	21	0.5	0.5	1.06666666666667	2.2
21_25	21	A	34	25	other	spk25_34.wav	166	2	0.819760084152	21	0.5	0.194560669456067	1.06666666666667	2.2
21_25	21	A	45	25	other	spk25_45.wav	207	2	0.803503036499	21	0.5	0.366108786610879	1.06666666666667	2.2
21_25	21	A	44	25	other	spk25_44.wav	172	3	2.00745892525	21	0.5	0.219665271966527	1.06666666666667	2.2
21_25	21	A	43	25	other	spk25_43.wav	118	1	1.15641999245	21	0.5	-0.00627615062761505	1.06666666666667	2.2
21_25	21	A	59	25	other	spk25_59.wav	170	3	1.22075104713	21	0.5	0.211297071129707	1.06666666666667	2.2
21_25	21	A	39	25	other	spk25_39.wav	50	2	1.48836803436	21	0.5	-0.290794979079498	1.06666666666667	2.2
21_25	21	A	30	25	other	spk25_30.wav	180	2	1.85492801666	21	0.5	0.253138075313807	1.06666666666667	2.2
21_25	21	A	15	25	other	spk25_15.wav	190	2	1.20487999916	21	0.5	0.294979079497908	1.06666666666667	2.2
21_25	21	A	25	25	other	spk25_25.wav	212	2	1.78846597672	21	0.5	0.387029288702929	1.06666666666667	2.2
21_25	21	A	21	25	other	spk25_21.wav	58	2	2.65969991684	21	0.5	-0.257322175732218	1.06666666666667	2.2
21_25	21	A	17	25	other	spk25_17.wav	237	2	3.32696485519	21	0.5	0.49163179916318	1.06666666666667	2.2
21_25	21	A	20	25	other	spk25_20.wav	238	2	0.653401136398	21	0.5	0.49581589958159	1.06666666666667	2.2
21_25	21	A	53	25	other	spk25_53.wav	211	2	1.22404098511	21	0.5	0.382845188284519	1.06666666666667	2.2
21_25	21	A	58	25	other	spk25_58.wav	115	3	1.15564203262	21	0.5	-0.0188284518828452	1.06666666666667	2.2
21_25	21	A	16	25	other	spk25_16.wav	110	2	2.20820307732	21	0.5	-0.0397489539748954	1.06666666666667	2.2
21_25	21	A	2	25	other	spk25_2.wav	112	2	0.353538036346	21	0.5	-0.0313807531380753	1.06666666666667	2.2
21_25	21	A	56	25	other	spk25_56.wav	98	2	1.90588903427	21	0.5	-0.0899581589958159	1.06666666666667	2.2
21_25	21	A	23	25	other	spk25_23.wav	236	3	0.654026985168	21	0.5	0.48744769874477	1.06666666666667	2.2
21_25	21	A	38	25	other	spk25_38.wav	89	2	0.905422210693	21	0.5	-0.127615062761506	1.06666666666667	2.2
21_7	21	A	13	7	other	spk7_13.wav	128	3	1.10293793678	21	0.5	0.0355648535564853	1.06666666666667	3.5
21_7	21	A	47	7	other	spk7_47.wav	169	5	1.15391397476	21	0.5	0.207112970711297	1.06666666666667	3.5
21_7	21	A	20	7	other	spk7_20.wav	162	2	2.80928897858	21	0.5	0.177824267782427	1.06666666666667	3.5
21_7	21	A	8	7	other	spk7_8.wav	155	4	0.369633197784	21	0.5	0.148535564853556	1.06666666666667	3.5
21_7	21	A	42	7	other	spk7_42.wav	129	4	0.820947170258	21	0.5	0.0397489539748954	1.06666666666667	3.5
21_7	21	A	22	7	other	spk7_22.wav	181	3	0.804546833038	21	0.5	0.257322175732218	1.06666666666667	3.5
21_7	21	A	57	7	other	spk7_57.wav	164	5	0.787919998169	21	0.5	0.186192468619247	1.06666666666667	3.5
21_7	21	A	6	7	other	spk7_6.wav	27	3	0.703506946564	21	0.5	-0.387029288702929	1.06666666666667	3.5
21_7	21	A	54	7	other	spk7_54.wav	40	3	1.42028999329	21	0.5	-0.332635983263598	1.06666666666667	3.5
21_7	21	A	35	7	other	spk7_35.wav	21	3	1.07106304169	21	0.5	-0.412133891213389	1.06666666666667	3.5
21_7	21	A	12	7	other	spk7_12.wav	100	3	1.20584797859	21	0.5	-0.0815899581589958	1.06666666666667	3.5
21_7	21	A	5	7	other	spk7_5.wav	22	3	1.20343518257	21	0.5	-0.407949790794979	1.06666666666667	3.5
21_7	21	A	39	7	other	spk7_39.wav	208	3	0.503765106201	21	0.5	0.370292887029289	1.06666666666667	3.5
21_7	21	A	55	7	other	spk7_55.wav	134	3	0.571207046509	21	0.5	0.0606694560669456	1.06666666666667	3.5
21_7	21	A	19	7	other	spk7_19.wav	228	4	0.618482112885	21	0.5	0.45397489539749	1.06666666666667	3.5
21_7	21	A	45	7	other	spk7_45.wav	7	4	1.30414795876	21	0.5	-0.47071129707113	1.06666666666667	3.5
21_7	21	A	32	7	other	spk7_32.wav	187	4	1.57053899765	21	0.5	0.282426778242678	1.06666666666667	3.5
21_7	21	A	23	7	other	spk7_23.wav	165	3	1.37194299698	21	0.5	0.190376569037657	1.06666666666667	3.5
21_7	21	A	25	7	other	spk7_25.wav	31	3	1.47305011749	21	0.5	-0.370292887029289	1.06666666666667	3.5
21_7	21	A	14	7	other	spk7_14.wav	136	2	3.64284992218	21	0.5	0.0690376569037657	1.06666666666667	3.5
21_7	21	A	9	7	other	spk7_9.wav	59	2	2.97538089752	21	0.5	-0.253138075313807	1.06666666666667	3.5
21_7	21	A	21	7	other	spk7_21.wav	221	4	0.319674015045	21	0.5	0.424686192468619	1.06666666666667	3.5
21_7	21	A	52	7	other	spk7_52.wav	35	3	1.33822989464	21	0.5	-0.353556485355649	1.06666666666667	3.5
21_7	21	A	24	7	other	spk7_24.wav	6	3	1.1754488945	21	0.5	-0.47489539748954	1.06666666666667	3.5
21_7	21	A	17	7	other	spk7_17.wav	132	3	2.40832209587	21	0.5	0.0523012552301255	1.06666666666667	3.5
21_7	21	A	10	7	other	spk7_10.wav	51	2	1.72375893593	21	0.5	-0.286610878661088	1.06666666666667	3.5
21_7	21	A	53	7	other	spk7_53.wav	186	3	1.17212986946	21	0.5	0.278242677824268	1.06666666666667	3.5
21_7	21	A	40	7	other	spk7_40.wav	79	5	2.12484407425	21	0.5	-0.169456066945607	1.06666666666667	3.5
21_7	21	A	26	7	other	spk7_26.wav	67	2	1.80746793747	21	0.5	-0.219665271966527	1.06666666666667	3.5
21_7	21	A	51	7	other	spk7_51.wav	2	3	1.94089198112	21	0.5	-0.49163179916318	1.06666666666667	3.5
21_7	21	A	34	7	other	spk7_34.wav	218	2	0.704265117645	21	0.5	0.412133891213389	1.06666666666667	3.5
21_7	21	A	50	7	other	spk7_50.wav	3	2	2.45859599113	21	0.5	-0.48744769874477	1.06666666666667	3.5
21_7	21	A	31	7	other	spk7_31.wav	71	4	1.05551695824	21	0.5	-0.202928870292887	1.06666666666667	3.5
21_7	21	A	49	7	other	spk7_49.wav	194	2	0.802984952927	21	0.5	0.311715481171548	1.06666666666667	3.5
21_7	21	A	7	7	other	spk7_7.wav	235	4	0.921471834183	21	0.5	0.48326359832636	1.06666666666667	3.5
21_7	21	A	27	7	other	spk7_27.wav	113	4	0.57089304924	21	0.5	-0.0271966527196653	1.06666666666667	3.5
21_7	21	A	1	7	other	spk7_1.wav	92	3	1.0723118782	21	0.5	-0.115062761506276	1.06666666666667	3.5
21_7	21	A	29	7	other	spk7_29.wav	131	4	0.604954957962	21	0.5	0.0481171548117155	1.06666666666667	3.5
21_7	21	A	2	7	other	spk7_2.wav	90	3	2.45894002914	21	0.5	-0.123430962343096	1.06666666666667	3.5
21_7	21	A	58	7	other	spk7_58.wav	78	4	0.804302930832	21	0.5	-0.173640167364017	1.06666666666667	3.5
21_7	21	A	36	7	other	spk7_36.wav	56	2	1.53946185112	21	0.5	-0.265690376569038	1.06666666666667	3.5
21_7	21	A	4	7	other	spk7_4.wav	161	3	0.671226024628	21	0.5	0.173640167364017	1.06666666666667	3.5
21_7	21	A	48	7	other	spk7_48.wav	81	4	1.23912191391	21	0.5	-0.161087866108787	1.06666666666667	3.5
21_7	21	A	33	7	other	spk7_33.wav	216	4	0.270462989807	21	0.5	0.403765690376569	1.06666666666667	3.5
21_7	21	A	16	7	other	spk7_16.wav	108	2	2.20886588097	21	0.5	-0.0481171548117155	1.06666666666667	3.5
21_7	21	A	30	7	other	spk7_30.wav	30	2	2.8753361702	21	0.5	-0.374476987447699	1.06666666666667	3.5
21_7	21	A	28	7	other	spk7_28.wav	45	3	1.25398302078	21	0.5	-0.311715481171548	1.06666666666667	3.5
21_7	21	A	11	7	other	spk7_11.wav	127	4	0.771792173386	21	0.5	0.0313807531380753	1.06666666666667	3.5
21_7	21	A	38	7	other	spk7_38.wav	206	3	1.03656506538	21	0.5	0.361924686192469	1.06666666666667	3.5
21_7	21	A	43	7	other	spk7_43.wav	38	4	2.39126610756	21	0.5	-0.341004184100418	1.06666666666667	3.5
21_7	21	A	15	7	other	spk7_15.wav	23	2	2.50814914703	21	0.5	-0.403765690376569	1.06666666666667	3.5
21_7	21	A	60	7	other	spk7_60.wav	36	5	1.98896217346	21	0.5	-0.349372384937238	1.06666666666667	3.5
21_7	21	A	46	7	other	spk7_46.wav	156	3	1.37245607376	21	0.5	0.152719665271967	1.06666666666667	3.5
21_7	21	A	18	7	other	spk7_18.wav	231	4	0.403633117676	21	0.5	0.46652719665272	1.06666666666667	3.5
21_7	21	A	37	7	other	spk7_37.wav	199	3	2.00601410866	21	0.5	0.332635983263598	1.06666666666667	3.5
21_7	21	A	44	7	other	spk7_44.wav	95	4	0.870323896408	21	0.5	-0.102510460251046	1.06666666666667	3.5
21_7	21	A	59	7	other	spk7_59.wav	111	3	0.821277141571	21	0.5	-0.0355648535564854	1.06666666666667	3.5
21_7	21	A	41	7	other	spk7_41.wav	37	4	1.3869638443	21	0.5	-0.345188284518828	1.06666666666667	3.5
21_7	21	A	56	7	other	spk7_56.wav	18	2	1.42407298088	21	0.5	-0.424686192468619	1.06666666666667	3.5
21_7	21	A	3	7	other	spk7_3.wav	210	2	0.98673582077	21	0.5	0.378661087866109	1.06666666666667	3.5
23_11	23	B	5	11	other	spk11_5.wav	166	3	2.64092302322	23	0.5	0.194560669456067	2.26666666666667	3.8
23_11	23	B	16	11	other	spk11_16.wav	95	4	1.77350497246	23	0.5	-0.102510460251046	2.26666666666667	3.8
23_11	23	B	36	11	other	spk11_36.wav	161	5	0.269707918167	23	0.5	0.173640167364017	2.26666666666667	3.8
23_11	23	B	12	11	other	spk11_12.wav	136	2	0.654466152191	23	0.5	0.0690376569037657	2.26666666666667	3.8
23_11	23	B	58	11	other	spk11_58.wav	21	4	1.84029817581	23	0.5	-0.412133891213389	2.26666666666667	3.8
23_11	23	B	23	11	other	spk11_23.wav	35	1	2.69017100334	23	0.5	-0.353556485355649	2.26666666666667	3.8
23_11	23	B	60	11	other	spk11_60.wav	125	2	0.936159133911	23	0.5	0.0230125523012552	2.26666666666667	3.8
23_11	23	B	45	11	other	spk11_45.wav	18	1	0.420187950134	23	0.5	-0.424686192468619	2.26666666666667	3.8
23_11	23	B	42	11	other	spk11_42.wav	135	2	0.721090078354	23	0.5	0.0648535564853556	2.26666666666667	3.8
23_11	23	B	33	11	other	spk11_33.wav	80	2	1.47365903854	23	0.5	-0.165271966527197	2.26666666666667	3.8
23_11	23	B	44	11	other	spk11_44.wav	45	3	1.67284607887	23	0.5	-0.311715481171548	2.26666666666667	3.8
23_11	23	B	51	11	other	spk11_51.wav	53	4	1.22001481056	23	0.5	-0.278242677824268	2.26666666666667	3.8
23_11	23	B	20	11	other	spk11_20.wav	152	1	1.22207403183	23	0.5	0.135983263598326	2.26666666666667	3.8
23_11	23	B	40	11	other	spk11_40.wav	123	2	1.94070720673	23	0.5	0.0146443514644351	2.26666666666667	3.8
23_11	23	B	53	11	other	spk11_53.wav	7	1	4.89552593231	23	0.5	-0.47071129707113	2.26666666666667	3.8
23_11	23	B	14	11	other	spk11_14.wav	57	2	1.23707103729	23	0.5	-0.261506276150628	2.26666666666667	3.8
23_11	23	B	48	11	other	spk11_48.wav	103	6	0.65301990509	23	0.5	-0.0690376569037657	2.26666666666667	3.8
23_11	23	B	50	11	other	spk11_50.wav	193	1	0.969618082047	23	0.5	0.307531380753138	2.26666666666667	3.8
23_11	23	B	25	11	other	spk11_25.wav	51	1	0.436775922775	23	0.5	-0.286610878661088	2.26666666666667	3.8
23_11	23	B	35	11	other	spk11_35.wav	48	2	0.370157957077	23	0.5	-0.299163179916318	2.26666666666667	3.8
23_11	23	B	46	11	other	spk11_46.wav	200	5	0.551661014557	23	0.5	0.336820083682008	2.26666666666667	3.8
23_11	23	B	57	11	other	spk11_57.wav	201	2	0.755098104477	23	0.5	0.341004184100418	2.26666666666667	3.8
23_11	23	B	7	11	other	spk11_7.wav	55	2	1.43612885475	23	0.5	-0.269874476987448	2.26666666666667	3.8
23_11	23	B	38	11	other	spk11_38.wav	151	2	0.520162820816	23	0.5	0.131799163179916	2.26666666666667	3.8
23_11	23	B	43	11	other	spk11_43.wav	70	2	0.921550035477	23	0.5	-0.207112970711297	2.26666666666667	3.8
23_11	23	B	6	11	other	spk11_6.wav	165	4	1.05598592758	23	0.5	0.190376569037657	2.26666666666667	3.8
23_11	23	B	27	11	other	spk11_27.wav	85	3	2.74067306519	23	0.5	-0.144351464435146	2.26666666666667	3.8
23_11	23	B	4	11	other	spk11_4.wav	20	2	0.886904001236	23	0.5	-0.416317991631799	2.26666666666667	3.8
23_11	23	B	3	11	other	spk11_3.wav	155	2	1.94011688232	23	0.5	0.148535564853556	2.26666666666667	3.8
23_11	23	B	32	11	other	spk11_32.wav	209	4	0.771226882935	23	0.5	0.374476987447699	2.26666666666667	3.8
23_11	23	B	17	11	other	spk11_17.wav	132	4	1.07094407082	23	0.5	0.0523012552301255	2.26666666666667	3.8
23_11	23	B	19	11	other	spk11_19.wav	10	1	3.51145601273	23	0.5	-0.4581589958159	2.26666666666667	3.8
23_11	23	B	15	11	other	spk11_15.wav	120	4	0.651536941528	23	0.5	0.002092050209205	2.26666666666667	3.8
23_11	23	B	59	11	other	spk11_59.wav	133	4	0.718748092651	23	0.5	0.0564853556485355	2.26666666666667	3.8
23_11	23	B	1	11	other	spk11_1.wav	93	1	0.602385997772	23	0.5	-0.110878661087866	2.26666666666667	3.8
23_11	23	B	10	11	other	spk11_10.wav	215	3	1.08809900284	23	0.5	0.399581589958159	2.26666666666667	3.8
23_11	23	B	9	11	other	spk11_9.wav	42	2	0.520797967911	23	0.5	-0.324267782426778	2.26666666666667	3.8
23_11	23	B	8	11	other	spk11_8.wav	204	2	1.23827791214	23	0.5	0.353556485355649	2.26666666666667	3.8
23_11	23	B	55	11	other	spk11_55.wav	97	2	1.38848900795	23	0.5	-0.0941422594142259	2.26666666666667	3.8
23_11	23	B	22	11	other	spk11_22.wav	219	2	0.568537950516	23	0.5	0.416317991631799	2.26666666666667	3.8
23_11	23	B	41	11	other	spk11_41.wav	19	2	1.40612006187	23	0.5	-0.420502092050209	2.26666666666667	3.8
23_11	23	B	2	11	other	spk11_2.wav	168	3	1.99026083946	23	0.5	0.202928870292887	2.26666666666667	3.8
23_11	23	B	26	11	other	spk11_26.wav	142	1	0.100322008133	23	0.5	0.0941422594142259	2.26666666666667	3.8
23_11	23	B	47	11	other	spk11_47.wav	183	1	1.03740906715	23	0.5	0.265690376569038	2.26666666666667	3.8
23_11	23	B	31	11	other	spk11_31.wav	224	2	0.620944023132	23	0.5	0.437238493723849	2.26666666666667	3.8
23_11	23	B	34	11	other	spk11_34.wav	212	2	0.787664890289	23	0.5	0.387029288702929	2.26666666666667	3.8
23_11	23	B	11	11	other	spk11_11.wav	146	3	2.05767989159	23	0.5	0.110878661087866	2.26666666666667	3.8
23_11	23	B	21	11	other	spk11_21.wav	187	3	0.803907155991	23	0.5	0.282426778242678	2.26666666666667	3.8
23_11	23	B	37	11	other	spk11_37.wav	27	2	1.55616021156	23	0.5	-0.387029288702929	2.26666666666667	3.8
23_11	23	B	52	11	other	spk11_52.wav	216	3	0.888159990311	23	0.5	0.403765690376569	2.26666666666667	3.8
23_11	23	B	13	11	other	spk11_13.wav	177	2	0.371325969696	23	0.5	0.240585774058577	2.26666666666667	3.8
23_11	23	B	18	11	other	spk11_18.wav	231	1	1.33929395676	23	0.5	0.46652719665272	2.26666666666667	3.8
23_11	23	B	30	11	other	spk11_30.wav	232	3	0.337285995483	23	0.5	0.47071129707113	2.26666666666667	3.8
23_11	23	B	39	11	other	spk11_39.wav	233	3	0.170078039169	23	0.5	0.47489539748954	2.26666666666667	3.8
23_11	23	B	29	11	other	spk11_29.wav	221	4	1.00592494011	23	0.5	0.424686192468619	2.26666666666667	3.8
23_11	23	B	28	11	other	spk11_28.wav	235	4	0.871331930161	23	0.5	0.48326359832636	2.26666666666667	3.8
23_11	23	B	49	11	other	spk11_49.wav	156	2	0.871270895004	23	0.5	0.152719665271967	2.26666666666667	3.8
23_11	23	B	56	11	other	spk11_56.wav	237	2	1.00514793396	23	0.5	0.49163179916318	2.26666666666667	3.8
23_11	23	B	54	11	other	spk11_54.wav	185	2	2.55853700638	23	0.5	0.274058577405858	2.26666666666667	3.8
23_11	23	B	24	11	other	spk11_24.wav	79	2	0.7212870121	23	0.5	-0.169456066945607	2.26666666666667	3.8
23_18	23	B	40	18	other	spk18_40.wav	0	5	3.37629508972	23	0.5	-0.5	2.26666666666667	2
23_18	23	B	57	18	other	spk18_57.wav	1	2	3.52566790581	23	0.5	-0.49581589958159	2.26666666666667	2
23_18	23	B	60	18	other	spk18_60.wav	68	1	0.386927127838	23	0.5	-0.215481171548117	2.26666666666667	2
23_18	23	B	52	18	other	spk18_52.wav	164	1	0.185516119003	23	0.5	0.186192468619247	2.26666666666667	2
23_18	23	B	2	18	other	spk18_2.wav	44	1	0.603719949722	23	0.5	-0.315899581589958	2.26666666666667	2
23_18	23	B	13	18	other	spk18_13.wav	126	1	0.754369020462	23	0.5	0.0271966527196653	2.26666666666667	2
23_18	23	B	49	18	other	spk18_49.wav	6	4	0.988264083862	23	0.5	-0.47489539748954	2.26666666666667	2
23_18	23	B	34	18	other	spk18_34.wav	208	1	0.520716905594	23	0.5	0.370292887029289	2.26666666666667	2
23_18	23	B	4	18	other	spk18_4.wav	8	1	1.23816800117	23	0.5	-0.46652719665272	2.26666666666667	2
23_18	23	B	55	18	other	spk18_55.wav	49	2	0.236224889755	23	0.5	-0.294979079497908	2.26666666666667	2
23_18	23	B	37	18	other	spk18_37.wav	131	2	2.8588848114	23	0.5	0.0481171548117155	2.26666666666667	2
23_18	23	B	29	18	other	spk18_29.wav	11	3	0.853211164474	23	0.5	-0.45397489539749	2.26666666666667	2
23_18	23	B	47	18	other	spk18_47.wav	213	1	2.37228894234	23	0.5	0.391213389121339	2.26666666666667	2
23_18	23	B	46	18	other	spk18_46.wav	26	3	1.07112598419	23	0.5	-0.391213389121339	2.26666666666667	2
23_18	23	B	20	18	other	spk18_20.wav	14	3	2.74260210991	23	0.5	-0.441422594142259	2.26666666666667	2
23_18	23	B	14	18	other	spk18_14.wav	202	2	0.988903045654	23	0.5	0.345188284518828	2.26666666666667	2
23_18	23	B	17	18	other	spk18_17.wav	69	1	0.21880197525	23	0.5	-0.211297071129707	2.26666666666667	2
23_18	23	B	54	18	other	spk18_54.wav	17	1	0.938158035278	23	0.5	-0.428870292887029	2.26666666666667	2
23_18	23	B	45	18	other	spk18_45.wav	31	1	0.319540977478	23	0.5	-0.370292887029289	2.26666666666667	2
23_18	23	B	35	18	other	spk18_35.wav	140	2	0.704917907715	23	0.5	0.0857740585774058	2.26666666666667	2
23_18	23	B	44	18	other	spk18_44.wav	181	1	0.802896022797	23	0.5	0.257322175732218	2.26666666666667	2
23_18	23	B	38	18	other	spk18_38.wav	195	3	1.07270598412	23	0.5	0.315899581589958	2.26666666666667	2
23_18	23	B	5	18	other	spk18_5.wav	102	2	1.38950300217	23	0.5	-0.0732217573221757	2.26666666666667	2
23_18	23	B	12	18	other	spk18_12.wav	63	1	0.253659009933	23	0.5	-0.236401673640167	2.26666666666667	2
23_18	23	B	24	18	other	spk18_24.wav	37	1	0.570631980896	23	0.5	-0.345188284518828	2.26666666666667	2
23_18	23	B	51	18	other	spk18_51.wav	25	2	2.49199604988	23	0.5	-0.395397489539749	2.26666666666667	2
23_18	23	B	26	18	other	spk18_26.wav	160	1	0.403506994247	23	0.5	0.169456066945607	2.26666666666667	2
23_18	23	B	59	18	other	spk18_59.wav	227	1	0.885799884796	23	0.5	0.449790794979079	2.26666666666667	2
23_18	23	B	53	18	other	spk18_53.wav	153	1	1.5398440361	23	0.5	0.140167364016736	2.26666666666667	2
23_18	23	B	28	18	other	spk18_28.wav	108	1	1.0875890255	23	0.5	-0.0481171548117155	2.26666666666667	2
23_18	23	B	7	18	other	spk18_7.wav	191	1	0.268114805222	23	0.5	0.299163179916318	2.26666666666667	2
23_18	23	B	33	18	other	spk18_33.wav	218	1	0.220010995865	23	0.5	0.412133891213389	2.26666666666667	2
23_18	23	B	36	18	other	spk18_36.wav	36	2	1.73887491226	23	0.5	-0.349372384937238	2.26666666666667	2
23_18	23	B	9	18	other	spk18_9.wav	113	1	1.32269215584	23	0.5	-0.0271966527196653	2.26666666666667	2
23_18	23	B	27	18	other	spk18_27.wav	167	2	1.9063808918	23	0.5	0.198744769874477	2.26666666666667	2
23_18	23	B	11	18	other	spk18_11.wav	236	1	0.520344018936	23	0.5	0.48744769874477	2.26666666666667	2
23_18	23	B	39	18	other	spk18_39.wav	106	2	1.23682618141	23	0.5	-0.0564853556485356	2.26666666666667	2
23_18	23	B	19	18	other	spk18_19.wav	171	1	0.236534833908	23	0.5	0.215481171548117	2.26666666666667	2
23_18	23	B	21	18	other	spk18_21.wav	199	4	0.453559875488	23	0.5	0.332635983263598	2.26666666666667	2
23_18	23	B	50	18	other	spk18_50.wav	186	2	1.00425505638	23	0.5	0.278242677824268	2.26666666666667	2
23_18	23	B	48	18	other	spk18_48.wav	88	1	0.837951183319	23	0.5	-0.131799163179916	2.26666666666667	2
23_18	23	B	31	18	other	spk18_31.wav	206	1	0.654173135757	23	0.5	0.361924686192469	2.26666666666667	2
23_18	23	B	6	18	other	spk18_6.wav	46	4	0.536130905151	23	0.5	-0.307531380753138	2.26666666666667	2
23_18	23	B	1	18	other	spk18_1.wav	109	1	0.921299934387	23	0.5	-0.0439330543933054	2.26666666666667	2
23_18	23	B	43	18	other	spk18_43.wav	158	3	2.85973405838	23	0.5	0.161087866108787	2.26666666666667	2
23_18	23	B	8	18	other	spk18_8.wav	89	1	0.119582891464	23	0.5	-0.127615062761506	2.26666666666667	2
23_18	23	B	30	18	other	spk18_30.wav	197	2	1.75502896309	23	0.5	0.324267782426778	2.26666666666667	2
23_18	23	B	41	18	other	spk18_41.wav	220	3	0.420970916748	23	0.5	0.420502092050209	2.26666666666667	2
23_18	23	B	3	18	other	spk18_3.wav	207	1	0.0677561759949	23	0.5	0.366108786610879	2.26666666666667	2
23_18	23	B	23	18	other	spk18_23.wav	119	1	0.470157146454	23	0.5	-0.002092050209205	2.26666666666667	2
23_18	23	B	18	18	other	spk18_18.wav	71	3	4.24473619461	23	0.5	-0.202928870292887	2.26666666666667	2
23_18	23	B	58	18	other	spk18_58.wav	91	1	0.43754196167	23	0.5	-0.119246861924686	2.26666666666667	2
23_18	23	B	16	18	other	spk18_16.wav	77	3	5.79833912849	23	0.5	-0.177824267782427	2.26666666666667	2
23_18	23	B	25	18	other	spk18_25.wav	114	1	0.320019006729	23	0.5	-0.0230125523012552	2.26666666666667	2
23_18	23	B	42	18	other	spk18_42.wav	105	4	1.17231798172	23	0.5	-0.0606694560669456	2.26666666666667	2
23_18	23	B	22	18	other	spk18_22.wav	99	1	2.17487382889	23	0.5	-0.0857740585774058	2.26666666666667	2
23_18	23	B	10	18	other	spk18_10.wav	112	2	1.40617895126	23	0.5	-0.0313807531380753	2.26666666666667	2
23_18	23	B	32	18	other	spk18_32.wav	117	2	1.5402071476	23	0.5	-0.0104602510460251	2.26666666666667	2
23_18	23	B	56	18	other	spk18_56.wav	170	1	0.453799962997	23	0.5	0.211297071129707	2.26666666666667	2
23_18	23	B	15	18	other	spk18_15.wav	211	1	0.170001983643	23	0.5	0.382845188284519	2.26666666666667	2
23_23	23	B	8	23	self	spk23_8.wav	15	1	1.20531511307	23	-0.5	-0.437238493723849	2.26666666666667	1.2
23_23	23	B	28	23	self	spk23_28.wav	83	4	1.40636205673	23	-0.5	-0.152719665271967	2.26666666666667	1.2
23_23	23	B	51	23	self	spk23_51.wav	122	1	0.23406791687	23	-0.5	0.0104602510460251	2.26666666666667	1.2
23_23	23	B	42	23	self	spk23_42.wav	176	1	0.637119054794	23	-0.5	0.236401673640167	2.26666666666667	1.2
23_23	23	B	39	23	self	spk23_39.wav	116	1	1.70574712753	23	-0.5	-0.0146443514644352	2.26666666666667	1.2
23_23	23	B	54	23	self	spk23_54.wav	175	2	1.07137608528	23	-0.5	0.232217573221757	2.26666666666667	1.2
23_23	23	B	45	23	self	spk23_45.wav	5	1	3.51034522057	23	-0.5	-0.47907949790795	2.26666666666667	1.2
23_23	23	B	41	23	self	spk23_41.wav	39	1	0.152786016464	23	-0.5	-0.336820083682008	2.26666666666667	1.2
23_23	23	B	44	23	self	spk23_44.wav	148	1	0.387441158295	23	-0.5	0.119246861924686	2.26666666666667	1.2
23_23	23	B	22	23	self	spk23_22.wav	129	2	0.98825097084	23	-0.5	0.0397489539748954	2.26666666666667	1.2
23_23	23	B	14	23	self	spk23_14.wav	172	1	0.218889951706	23	-0.5	0.219665271966527	2.26666666666667	1.2
23_23	23	B	36	23	self	spk23_36.wav	169	1	0.219535827637	23	-0.5	0.207112970711297	2.26666666666667	1.2
23_23	23	B	48	23	self	spk23_48.wav	38	1	5.69790101051	23	-0.5	-0.341004184100418	2.26666666666667	1.2
23_23	23	B	27	23	self	spk23_27.wav	66	1	0.839563846588	23	-0.5	-0.223849372384937	2.26666666666667	1.2
23_23	23	B	11	23	self	spk23_11.wav	54	1	4.51207518578	23	-0.5	-0.274058577405858	2.26666666666667	1.2
23_23	23	B	15	23	self	spk23_15.wav	67	2	0.886080026627	23	-0.5	-0.219665271966527	2.26666666666667	1.2
23_23	23	B	4	23	self	spk23_4.wav	82	1	1.63781905174	23	-0.5	-0.156903765690377	2.26666666666667	1.2
23_23	23	B	30	23	self	spk23_30.wav	205	1	0.0692210197449	23	-0.5	0.357740585774059	2.26666666666667	1.2
23_23	23	B	31	23	self	spk23_31.wav	98	1	0.169121980667	23	-0.5	-0.0899581589958159	2.26666666666667	1.2
23_23	23	B	12	23	self	spk23_12.wav	179	1	0.219122171402	23	-0.5	0.248953974895398	2.26666666666667	1.2
23_23	23	B	10	23	self	spk23_10.wav	47	2	4.48050117493	23	-0.5	-0.303347280334728	2.26666666666667	1.2
23_23	23	B	56	23	self	spk23_56.wav	9	1	4.52900195122	23	-0.5	-0.46234309623431	2.26666666666667	1.2
23_23	23	B	60	23	self	spk23_60.wav	182	1	0.286942005157	23	-0.5	0.261506276150628	2.26666666666667	1.2
23_23	23	B	13	23	self	spk23_13.wav	223	1	0.537015199661	23	-0.5	0.433054393305439	2.26666666666667	1.2
23_23	23	B	9	23	self	spk23_9.wav	50	1	1.42107605934	23	-0.5	-0.290794979079498	2.26666666666667	1.2
23_23	23	B	1	23	self	spk23_1.wav	145	1	0.217684030533	23	-0.5	0.106694560669456	2.26666666666667	1.2
23_23	23	B	50	23	self	spk23_50.wav	78	1	0.985856056213	23	-0.5	-0.173640167364017	2.26666666666667	1.2
23_23	23	B	59	23	self	spk23_59.wav	107	1	1.0525560379	23	-0.5	-0.0523012552301255	2.26666666666667	1.2
23_23	23	B	34	23	self	spk23_34.wav	147	1	0.0501399040222	23	-0.5	0.115062761506276	2.26666666666667	1.2
23_23	23	B	16	23	self	spk23_16.wav	41	2	0.737586021423	23	-0.5	-0.328451882845188	2.26666666666667	1.2
23_23	23	B	18	23	self	spk23_18.wav	111	1	0.735906124115	23	-0.5	-0.0355648535564854	2.26666666666667	1.2
23_23	23	B	3	23	self	spk23_3.wav	43	1	0.0356781482697	23	-0.5	-0.320083682008368	2.26666666666667	1.2
23_23	23	B	17	23	self	spk23_17.wav	192	1	0.284435987473	23	-0.5	0.303347280334728	2.26666666666667	1.2
23_23	23	B	52	23	self	spk23_52.wav	32	1	0.43504691124	23	-0.5	-0.366108786610879	2.26666666666667	1.2
23_23	23	B	53	23	self	spk23_53.wav	87	1	0.403565883636	23	-0.5	-0.135983263598326	2.26666666666667	1.2
23_23	23	B	21	23	self	spk23_21.wav	194	1	0.21952009201	23	-0.5	0.311715481171548	2.26666666666667	1.2
23_23	23	B	5	23	self	spk23_5.wav	196	3	2.0578649044	23	-0.5	0.320083682008368	2.26666666666667	1.2
23_23	23	B	57	23	self	spk23_57.wav	23	1	0.819051027298	23	-0.5	-0.403765690376569	2.26666666666667	1.2
23_23	23	B	2	23	self	spk23_2.wav	90	1	0.870069980621	23	-0.5	-0.123430962343096	2.26666666666667	1.2
23_23	23	B	35	23	self	spk23_35.wav	104	1	0.0863409042358	23	-0.5	-0.0648535564853556	2.26666666666667	1.2
23_23	23	B	6	23	self	spk23_6.wav	174	1	0.0366578102112	23	-0.5	0.228033472803347	2.26666666666667	1.2
23_23	23	B	37	23	self	spk23_37.wav	230	2	3.34398698807	23	-0.5	0.46234309623431	2.26666666666667	1.2
23_23	23	B	25	23	self	spk23_25.wav	228	1	0.15346288681	23	-0.5	0.45397489539749	2.26666666666667	1.2
23_23	23	B	7	23	self	spk23_7.wav	124	1	0.270521879196	23	-0.5	0.0188284518828452	2.26666666666667	1.2
23_23	23	B	38	23	self	spk23_38.wav	16	1	2.5420730114	23	-0.5	-0.433054393305439	2.26666666666667	1.2
23_23	23	B	20	23	self	spk23_20.wav	101	3	0.887709856033	23	-0.5	-0.0774058577405858	2.26666666666667	1.2
23_23	23	B	23	23	self	spk23_23.wav	130	1	0.601569890976	23	-0.5	0.0439330543933054	2.26666666666667	1.2
23_23	23	B	19	23	self	spk23_19.wav	127	1	0.286864995956	23	-0.5	0.0313807531380753	2.26666666666667	1.2
23_23	23	B	43	23	self	spk23_43.wav	86	1	1.13861489296	23	-0.5	-0.140167364016736	2.26666666666667	1.2
23_23	23	B	40	23	self	spk23_40.wav	226	1	0.0356531143188	23	-0.5	0.445606694560669	2.26666666666667	1.2
23_23	23	B	47	23	self	spk23_47.wav	234	1	0.704262018204	23	-0.5	0.47907949790795	2.26666666666667	1.2
23_23	23	B	55	23	self	spk23_55.wav	184	1	0.687527179718	23	-0.5	0.269874476987448	2.26666666666667	1.2
23_23	23	B	26	23	self	spk23_26.wav	118	1	0.319339036942	23	-0.5	-0.00627615062761505	2.26666666666667	1.2
23_23	23	B	29	23	self	spk23_29.wav	30	1	2.05606102943	23	-0.5	-0.374476987447699	2.26666666666667	1.2
23_23	23	B	33	23	self	spk23_33.wav	239	6	0.220209121704	23	-0.5	0.5	2.26666666666667	1.2
23_23	23	B	49	23	self	spk23_49.wav	115	1	0.353276014328	23	-0.5	-0.0188284518828452	2.26666666666667	1.2
23_23	23	B	32	23	self	spk23_32.wav	81	1	0.502182006836	23	-0.5	-0.161087866108787	2.26666666666667	1.2
23_23	23	B	24	23	self	spk23_24.wav	210	1	0.135208845139	23	-0.5	0.378661087866109	2.26666666666667	1.2
23_23	23	B	58	23	self	spk23_58.wav	238	1	0.469969034195	23	-0.5	0.49581589958159	2.26666666666667	1.2
23_23	23	B	46	23	self	spk23_46.wav	76	1	0.251824855804	23	-0.5	-0.182008368200837	2.26666666666667	1.2
23_26	23	B	14	26	other	spk26_14.wav	163	3	0.721664905548	23	0.5	0.182008368200837	2.26666666666667	4.6
23_26	23	B	30	26	other	spk26_30.wav	2	6	2.47529506683	23	0.5	-0.49163179916318	2.26666666666667	4.6
23_26	23	B	21	26	other	spk26_21.wav	137	6	0.873159885406	23	0.5	0.0732217573221757	2.26666666666667	4.6
23_26	23	B	49	26	other	spk26_49.wav	24	5	0.603343009949	23	0.5	-0.399581589958159	2.26666666666667	4.6
23_26	23	B	9	26	other	spk26_9.wav	139	4	0.536841154099	23	0.5	0.0815899581589958	2.26666666666667	4.6
23_26	23	B	6	26	other	spk26_6.wav	94	6	0.184378147125	23	0.5	-0.106694560669456	2.26666666666667	4.6
23_26	23	B	10	26	other	spk26_10.wav	188	5	0.954760074615	23	0.5	0.286610878661088	2.26666666666667	4.6
23_26	23	B	58	26	other	spk26_58.wav	173	1	0.569545984268	23	0.5	0.223849372384937	2.26666666666667	4.6
23_26	23	B	36	26	other	spk26_36.wav	3	3	3.70943188667	23	0.5	-0.48744769874477	2.26666666666667	4.6
23_26	23	B	40	26	other	spk26_40.wav	4	5	1.15316605568	23	0.5	-0.48326359832636	2.26666666666667	4.6
23_26	23	B	45	26	other	spk26_45.wav	22	3	0.903877973557	23	0.5	-0.407949790794979	2.26666666666667	4.6
23_26	23	B	41	26	other	spk26_41.wav	58	6	0.169658899307	23	0.5	-0.257322175732218	2.26666666666667	4.6
23_26	23	B	27	26	other	spk26_27.wav	162	4	1.43881011009	23	0.5	0.177824267782427	2.26666666666667	4.6
23_26	23	B	47	26	other	spk26_47.wav	56	6	1.08822798729	23	0.5	-0.265690376569038	2.26666666666667	4.6
23_26	23	B	32	26	other	spk26_32.wav	110	5	0.885452985764	23	0.5	-0.0397489539748954	2.26666666666667	4.6
23_26	23	B	33	26	other	spk26_33.wav	75	4	0.167477846146	23	0.5	-0.186192468619247	2.26666666666667	4.6
23_26	23	B	16	26	other	spk26_16.wav	144	1	0.00257611274719	23	0.5	0.102510460251046	2.26666666666667	4.6
23_26	23	B	46	26	other	spk26_46.wav	61	5	0.404097080231	23	0.5	-0.244769874476987	2.26666666666667	4.6
23_26	23	B	56	26	other	spk26_56.wav	222	2	1.23926305771	23	0.5	0.428870292887029	2.26666666666667	4.6
23_26	23	B	11	26	other	spk26_11.wav	40	6	0.120056152344	23	0.5	-0.332635983263598	2.26666666666667	4.6
23_26	23	B	7	26	other	spk26_7.wav	65	6	0.587563991547	23	0.5	-0.228033472803347	2.26666666666667	4.6
23_26	23	B	50	26	other	spk26_50.wav	134	5	0.320102930069	23	0.5	0.0606694560669456	2.26666666666667	4.6
23_26	23	B	60	26	other	spk26_60.wav	203	3	0.45430803299	23	0.5	0.349372384937239	2.26666666666667	4.6
23_26	23	B	26	26	other	spk26_26.wav	96	3	0.852438926697	23	0.5	-0.098326359832636	2.26666666666667	4.6
23_26	23	B	17	26	other	spk26_17.wav	84	4	1.87422990799	23	0.5	-0.148535564853557	2.26666666666667	4.6
23_26	23	B	48	26	other	spk26_48.wav	138	5	0.454100847244	23	0.5	0.0774058577405857	2.26666666666667	4.6
23_26	23	B	57	26	other	spk26_57.wav	33	5	0.653527975082	23	0.5	-0.361924686192469	2.26666666666667	4.6
23_26	23	B	35	26	other	spk26_35.wav	128	5	0.384621143341	23	0.5	0.0355648535564853	2.26666666666667	4.6
23_26	23	B	31	26	other	spk26_31.wav	60	4	0.971376180649	23	0.5	-0.248953974895398	2.26666666666667	4.6
23_26	23	B	23	26	other	spk26_23.wav	62	5	0.285137176514	23	0.5	-0.240585774058577	2.26666666666667	4.6
23_26	23	B	38	26	other	spk26_38.wav	64	6	0.453107833862	23	0.5	-0.232217573221757	2.26666666666667	4.6
23_26	23	B	37	26	other	spk26_37.wav	13	5	0.921471834183	23	0.5	-0.445606694560669	2.26666666666667	4.6
23_26	23	B	59	26	other	spk26_59.wav	214	3	3.17746496201	23	0.5	0.395397489539749	2.26666666666667	4.6
23_26	23	B	19	26	other	spk26_19.wav	198	5	0.437610149384	23	0.5	0.328451882845188	2.26666666666667	4.6
23_26	23	B	8	26	other	spk26_8.wav	92	3	0.670269012451	23	0.5	-0.115062761506276	2.26666666666667	4.6
23_26	23	B	25	26	other	spk26_25.wav	28	2	2.79286193848	23	0.5	-0.382845188284519	2.26666666666667	4.6
23_26	23	B	55	26	other	spk26_55.wav	29	4	1.97410392761	23	0.5	-0.378661087866109	2.26666666666667	4.6
23_26	23	B	20	26	other	spk26_20.wav	178	3	0.905340909958	23	0.5	0.244769874476987	2.26666666666667	4.6
23_26	23	B	18	26	other	spk26_18.wav	217	6	0.520716905594	23	0.5	0.407949790794979	2.26666666666667	4.6
23_26	23	B	12	26	other	spk26_12.wav	59	3	0.520576953888	23	0.5	-0.253138075313807	2.26666666666667	4.6
23_26	23	B	13	26	other	spk26_13.wav	141	4	0.754294872284	23	0.5	0.0899581589958159	2.26666666666667	4.6
23_26	23	B	15	26	other	spk26_15.wav	34	3	3.72864603996	23	0.5	-0.357740585774059	2.26666666666667	4.6
23_26	23	B	34	26	other	spk26_34.wav	74	4	0.233327865601	23	0.5	-0.190376569037657	2.26666666666667	4.6
23_26	23	B	53	26	other	spk26_53.wav	143	4	0.770755052567	23	0.5	0.0983263598326359	2.26666666666667	4.6
23_26	23	B	44	26	other	spk26_44.wav	12	5	2.02290892601	23	0.5	-0.449790794979079	2.26666666666667	4.6
23_26	23	B	4	26	other	spk26_4.wav	52	3	0.702898025513	23	0.5	-0.282426778242678	2.26666666666667	4.6
23_26	23	B	28	26	other	spk26_28.wav	150	4	0.419663906097	23	0.5	0.127615062761506	2.26666666666667	4.6
23_26	23	B	43	26	other	spk26_43.wav	190	4	1.18657016754	23	0.5	0.294979079497908	2.26666666666667	4.6
23_26	23	B	52	26	other	spk26_52.wav	121	6	0.704250812531	23	0.5	0.00627615062761511	2.26666666666667	4.6
23_26	23	B	24	26	other	spk26_24.wav	73	2	0.453314065933	23	0.5	-0.194560669456067	2.26666666666667	4.6
23_26	23	B	54	26	other	spk26_54.wav	100	6	0.337255001068	23	0.5	-0.0815899581589958	2.26666666666667	4.6
23_26	23	B	51	26	other	spk26_51.wav	154	5	0.218991994858	23	0.5	0.144351464435146	2.26666666666667	4.6
23_26	23	B	42	26	other	spk26_42.wav	72	5	1.53657817841	23	0.5	-0.198744769874477	2.26666666666667	4.6
23_26	23	B	5	26	other	spk26_5.wav	225	2	5.03007912636	23	0.5	0.441422594142259	2.26666666666667	4.6
23_26	23	B	2	26	other	spk26_2.wav	159	6	0.987297058105	23	0.5	0.165271966527197	2.26666666666667	4.6
23_26	23	B	22	26	other	spk26_22.wav	149	4	1.20663905144	23	0.5	0.123430962343096	2.26666666666667	4.6
23_26	23	B	3	26	other	spk26_3.wav	189	4	0.234272003174	23	0.5	0.290794979079498	2.26666666666667	4.6
23_26	23	B	29	26	other	spk26_29.wav	229	4	3.92892789841	23	0.5	0.4581589958159	2.26666666666667	4.6
23_26	23	B	39	26	other	spk26_39.wav	157	3	0.754339933395	23	0.5	0.156903765690377	2.26666666666667	4.6
23_26	23	B	1	26	other	spk26_1.wav	180	6	0.45327091217	23	0.5	0.253138075313807	2.26666666666667	4.6
24_1	24	E	42	1	other	spk1_42.wav	0	4	3.51126909256	24	0.5	-0.5	-0.266666666666667	2.5
24_1	24	E	12	1	other	spk1_12.wav	14	3	1.03852915764	24	0.5	-0.441422594142259	-0.266666666666667	2.5
24_1	24	E	47	1	other	spk1_47.wav	176	3	0.687445163727	24	0.5	0.236401673640167	-0.266666666666667	2.5
24_1	24	E	3	1	other	spk1_3.wav	43	3	2.4249830246	24	0.5	-0.320083682008368	-0.266666666666667	2.5
24_1	24	E	16	1	other	spk1_16.wav	4	3	4.29571008682	24	0.5	-0.48326359832636	-0.266666666666667	2.5
24_1	24	E	14	1	other	spk1_14.wav	126	5	2.52541780472	24	0.5	0.0271966527196653	-0.266666666666667	2.5
24_1	24	E	8	1	other	spk1_8.wav	207	4	1.28882813454	24	0.5	0.366108786610879	-0.266666666666667	2.5
24_1	24	E	35	1	other	spk1_35.wav	168	3	2.8929669857	24	0.5	0.202928870292887	-0.266666666666667	2.5
24_1	24	E	9	1	other	spk1_9.wav	8	3	0.319590091705	24	0.5	-0.46652719665272	-0.266666666666667	2.5
24_1	24	E	57	1	other	spk1_57.wav	210	4	0.72140288353	24	0.5	0.378661087866109	-0.266666666666667	2.5
24_1	24	E	7	1	other	spk1_7.wav	211	4	0.0857520103455	24	0.5	0.382845188284519	-0.266666666666667	2.5
24_1	24	E	22	1	other	spk1_22.wav	172	4	0.303014039993	24	0.5	0.219665271966527	-0.266666666666667	2.5
24_1	24	E	18	1	other	spk1_18.wav	12	4	1.00500798225	24	0.5	-0.449790794979079	-0.266666666666667	2.5
24_1	24	E	24	1	other	spk1_24.wav	134	4	0.520462989807	24	0.5	0.0606694560669456	-0.266666666666667	2.5
24_1	24	E	6	1	other	spk1_6.wav	148	4	0.00242614746094	24	0.5	0.119246861924686	-0.266666666666667	2.5
24_1	24	E	37	1	other	spk1_37.wav	54	3	2.22474694252	24	0.5	-0.274058577405858	-0.266666666666667	2.5
24_1	24	E	58	1	other	spk1_58.wav	56	4	4.61375498772	24	0.5	-0.265690376569038	-0.266666666666667	2.5
24_1	24	E	45	1	other	spk1_45.wav	177	2	4.32881999016	24	0.5	0.240585774058577	-0.266666666666667	2.5
24_1	24	E	51	1	other	spk1_51.wav	18	3	0.720566034317	24	0.5	-0.424686192468619	-0.266666666666667	2.5
24_1	24	E	13	1	other	spk1_13.wav	59	4	1.28712797165	24	0.5	-0.253138075313807	-0.266666666666667	2.5
24_1	24	E	49	1	other	spk1_49.wav	113	5	0.870945930481	24	0.5	-0.0271966527196653	-0.266666666666667	2.5
24_1	24	E	20	1	other	spk1_20.wav	61	4	0.637017965317	24	0.5	-0.244769874476987	-0.266666666666667	2.5
24_1	24	E	33	1	other	spk1_33.wav	115	4	1.40597510338	24	0.5	-0.0188284518828452	-0.266666666666667	2.5
24_1	24	E	26	1	other	spk1_26.wav	184	4	0.152020931244	24	0.5	0.269874476987448	-0.266666666666667	2.5
24_1	24	E	32	1	other	spk1_32.wav	158	3	4.01237201691	24	0.5	0.161087866108787	-0.266666666666667	2.5
24_1	24	E	10	1	other	spk1_10.wav	186	4	0.53756403923	24	0.5	0.278242677824268	-0.266666666666667	2.5
24_1	24	E	11	1	other	spk1_11.wav	147	4	0.704147100449	24	0.5	0.115062761506276	-0.266666666666667	2.5
24_1	24	E	59	1	other	spk1_59.wav	201	5	1.85725402832	24	0.5	0.341004184100418	-0.266666666666667	2.5
24_1	24	E	23	1	other	spk1_23.wav	187	5	0.487047195435	24	0.5	0.282426778242678	-0.266666666666667	2.5
24_1	24	E	43	1	other	spk1_43.wav	150	4	4.53047204018	24	0.5	0.127615062761506	-0.266666666666667	2.5
24_1	24	E	2	1	other	spk1_2.wav	70	3	0.635289907455	24	0.5	-0.207112970711297	-0.266666666666667	2.5
24_1	24	E	1	1	other	spk1_1.wav	111	4	1.95514798164	24	0.5	-0.0355648535564854	-0.266666666666667	2.5
24_1	24	E	38	1	other	spk1_38.wav	153	2	1.90577888489	24	0.5	0.140167364016736	-0.266666666666667	2.5
24_1	24	E	40	1	other	spk1_40.wav	112	3	1.40582895279	24	0.5	-0.0313807531380753	-0.266666666666667	2.5
24_1	24	E	55	1	other	spk1_55.wav	155	4	0.370087862015	24	0.5	0.148535564853556	-0.266666666666667	2.5
24_1	24	E	36	1	other	spk1_36.wav	48	4	0.200807094574	24	0.5	-0.299163179916318	-0.266666666666667	2.5
24_1	24	E	41	1	other	spk1_41.wav	197	5	0.854095220566	24	0.5	0.324267782426778	-0.266666666666667	2.5
24_1	24	E	15	1	other	spk1_15.wav	237	2	0.871902942657	24	0.5	0.49163179916318	-0.266666666666667	2.5
24_1	24	E	31	1	other	spk1_31.wav	159	4	1.8210709095	24	0.5	0.165271966527197	-0.266666666666667	2.5
24_1	24	E	29	1	other	spk1_29.wav	39	3	2.82648897171	24	0.5	-0.336820083682008	-0.266666666666667	2.5
24_1	24	E	21	1	other	spk1_21.wav	53	4	0.33647108078	24	0.5	-0.278242677824268	-0.266666666666667	2.5
24_1	24	E	48	1	other	spk1_48.wav	93	3	0.685454845428	24	0.5	-0.110878661087866	-0.266666666666667	2.5
24_1	24	E	28	1	other	spk1_28.wav	175	3	0.802228212357	24	0.5	0.232217573221757	-0.266666666666667	2.5
24_1	24	E	19	1	other	spk1_19.wav	230	3	0.536003112793	24	0.5	0.46234309623431	-0.266666666666667	2.5
24_1	24	E	46	1	other	spk1_46.wav	84	2	0.820628881454	24	0.5	-0.148535564853557	-0.266666666666667	2.5
24_1	24	E	17	1	other	spk1_17.wav	45	4	0.535034894943	24	0.5	-0.311715481171548	-0.266666666666667	2.5
24_1	24	E	52	1	other	spk1_52.wav	85	4	3.54477906227	24	0.5	-0.144351464435146	-0.266666666666667	2.5
24_1	24	E	25	1	other	spk1_25.wav	208	4	1.01962614059	24	0.5	0.370292887029289	-0.266666666666667	2.5
24_1	24	E	4	1	other	spk1_4.wav	52	4	0.00252819061279	24	0.5	-0.282426778242678	-0.266666666666667	2.5
24_1	24	E	34	1	other	spk1_34.wav	66	3	0.888000965118	24	0.5	-0.223849372384937	-0.266666666666667	2.5
24_1	24	E	50	1	other	spk1_50.wav	179	2	0.635400056839	24	0.5	0.248953974895398	-0.266666666666667	2.5
24_1	24	E	27	1	other	spk1_27.wav	91	3	0.87181019783	24	0.5	-0.119246861924686	-0.266666666666667	2.5
24_1	24	E	44	1	other	spk1_44.wav	232	3	1.37231016159	24	0.5	0.47071129707113	-0.266666666666667	2.5
24_1	24	E	5	1	other	spk1_5.wav	105	3	0.469749212265	24	0.5	-0.0606694560669456	-0.266666666666667	2.5
24_1	24	E	53	1	other	spk1_53.wav	200	5	3.30843305588	24	0.5	0.336820083682008	-0.266666666666667	2.5
24_1	24	E	39	1	other	spk1_39.wav	94	3	0.938035964966	24	0.5	-0.106694560669456	-0.266666666666667	2.5
24_1	24	E	56	1	other	spk1_56.wav	77	3	1.23790502548	24	0.5	-0.177824267782427	-0.266666666666667	2.5
24_1	24	E	60	1	other	spk1_60.wav	239	3	1.7378180027	24	0.5	0.5	-0.266666666666667	2.5
24_1	24	E	54	1	other	spk1_54.wav	213	4	0.386135816574	24	0.5	0.391213389121339	-0.266666666666667	2.5
24_1	24	E	30	1	other	spk1_30.wav	198	4	0.385814189911	24	0.5	0.328451882845188	-0.266666666666667	2.5
24_15	24	E	19	15	other	spk15_19.wav	57	2	1.95752310753	24	0.5	-0.261506276150628	-0.266666666666667	1.9
24_15	24	E	44	15	other	spk15_44.wav	20	2	0.902607917786	24	0.5	-0.416317991631799	-0.266666666666667	1.9
24_15	24	E	4	15	other	spk15_4.wav	234	1	0.201054096222	24	0.5	0.47907949790795	-0.266666666666667	1.9
24_15	24	E	27	15	other	spk15_27.wav	22	2	1.28917193413	24	0.5	-0.407949790794979	-0.266666666666667	1.9
24_15	24	E	28	15	other	spk15_28.wav	17	1	1.17217111588	24	0.5	-0.428870292887029	-0.266666666666667	1.9
24_15	24	E	43	15	other	spk15_43.wav	83	2	2.19073700905	24	0.5	-0.152719665271967	-0.266666666666667	1.9
24_15	24	E	5	15	other	spk15_5.wav	6	3	0.486726999283	24	0.5	-0.47489539748954	-0.266666666666667	1.9
24_15	24	E	53	15	other	spk15_53.wav	60	2	0.921566963196	24	0.5	-0.248953974895398	-0.266666666666667	1.9
24_15	24	E	56	15	other	spk15_56.wav	127	2	0.420269966125	24	0.5	0.0313807531380753	-0.266666666666667	1.9
24_15	24	E	30	15	other	spk15_30.wav	164	2	2.6259188652	24	0.5	0.186192468619247	-0.266666666666667	1.9
24_15	24	E	38	15	other	spk15_38.wav	24	2	2.17498588562	24	0.5	-0.399581589958159	-0.266666666666667	1.9
24_15	24	E	3	15	other	spk15_3.wav	11	3	0.785999059677	24	0.5	-0.45397489539749	-0.266666666666667	1.9
24_15	24	E	25	15	other	spk15_25.wav	128	1	1.82210111618	24	0.5	0.0355648535564853	-0.266666666666667	1.9
24_15	24	E	21	15	other	spk15_21.wav	44	2	2.14125800133	24	0.5	-0.315899581589958	-0.266666666666667	1.9
24_15	24	E	13	15	other	spk15_13.wav	28	2	0.604485988617	24	0.5	-0.382845188284519	-0.266666666666667	1.9
24_15	24	E	37	15	other	spk15_37.wav	69	2	0.6353058815	24	0.5	-0.211297071129707	-0.266666666666667	1.9
24_15	24	E	1	15	other	spk15_1.wav	95	1	0.486742973328	24	0.5	-0.102510460251046	-0.266666666666667	1.9
24_15	24	E	17	15	other	spk15_17.wav	165	2	0.754189968109	24	0.5	0.190376569037657	-0.266666666666667	1.9
24_15	24	E	36	15	other	spk15_36.wav	110	3	0.252950191498	24	0.5	-0.0397489539748954	-0.266666666666667	1.9
24_15	24	E	49	15	other	spk15_49.wav	166	3	1.92477703094	24	0.5	0.194560669456067	-0.266666666666667	1.9
24_15	24	E	59	15	other	spk15_59.wav	100	1	0.568403959274	24	0.5	-0.0815899581589958	-0.266666666666667	1.9
24_15	24	E	45	15	other	spk15_45.wav	96	1	0.586783885956	24	0.5	-0.098326359832636	-0.266666666666667	1.9
24_15	24	E	58	15	other	spk15_58.wav	183	2	1.32236194611	24	0.5	0.265690376569038	-0.266666666666667	1.9
24_15	24	E	22	15	other	spk15_22.wav	170	1	1.08635997772	24	0.5	0.211297071129707	-0.266666666666667	1.9
24_15	24	E	23	15	other	spk15_23.wav	36	2	3.24441289902	24	0.5	-0.349372384937238	-0.266666666666667	1.9
24_15	24	E	26	15	other	spk15_26.wav	141	1	1.72320008278	24	0.5	0.0899581589958159	-0.266666666666667	1.9
24_15	24	E	52	15	other	spk15_52.wav	161	1	3.81226801872	24	0.5	0.173640167364017	-0.266666666666667	1.9
24_15	24	E	18	15	other	spk15_18.wav	202	2	1.48993682861	24	0.5	0.345188284518828	-0.266666666666667	1.9
24_15	24	E	6	15	other	spk15_6.wav	229	2	1.40607714653	24	0.5	0.4581589958159	-0.266666666666667	1.9
24_15	24	E	24	15	other	spk15_24.wav	189	2	1.28856301308	24	0.5	0.290794979079498	-0.266666666666667	1.9
24_15	24	E	7	15	other	spk15_7.wav	151	4	0.419909954071	24	0.5	0.131799163179916	-0.266666666666667	1.9
24_15	24	E	48	15	other	spk15_48.wav	163	2	4.34666800499	24	0.5	0.182008368200837	-0.266666666666667	1.9
24_15	24	E	12	15	other	spk15_12.wav	139	1	1.57076311111	24	0.5	0.0815899581589958	-0.266666666666667	1.9
24_15	24	E	31	15	other	spk15_31.wav	58	1	2.62328100204	24	0.5	-0.257322175732218	-0.266666666666667	1.9
24_15	24	E	11	15	other	spk15_11.wav	86	1	1.55730414391	24	0.5	-0.140167364016736	-0.266666666666667	1.9
24_15	24	E	14	15	other	spk15_14.wav	35	1	2.02533888817	24	0.5	-0.353556485355649	-0.266666666666667	1.9
24_15	24	E	32	15	other	spk15_32.wav	169	3	4.86429786682	24	0.5	0.207112970711297	-0.266666666666667	1.9
24_15	24	E	60	15	other	spk15_60.wav	89	2	1.70656895638	24	0.5	-0.127615062761506	-0.266666666666667	1.9
24_15	24	E	29	15	other	spk15_29.wav	145	2	0.552292108536	24	0.5	0.106694560669456	-0.266666666666667	1.9
24_15	24	E	15	15	other	spk15_15.wav	106	3	2.90981221199	24	0.5	-0.0564853556485356	-0.266666666666667	1.9
24_15	24	E	47	15	other	spk15_47.wav	79	1	1.36985707283	24	0.5	-0.169456066945607	-0.266666666666667	1.9
24_15	24	E	10	15	other	spk15_10.wav	121	2	0.954231977463	24	0.5	0.00627615062761511	-0.266666666666667	1.9
24_15	24	E	40	15	other	spk15_40.wav	135	2	1.40604901314	24	0.5	0.0648535564853556	-0.266666666666667	1.9
24_15	24	E	35	15	other	spk15_35.wav	2	1	3.04366493225	24	0.5	-0.49163179916318	-0.266666666666667	1.9
24_15	24	E	51	15	other	spk15_51.wav	47	1	2.18920207024	24	0.5	-0.303347280334728	-0.266666666666667	1.9
24_15	24	E	39	15	other	spk15_39.wav	182	3	1.60453701019	24	0.5	0.261506276150628	-0.266666666666667	1.9
24_15	24	E	9	15	other	spk15_9.wav	156	3	0.118192911148	24	0.5	0.152719665271967	-0.266666666666667	1.9
24_15	24	E	55	15	other	spk15_55.wav	180	2	1.43914699554	24	0.5	0.253138075313807	-0.266666666666667	1.9
24_15	24	E	20	15	other	spk15_20.wav	132	2	0.75311088562	24	0.5	0.0523012552301255	-0.266666666666667	1.9
24_15	24	E	2	15	other	spk15_2.wav	25	1	0.186780929565	24	0.5	-0.395397489539749	-0.266666666666667	1.9
24_15	24	E	46	15	other	spk15_46.wav	13	2	1.45577383041	24	0.5	-0.445606694560669	-0.266666666666667	1.9
24_15	24	E	42	15	other	spk15_42.wav	116	2	1.60597491264	24	0.5	-0.0146443514644352	-0.266666666666667	1.9
24_15	24	E	16	15	other	spk15_16.wav	227	1	0.269432067871	24	0.5	0.449790794979079	-0.266666666666667	1.9
24_15	24	E	54	15	other	spk15_54.wav	181	2	0.836489915848	24	0.5	0.257322175732218	-0.266666666666667	1.9
24_15	24	E	8	15	other	spk15_8.wav	74	1	0.419895887375	24	0.5	-0.190376569037657	-0.266666666666667	1.9
24_15	24	E	33	15	other	spk15_33.wav	214	3	0.135941028595	24	0.5	0.395397489539749	-0.266666666666667	1.9
24_15	24	E	41	15	other	spk15_41.wav	225	2	1.10508608818	24	0.5	0.441422594142259	-0.266666666666667	1.9
24_15	24	E	34	15	other	spk15_34.wav	99	1	0.653822898865	24	0.5	-0.0857740585774058	-0.266666666666667	1.9
24_15	24	E	57	15	other	spk15_57.wav	88	1	1.87371516228	24	0.5	-0.131799163179916	-0.266666666666667	1.9
24_15	24	E	50	15	other	spk15_50.wav	26	1	0.821135044098	24	0.5	-0.391213389121339	-0.266666666666667	1.9
24_24	24	E	59	24	self	spk24_59.wav	9	2	0.185821056366	24	-0.5	-0.46234309623431	-0.266666666666667	2.4
24_24	24	E	42	24	self	spk24_42.wav	29	2	0.671512126923	24	-0.5	-0.378661087866109	-0.266666666666667	2.4
24_24	24	E	57	24	self	spk24_57.wav	64	3	3.61187601089	24	-0.5	-0.232217573221757	-0.266666666666667	2.4
24_24	24	E	35	24	self	spk24_35.wav	140	1	1.89048600197	24	-0.5	0.0857740585774058	-0.266666666666667	2.4
24_24	24	E	2	24	self	spk24_2.wav	102	1	1.26998615265	24	-0.5	-0.0732217573221757	-0.266666666666667	2.4
24_24	24	E	7	24	self	spk24_7.wav	21	2	1.02170681953	24	-0.5	-0.412133891213389	-0.266666666666667	2.4
24_24	24	E	19	24	self	spk24_19.wav	123	2	1.20331907272	24	-0.5	0.0146443514644351	-0.266666666666667	2.4
24_24	24	E	40	24	self	spk24_40.wav	10	1	3.54484915733	24	-0.5	-0.4581589958159	-0.266666666666667	2.4
24_24	24	E	16	24	self	spk24_16.wav	124	1	0.518067836761	24	-0.5	0.0188284518828452	-0.266666666666667	2.4
24_24	24	E	17	24	self	spk24_17.wav	217	1	0.403501033783	24	-0.5	0.407949790794979	-0.266666666666667	2.4
24_24	24	E	36	24	self	spk24_36.wav	142	3	2.64215397835	24	-0.5	0.0941422594142259	-0.266666666666667	2.4
24_24	24	E	13	24	self	spk24_13.wav	68	2	0.252876996994	24	-0.5	-0.215481171548117	-0.266666666666667	2.4
24_24	24	E	18	24	self	spk24_18.wav	42	2	0.18617606163	24	-0.5	-0.324267782426778	-0.266666666666667	2.4
24_24	24	E	53	24	self	spk24_53.wav	194	2	2.37306308746	24	-0.5	0.311715481171548	-0.266666666666667	2.4
24_24	24	E	51	24	self	spk24_51.wav	203	1	0.920485019684	24	-0.5	0.349372384937239	-0.266666666666667	2.4
24_24	24	E	8	24	self	spk24_8.wav	152	1	1.65641093254	24	-0.5	0.135983263598326	-0.266666666666667	2.4
24_24	24	E	56	24	self	spk24_56.wav	46	1	0.303472042084	24	-0.5	-0.307531380753138	-0.266666666666667	2.4
24_24	24	E	12	24	self	spk24_12.wav	104	2	0.704272031784	24	-0.5	-0.0648535564853556	-0.266666666666667	2.4
24_24	24	E	5	24	self	spk24_5.wav	195	3	0.503326177597	24	-0.5	0.315899581589958	-0.266666666666667	2.4
24_24	24	E	47	24	self	spk24_47.wav	196	2	4.98138809204	24	-0.5	0.320083682008368	-0.266666666666667	2.4
24_24	24	E	46	24	self	spk24_46.wav	23	2	0.620604991913	24	-0.5	-0.403765690376569	-0.266666666666667	2.4
24_24	24	E	10	24	self	spk24_10.wav	27	2	0.73742890358	24	-0.5	-0.387029288702929	-0.266666666666667	2.4
24_24	24	E	48	24	self	spk24_48.wav	82	2	0.721377134323	24	-0.5	-0.156903765690377	-0.266666666666667	2.4
24_24	24	E	43	24	self	spk24_43.wav	136	1	2.74250388145	24	-0.5	0.0690376569037657	-0.266666666666667	2.4
24_24	24	E	34	24	self	spk24_34.wav	41	2	2.94305706024	24	-0.5	-0.328451882845188	-0.266666666666667	2.4
24_24	24	E	54	24	self	spk24_54.wav	19	1	0.788277864456	24	-0.5	-0.420502092050209	-0.266666666666667	2.4
24_24	24	E	32	24	self	spk24_32.wav	220	3	2.75924396515	24	-0.5	0.420502092050209	-0.266666666666667	2.4
24_24	24	E	24	24	self	spk24_24.wav	7	3	0.58735704422	24	-0.5	-0.47071129707113	-0.266666666666667	2.4
24_24	24	E	11	24	self	spk24_11.wav	109	1	1.6056098938	24	-0.5	-0.0439330543933054	-0.266666666666667	2.4
24_24	24	E	60	24	self	spk24_60.wav	49	2	1.07175517082	24	-0.5	-0.294979079497908	-0.266666666666667	2.4
24_24	24	E	45	24	self	spk24_45.wav	130	1	0.504384040833	24	-0.5	0.0439330543933054	-0.266666666666667	2.4
24_24	24	E	33	24	self	spk24_33.wav	131	2	2.10759592056	24	-0.5	0.0481171548117155	-0.266666666666667	2.4
24_24	24	E	29	24	self	spk24_29.wav	209	2	4.09397888184	24	-0.5	0.374476987447699	-0.266666666666667	2.4
24_24	24	E	39	24	self	spk24_39.wav	160	2	2.00616908073	24	-0.5	0.169456066945607	-0.266666666666667	2.4
24_24	24	E	28	24	self	spk24_28.wav	80	2	0.384337186813	24	-0.5	-0.165271966527197	-0.266666666666667	2.4
24_24	24	E	37	24	self	spk24_37.wav	15	1	0.685491800308	24	-0.5	-0.437238493723849	-0.266666666666667	2.4
24_24	24	E	44	24	self	spk24_44.wav	122	2	3.14119911194	24	-0.5	0.0104602510460251	-0.266666666666667	2.4
24_24	24	E	25	24	self	spk24_25.wav	101	2	0.737902879715	24	-0.5	-0.0774058577405858	-0.266666666666667	2.4
24_24	24	E	27	24	self	spk24_27.wav	219	2	0.286154031754	24	-0.5	0.416317991631799	-0.266666666666667	2.4
24_24	24	E	55	24	self	spk24_55.wav	103	1	1.22258996964	24	-0.5	-0.0690376569037657	-0.266666666666667	2.4
24_24	24	E	26	24	self	spk24_26.wav	193	2	0.436569929123	24	-0.5	0.307531380753138	-0.266666666666667	2.4
24_24	24	E	9	24	self	spk24_9.wav	1	2	1.08917999268	24	-0.5	-0.49581589958159	-0.266666666666667	2.4
24_24	24	E	1	24	self	spk24_1.wav	34	2	1.5560939312	24	-0.5	-0.357740585774059	-0.266666666666667	2.4
24_24	24	E	31	24	self	spk24_31.wav	67	1	1.21998000145	24	-0.5	-0.219665271966527	-0.266666666666667	2.4
24_24	24	E	41	24	self	spk24_41.wav	76	3	0.870980024338	24	-0.5	-0.182008368200837	-0.266666666666667	2.4
24_24	24	E	21	24	self	spk24_21.wav	216	2	2.17303395271	24	-0.5	0.403765690376569	-0.266666666666667	2.4
24_24	24	E	58	24	self	spk24_58.wav	65	3	1.62195205688	24	-0.5	-0.228033472803347	-0.266666666666667	2.4
24_24	24	E	14	24	self	spk24_14.wav	191	1	0.604292154312	24	-0.5	0.299163179916318	-0.266666666666667	2.4
24_24	24	E	50	24	self	spk24_50.wav	174	3	1.00534200668	24	-0.5	0.228033472803347	-0.266666666666667	2.4
24_24	24	E	23	24	self	spk24_23.wav	72	1	0.837211847305	24	-0.5	-0.198744769874477	-0.266666666666667	2.4
24_24	24	E	6	24	self	spk24_6.wav	146	2	1.94105792046	24	-0.5	0.110878661087866	-0.266666666666667	2.4
24_24	24	E	22	24	self	spk24_22.wav	119	1	0.570148944855	24	-0.5	-0.002092050209205	-0.266666666666667	2.4
24_24	24	E	49	24	self	spk24_49.wav	157	2	0.737348794937	24	-0.5	0.156903765690377	-0.266666666666667	2.4
24_24	24	E	30	24	self	spk24_30.wav	236	1	0.302395105362	24	-0.5	0.48744769874477	-0.266666666666667	2.4
24_24	24	E	38	24	self	spk24_38.wav	133	2	0.704674959183	24	-0.5	0.0564853556485355	-0.266666666666667	2.4
24_24	24	E	20	24	self	spk24_20.wav	228	3	0.486368179321	24	-0.5	0.45397489539749	-0.266666666666667	2.4
24_24	24	E	52	24	self	spk24_52.wav	51	2	0.403254985809	24	-0.5	-0.286610878661088	-0.266666666666667	2.4
24_24	24	E	4	24	self	spk24_4.wav	129	2	1.23858189583	24	-0.5	0.0397489539748954	-0.266666666666667	2.4
24_24	24	E	15	24	self	spk24_15.wav	199	1	1.17230701447	24	-0.5	0.332635983263598	-0.266666666666667	2.4
24_24	24	E	3	24	self	spk24_3.wav	78	1	1.62392902374	24	-0.5	-0.173640167364017	-0.266666666666667	2.4
24_4	24	E	11	4	other	spk4_11.wav	138	4	0.387277126312	24	0.5	0.0774058577405857	-0.266666666666667	2
24_4	24	E	19	4	other	spk4_19.wav	16	3	1.70779800415	24	0.5	-0.433054393305439	-0.266666666666667	2
24_4	24	E	59	4	other	spk4_59.wav	125	4	0.503068208694	24	0.5	0.0230125523012552	-0.266666666666667	2
24_4	24	E	24	4	other	spk4_24.wav	33	3	1.55559897423	24	0.5	-0.361924686192469	-0.266666666666667	2
24_4	24	E	17	4	other	spk4_17.wav	114	3	1.12191987038	24	0.5	-0.0230125523012552	-0.266666666666667	2
24_4	24	E	22	4	other	spk4_22.wav	71	3	1.2058930397	24	0.5	-0.202928870292887	-0.266666666666667	2
24_4	24	E	29	4	other	spk4_29.wav	178	3	1.62311387062	24	0.5	0.244769874476987	-0.266666666666667	2
24_4	24	E	25	4	other	spk4_25.wav	5	3	2.6433198452	24	0.5	-0.47907949790795	-0.266666666666667	2
24_4	24	E	34	4	other	spk4_34.wav	171	2	1.60479903221	24	0.5	0.215481171548117	-0.266666666666667	2
24_4	24	E	1	4	other	spk4_1.wav	149	4	0.905158996582	24	0.5	0.123430962343096	-0.266666666666667	2
24_4	24	E	27	4	other	spk4_27.wav	173	4	1.12240505219	24	0.5	0.223849372384937	-0.266666666666667	2
24_4	24	E	12	4	other	spk4_12.wav	30	3	1.08801198006	24	0.5	-0.374476987447699	-0.266666666666667	2
24_4	24	E	9	4	other	spk4_9.wav	31	3	1.74025297165	24	0.5	-0.370292887029289	-0.266666666666667	2
24_4	24	E	30	4	other	spk4_30.wav	32	3	0.704128980637	24	0.5	-0.366108786610879	-0.266666666666667	2
24_4	24	E	2	4	other	spk4_2.wav	3	2	1.85721421242	24	0.5	-0.48744769874477	-0.266666666666667	2
24_4	24	E	38	4	other	spk4_38.wav	143	3	0.320248842239	24	0.5	0.0983263598326359	-0.266666666666667	2
24_4	24	E	56	4	other	spk4_56.wav	144	2	3.66172480583	24	0.5	0.102510460251046	-0.266666666666667	2
24_4	24	E	4	4	other	spk4_4.wav	63	3	3.14317011833	24	0.5	-0.236401673640167	-0.266666666666667	2
24_4	24	E	37	4	other	spk4_37.wav	37	3	1.47039008141	24	0.5	-0.345188284518828	-0.266666666666667	2
24_4	24	E	53	4	other	spk4_53.wav	38	3	1.03781986237	24	0.5	-0.341004184100418	-0.266666666666667	2
24_4	24	E	5	4	other	spk4_5.wav	120	3	1.53975510597	24	0.5	0.002092050209205	-0.266666666666667	2
24_4	24	E	50	4	other	spk4_50.wav	162	3	0.75461101532	24	0.5	0.177824267782427	-0.266666666666667	2
24_4	24	E	36	4	other	spk4_36.wav	81	3	0.303714990616	24	0.5	-0.161087866108787	-0.266666666666667	2
24_4	24	E	57	4	other	spk4_57.wav	97	2	0.853924036026	24	0.5	-0.0941422594142259	-0.266666666666667	2
24_4	24	E	39	4	other	spk4_39.wav	204	2	1.13837194443	24	0.5	0.353556485355649	-0.266666666666667	2
24_4	24	E	43	4	other	spk4_43.wav	205	4	0.620548963547	24	0.5	0.357740585774059	-0.266666666666667	2
24_4	24	E	13	4	other	spk4_13.wav	206	4	0.269608020782	24	0.5	0.361924686192469	-0.266666666666667	2
24_4	24	E	42	4	other	spk4_42.wav	154	3	0.855222225189	24	0.5	0.144351464435146	-0.266666666666667	2
24_4	24	E	26	4	other	spk4_26.wav	87	2	2.85950398445	24	0.5	-0.135983263598326	-0.266666666666667	2
24_4	24	E	54	4	other	spk4_54.wav	62	4	0.719197034836	24	0.5	-0.240585774058577	-0.266666666666667	2
24_4	24	E	3	4	other	spk4_3.wav	50	3	1.73984503746	24	0.5	-0.290794979079498	-0.266666666666667	2
24_4	24	E	51	4	other	spk4_51.wav	90	2	2.59164714813	24	0.5	-0.123430962343096	-0.266666666666667	2
24_4	24	E	16	4	other	spk4_16.wav	212	3	0.86910200119	24	0.5	0.387029288702929	-0.266666666666667	2
24_4	24	E	35	4	other	spk4_35.wav	92	3	3.64448094368	24	0.5	-0.115062761506276	-0.266666666666667	2
24_4	24	E	49	4	other	spk4_49.wav	188	3	1.00543093681	24	0.5	0.286610878661088	-0.266666666666667	2
24_4	24	E	18	4	other	spk4_18.wav	215	3	1.03834915161	24	0.5	0.399581589958159	-0.266666666666667	2
24_4	24	E	6	4	other	spk4_6.wav	55	3	1.87434411049	24	0.5	-0.269874476987448	-0.266666666666667	2
24_4	24	E	55	4	other	spk4_55.wav	137	4	0.67051076889	24	0.5	0.0732217573221757	-0.266666666666667	2
24_4	24	E	15	4	other	spk4_15.wav	218	2	1.48846888542	24	0.5	0.412133891213389	-0.266666666666667	2
24_4	24	E	52	4	other	spk4_52.wav	98	3	0.921508073807	24	0.5	-0.0899581589958159	-0.266666666666667	2
24_4	24	E	23	4	other	spk4_23.wav	167	3	5.08187413216	24	0.5	0.198744769874477	-0.266666666666667	2
24_4	24	E	58	4	other	spk4_58.wav	221	3	4.44573903084	24	0.5	0.424686192468619	-0.266666666666667	2
24_4	24	E	14	4	other	spk4_14.wav	222	3	0.119242191315	24	0.5	0.428870292887029	-0.266666666666667	2
24_4	24	E	44	4	other	spk4_44.wav	223	3	0.13601899147	24	0.5	0.433054393305439	-0.266666666666667	2
24_4	24	E	47	4	other	spk4_47.wav	224	3	0.236070156097	24	0.5	0.437238493723849	-0.266666666666667	2
24_4	24	E	8	4	other	spk4_8.wav	185	3	1.9572789669	24	0.5	0.274058577405858	-0.266666666666667	2
24_4	24	E	33	4	other	spk4_33.wav	226	3	2.80731797218	24	0.5	0.445606694560669	-0.266666666666667	2
24_4	24	E	10	4	other	spk4_10.wav	40	3	1.05596804619	24	0.5	-0.332635983263598	-0.266666666666667	2
24_4	24	E	60	4	other	spk4_60.wav	107	3	0.587689876556	24	0.5	-0.0523012552301255	-0.266666666666667	2
24_4	24	E	28	4	other	spk4_28.wav	108	3	0.436974048615	24	0.5	-0.0481171548117155	-0.266666666666667	2
24_4	24	E	48	4	other	spk4_48.wav	190	3	3.37714385986	24	0.5	0.294979079497908	-0.266666666666667	2
24_4	24	E	32	4	other	spk4_32.wav	231	3	0.535541057587	24	0.5	0.46652719665272	-0.266666666666667	2
24_4	24	E	40	4	other	spk4_40.wav	192	5	4.63032817841	24	0.5	0.303347280334728	-0.266666666666667	2
24_4	24	E	31	4	other	spk4_31.wav	233	2	0.252901077271	24	0.5	0.47489539748954	-0.266666666666667	2
24_4	24	E	21	4	other	spk4_21.wav	73	3	0.269493818283	24	0.5	-0.194560669456067	-0.266666666666667	2
24_4	24	E	41	4	other	spk4_41.wav	235	2	0.436897039413	24	0.5	0.48326359832636	-0.266666666666667	2
24_4	24	E	46	4	other	spk4_46.wav	75	3	1.00546383858	24	0.5	-0.186192468619247	-0.266666666666667	2
24_4	24	E	45	4	other	spk4_45.wav	117	3	1.55412483215	24	0.5	-0.0104602510460251	-0.266666666666667	2
24_4	24	E	7	4	other	spk4_7.wav	238	3	0.401225090027	24	0.5	0.49581589958159	-0.266666666666667	2
24_4	24	E	20	4	other	spk4_20.wav	118	3	2.92725300789	24	0.5	-0.00627615062761505	-0.266666666666667	2
25_17	25	A	1	17	other	spk17_1.wav	0	4	2.08962607384	25	0.5	-0.5	1.63333333333333	3.3
25_17	25	A	6	17	other	spk17_6.wav	121	1	4.04339194298	25	0.5	0.00627615062761511	1.63333333333333	3.3
25_17	25	A	43	17	other	spk17_43.wav	2	2	0.887889862061	25	0.5	-0.49163179916318	1.63333333333333	3.3
25_17	25	A	16	17	other	spk17_16.wav	83	3	0.720988988876	25	0.5	-0.152719665271967	1.63333333333333	3.3
25_17	25	A	15	17	other	spk17_15.wav	125	2	0.922487974167	25	0.5	0.0230125523012552	1.63333333333333	3.3
25_17	25	A	35	17	other	spk17_35.wav	71	1	1.23695588112	25	0.5	-0.202928870292887	1.63333333333333	3.3
25_17	25	A	53	17	other	spk17_53.wav	19	1	0.821164131165	25	0.5	-0.420502092050209	1.63333333333333	3.3
25_17	25	A	54	17	other	spk17_54.wav	47	4	0.351120948792	25	0.5	-0.303347280334728	1.63333333333333	3.3
25_17	25	A	51	17	other	spk17_51.wav	129	1	1.25535511971	25	0.5	0.0397489539748954	1.63333333333333	3.3
25_17	25	A	36	17	other	spk17_36.wav	9	2	1.94103598595	25	0.5	-0.46234309623431	1.63333333333333	3.3
25_17	25	A	25	17	other	spk17_25.wav	50	1	0.871204137802	25	0.5	-0.290794979079498	1.63333333333333	3.3
25_17	25	A	18	17	other	spk17_18.wav	11	3	2.30869913101	25	0.5	-0.45397489539749	1.63333333333333	3.3
25_17	25	A	38	17	other	spk17_38.wav	12	1	0.872051000595	25	0.5	-0.449790794979079	1.63333333333333	3.3
25_17	25	A	41	17	other	spk17_41.wav	134	4	0.269963026047	25	0.5	0.0606694560669456	1.63333333333333	3.3
25_17	25	A	29	17	other	spk17_29.wav	148	4	0.872214078903	25	0.5	0.119246861924686	1.63333333333333	3.3
25_17	25	A	39	17	other	spk17_39.wav	15	2	3.24334192276	25	0.5	-0.437238493723849	1.63333333333333	3.3
25_17	25	A	24	17	other	spk17_24.wav	217	1	1.00461506844	25	0.5	0.407949790794979	1.63333333333333	3.3
25_17	25	A	9	17	other	spk17_9.wav	30	2	0.838398933411	25	0.5	-0.374476987447699	1.63333333333333	3.3
25_17	25	A	22	17	other	spk17_22.wav	165	2	0.885678052902	25	0.5	0.190376569037657	1.63333333333333	3.3
25_17	25	A	10	17	other	spk17_10.wav	233	4	1.30570006371	25	0.5	0.47489539748954	1.63333333333333	3.3
25_17	25	A	59	17	other	spk17_59.wav	20	2	2.34114694595	25	0.5	-0.416317991631799	1.63333333333333	3.3
25_17	25	A	12	17	other	spk17_12.wav	182	4	1.37223815918	25	0.5	0.261506276150628	1.63333333333333	3.3
25_17	25	A	27	17	other	spk17_27.wav	183	3	0.453415155411	25	0.5	0.265690376569038	1.63333333333333	3.3
25_17	25	A	30	17	other	spk17_30.wav	63	2	1.42224383354	25	0.5	-0.236401673640167	1.63333333333333	3.3
25_17	25	A	40	17	other	spk17_40.wav	185	2	0.320148944855	25	0.5	0.274058577405858	1.63333333333333	3.3
25_17	25	A	37	17	other	spk17_37.wav	65	2	1.87340211868	25	0.5	-0.228033472803347	1.63333333333333	3.3
25_17	25	A	52	17	other	spk17_52.wav	147	2	0.486213207245	25	0.5	0.115062761506276	1.63333333333333	3.3
25_17	25	A	60	17	other	spk17_60.wav	200	4	1.82349801064	25	0.5	0.336820083682008	1.63333333333333	3.3
25_17	25	A	47	17	other	spk17_47.wav	149	5	2.09094405174	25	0.5	0.123430962343096	1.63333333333333	3.3
25_17	25	A	26	17	other	spk17_26.wav	150	1	0.954754114151	25	0.5	0.127615062761506	1.63333333333333	3.3
25_17	25	A	2	17	other	spk17_2.wav	123	3	1.02169704437	25	0.5	0.0146443514644351	1.63333333333333	3.3
25_17	25	A	28	17	other	spk17_28.wav	191	2	0.353102207184	25	0.5	0.299163179916318	1.63333333333333	3.3
25_17	25	A	19	17	other	spk17_19.wav	205	2	0.737504005432	25	0.5	0.357740585774059	1.63333333333333	3.3
25_17	25	A	46	17	other	spk17_46.wav	220	2	1.13688111305	25	0.5	0.420502092050209	1.63333333333333	3.3
25_17	25	A	45	17	other	spk17_45.wav	34	1	0.269763946533	25	0.5	-0.357740585774059	1.63333333333333	3.3
25_17	25	A	21	17	other	spk17_21.wav	101	3	1.85754394531	25	0.5	-0.0774058577405858	1.63333333333333	3.3
25_17	25	A	20	17	other	spk17_20.wav	76	3	1.72319698334	25	0.5	-0.182008368200837	1.63333333333333	3.3
25_17	25	A	32	17	other	spk17_32.wav	37	2	2.07381701469	25	0.5	-0.345188284518828	1.63333333333333	3.3
25_17	25	A	49	17	other	spk17_49.wav	51	4	1.87420988083	25	0.5	-0.286610878661088	1.63333333333333	3.3
25_17	25	A	56	17	other	spk17_56.wav	160	1	0.820611953735	25	0.5	0.169456066945607	1.63333333333333	3.3
25_17	25	A	31	17	other	spk17_31.wav	174	2	0.902635812759	25	0.5	0.228033472803347	1.63333333333333	3.3
25_17	25	A	57	17	other	spk17_57.wav	110	1	0.719669103622	25	0.5	-0.0397489539748954	1.63333333333333	3.3
25_17	25	A	58	17	other	spk17_58.wav	42	1	1.37204885483	25	0.5	-0.324267782426778	1.63333333333333	3.3
25_17	25	A	55	17	other	spk17_55.wav	136	5	0.518320083618	25	0.5	0.0690376569037657	1.63333333333333	3.3
25_17	25	A	4	17	other	spk17_4.wav	235	2	1.37244606018	25	0.5	0.48326359832636	1.63333333333333	3.3
25_17	25	A	44	17	other	spk17_44.wav	170	4	0.419831037521	25	0.5	0.211297071129707	1.63333333333333	3.3
25_17	25	A	11	17	other	spk17_11.wav	130	2	0.854476928711	25	0.5	0.0439330543933054	1.63333333333333	3.3
25_17	25	A	33	17	other	spk17_33.wav	208	3	0.703594923019	25	0.5	0.370292887029289	1.63333333333333	3.3
25_17	25	A	8	17	other	spk17_8.wav	171	3	0.601689815521	25	0.5	0.215481171548117	1.63333333333333	3.3
25_17	25	A	42	17	other	spk17_42.wav	106	2	1.80691194534	25	0.5	-0.0564853556485356	1.63333333333333	3.3
25_17	25	A	3	17	other	spk17_3.wav	102	1	0.755020856857	25	0.5	-0.0732217573221757	1.63333333333333	3.3
25_17	25	A	7	17	other	spk17_7.wav	117	1	0.787696838379	25	0.5	-0.0104602510460251	1.63333333333333	3.3
25_17	25	A	13	17	other	spk17_13.wav	203	2	0.804024934769	25	0.5	0.349372384937239	1.63333333333333	3.3
25_17	25	A	17	17	other	spk17_17.wav	237	2	0.670801877975	25	0.5	0.49163179916318	1.63333333333333	3.3
25_17	25	A	23	17	other	spk17_23.wav	79	1	1.10573601723	25	0.5	-0.169456066945607	1.63333333333333	3.3
25_17	25	A	34	17	other	spk17_34.wav	95	1	0.602072000504	25	0.5	-0.102510460251046	1.63333333333333	3.3
25_17	25	A	14	17	other	spk17_14.wav	60	5	1.92395305634	25	0.5	-0.248953974895398	1.63333333333333	3.3
25_17	25	A	5	17	other	spk17_5.wav	229	1	1.80699396133	25	0.5	0.4581589958159	1.63333333333333	3.3
25_17	25	A	48	17	other	spk17_48.wav	116	4	0.770792961121	25	0.5	-0.0146443514644352	1.63333333333333	3.3
25_17	25	A	50	17	other	spk17_50.wav	68	1	0.519440889359	25	0.5	-0.215481171548117	1.63333333333333	3.3
25_21	25	A	32	21	other	spk21_32.wav	113	6	1.10455799103	25	0.5	-0.0271966527196653	1.63333333333333	2.4
25_21	25	A	2	21	other	spk21_2.wav	58	1	0.720793008804	25	0.5	-0.257322175732218	1.63333333333333	2.4
25_21	25	A	6	21	other	spk21_6.wav	144	1	0.036022901535	25	0.5	0.102510460251046	1.63333333333333	2.4
25_21	25	A	20	21	other	spk21_20.wav	137	1	0.303055047989	25	0.5	0.0732217573221757	1.63333333333333	2.4
25_21	25	A	47	21	other	spk21_47.wav	126	2	1.2891690731	25	0.5	0.0271966527196653	1.63333333333333	2.4
25_21	25	A	54	21	other	spk21_54.wav	55	4	1.28758096695	25	0.5	-0.269874476987448	1.63333333333333	2.4
25_21	25	A	50	21	other	spk21_50.wav	139	1	0.501713037491	25	0.5	0.0815899581589958	1.63333333333333	2.4
25_21	25	A	38	21	other	spk21_38.wav	111	1	0.202841997147	25	0.5	-0.0355648535564854	1.63333333333333	2.4
25_21	25	A	55	21	other	spk21_55.wav	23	1	0.534710884094	25	0.5	-0.403765690376569	1.63333333333333	2.4
25_21	25	A	57	21	other	spk21_57.wav	32	1	1.98853206635	25	0.5	-0.366108786610879	1.63333333333333	2.4
25_21	25	A	53	21	other	spk21_53.wav	10	2	1.68864703178	25	0.5	-0.4581589958159	1.63333333333333	2.4
25_21	25	A	27	21	other	spk21_27.wav	96	1	0.368876934052	25	0.5	-0.098326359832636	1.63333333333333	2.4
25_21	25	A	25	21	other	spk21_25.wav	124	1	0.317733049393	25	0.5	0.0188284518828452	1.63333333333333	2.4
25_21	25	A	34	21	other	spk21_34.wav	48	1	1.07166290283	25	0.5	-0.299163179916318	1.63333333333333	2.4
25_21	25	A	3	21	other	spk21_3.wav	14	1	0.636327981949	25	0.5	-0.441422594142259	1.63333333333333	2.4
25_21	25	A	13	21	other	spk21_13.wav	109	1	0.420227050781	25	0.5	-0.0439330543933054	1.63333333333333	2.4
25_21	25	A	17	21	other	spk21_17.wav	89	1	0.353145122528	25	0.5	-0.127615062761506	1.63333333333333	2.4
25_21	25	A	46	21	other	spk21_46.wav	107	2	2.7237739563	25	0.5	-0.0523012552301255	1.63333333333333	2.4
25_21	25	A	1	21	other	spk21_1.wav	57	1	1.33689212799	25	0.5	-0.261506276150628	1.63333333333333	2.4
25_21	25	A	37	21	other	spk21_37.wav	206	4	1.03889989853	25	0.5	0.361924686192469	1.63333333333333	2.4
25_21	25	A	49	21	other	spk21_49.wav	3	1	0.419157981873	25	0.5	-0.48744769874477	1.63333333333333	2.4
25_21	25	A	22	21	other	spk21_22.wav	230	2	0.652684926987	25	0.5	0.46234309623431	1.63333333333333	2.4
25_21	25	A	16	21	other	spk21_16.wav	21	2	0.988219022751	25	0.5	-0.412133891213389	1.63333333333333	2.4
25_21	25	A	24	21	other	spk21_24.wav	224	2	0.286317110062	25	0.5	0.437238493723849	1.63333333333333	2.4
25_21	25	A	30	21	other	spk21_30.wav	100	1	1.03899598122	25	0.5	-0.0815899581589958	1.63333333333333	2.4
25_21	25	A	60	21	other	spk21_60.wav	88	2	2.4585981369	25	0.5	-0.131799163179916	1.63333333333333	2.4
25_21	25	A	15	21	other	spk21_15.wav	80	1	0.703112840652	25	0.5	-0.165271966527197	1.63333333333333	2.4
25_21	25	A	7	21	other	spk21_7.wav	227	2	0.887796878815	25	0.5	0.449790794979079	1.63333333333333	2.4
25_21	25	A	29	21	other	spk21_29.wav	201	3	1.57322311401	25	0.5	0.341004184100418	1.63333333333333	2.4
25_21	25	A	8	21	other	spk21_8.wav	177	1	0.0690269470215	25	0.5	0.240585774058577	1.63333333333333	2.4
25_21	25	A	56	21	other	spk21_56.wav	43	1	1.55705595016	25	0.5	-0.320083682008368	1.63333333333333	2.4
25_21	25	A	31	21	other	spk21_31.wav	151	2	0.570070028305	25	0.5	0.131799163179916	1.63333333333333	2.4
25_21	25	A	14	21	other	spk21_14.wav	231	1	0.453321933746	25	0.5	0.46652719665272	1.63333333333333	2.4
25_21	25	A	39	21	other	spk21_39.wav	112	2	0.1864798069	25	0.5	-0.0313807531380753	1.63333333333333	2.4
25_21	25	A	52	21	other	spk21_52.wav	33	3	1.92382502556	25	0.5	-0.361924686192469	1.63333333333333	2.4
25_21	25	A	21	21	other	spk21_21.wav	156	2	0.754930019379	25	0.5	0.152719665271967	1.63333333333333	2.4
25_21	25	A	26	21	other	spk21_26.wav	236	3	1.65651106834	25	0.5	0.48744769874477	1.63333333333333	2.4
25_21	25	A	28	21	other	spk21_28.wav	210	1	0.386682987213	25	0.5	0.378661087866109	1.63333333333333	2.4
25_21	25	A	40	21	other	spk21_40.wav	78	2	0.969986915588	25	0.5	-0.173640167364017	1.63333333333333	2.4
25_21	25	A	58	21	other	spk21_58.wav	52	1	1.23889613152	25	0.5	-0.282426778242678	1.63333333333333	2.4
25_21	25	A	45	21	other	spk21_45.wav	39	1	2.07266902924	25	0.5	-0.336820083682008	1.63333333333333	2.4
25_21	25	A	19	21	other	spk21_19.wav	214	3	0.269705057144	25	0.5	0.395397489539749	1.63333333333333	2.4
25_21	25	A	11	21	other	spk21_11.wav	189	3	0.837273836136	25	0.5	0.290794979079498	1.63333333333333	2.4
25_21	25	A	35	21	other	spk21_35.wav	176	1	0.336118936539	25	0.5	0.236401673640167	1.63333333333333	2.4
25_21	25	A	33	21	other	spk21_33.wav	204	1	2.62554502487	25	0.5	0.353556485355649	1.63333333333333	2.4
25_21	25	A	59	21	other	spk21_59.wav	209	3	0.954565048218	25	0.5	0.374476987447699	1.63333333333333	2.4
25_21	25	A	42	21	other	spk21_42.wav	179	3	0.18598818779	25	0.5	0.248953974895398	1.63333333333333	2.4
25_21	25	A	36	21	other	spk21_36.wav	105	1	0.269670009613	25	0.5	-0.0606694560669456	1.63333333333333	2.4
25_21	25	A	18	21	other	spk21_18.wav	128	1	0.252948999405	25	0.5	0.0355648535564853	1.63333333333333	2.4
25_21	25	A	43	21	other	spk21_43.wav	187	1	0.668447971344	25	0.5	0.282426778242678	1.63333333333333	2.4
25_21	25	A	48	21	other	spk21_48.wav	222	2	0.504066228867	25	0.5	0.428870292887029	1.63333333333333	2.4
25_21	25	A	4	21	other	spk21_4.wav	195	2	0.253263950348	25	0.5	0.315899581589958	1.63333333333333	2.4
25_21	25	A	23	21	other	spk21_23.wav	159	3	1.97197008133	25	0.5	0.165271966527197	1.63333333333333	2.4
25_21	25	A	10	21	other	spk21_10.wav	73	1	0.652194023132	25	0.5	-0.194560669456067	1.63333333333333	2.4
25_21	25	A	41	21	other	spk21_41.wav	226	2	0.353790998459	25	0.5	0.445606694560669	1.63333333333333	2.4
25_21	25	A	44	21	other	spk21_44.wav	108	2	0.837947845459	25	0.5	-0.0481171548117155	1.63333333333333	2.4
25_21	25	A	51	21	other	spk21_51.wav	61	1	0.303081035614	25	0.5	-0.244769874476987	1.63333333333333	2.4
25_21	25	A	5	21	other	spk21_5.wav	211	1	1.99096798897	25	0.5	0.382845188284519	1.63333333333333	2.4
25_21	25	A	12	21	other	spk21_12.wav	77	1	0.319656848907	25	0.5	-0.177824267782427	1.63333333333333	2.4
25_21	25	A	9	21	other	spk21_9.wav	168	2	0.403095960617	25	0.5	0.202928870292887	1.63333333333333	2.4
25_25	25	A	52	25	self	spk25_52.wav	127	1	0.537113904953	25	-0.5	0.0313807531380753	1.63333333333333	1.9
25_25	25	A	53	25	self	spk25_53.wav	46	2	1.38948297501	25	-0.5	-0.307531380753138	1.63333333333333	1.9
25_25	25	A	7	25	self	spk25_7.wav	54	1	0.885778903961	25	-0.5	-0.274058577405858	1.63333333333333	1.9
25_25	25	A	45	25	self	spk25_45.wav	16	1	0.437371015549	25	-0.5	-0.433054393305439	1.63333333333333	1.9
25_25	25	A	1	25	self	spk25_1.wav	166	1	1.80677819252	25	-0.5	0.194560669456067	1.63333333333333	1.9
25_25	25	A	16	25	self	spk25_16.wav	119	1	0.637171983719	25	-0.5	-0.002092050209205	1.63333333333333	1.9
25_25	25	A	43	25	self	spk25_43.wav	31	1	2.00745415688	25	-0.5	-0.370292887029289	1.63333333333333	1.9
25_25	25	A	33	25	self	spk25_33.wav	24	2	2.69109177589	25	-0.5	-0.399581589958159	1.63333333333333	1.9
25_25	25	A	56	25	self	spk25_56.wav	59	1	1.25332593918	25	-0.5	-0.253138075313807	1.63333333333333	1.9
25_25	25	A	32	25	self	spk25_32.wav	97	1	0.63654088974	25	-0.5	-0.0941422594142259	1.63333333333333	1.9
25_25	25	A	27	25	self	spk25_27.wav	29	1	0.804356098175	25	-0.5	-0.378661087866109	1.63333333333333	1.9
25_25	25	A	21	25	self	spk25_21.wav	135	2	1.73907804489	25	-0.5	0.0648535564853556	1.63333333333333	1.9
25_25	25	A	55	25	self	spk25_55.wav	27	1	0.637328147888	25	-0.5	-0.387029288702929	1.63333333333333	1.9
25_25	25	A	58	25	self	spk25_58.wav	153	2	0.986301898956	25	-0.5	0.140167364016736	1.63333333333333	1.9
25_25	25	A	2	25	self	spk25_2.wav	181	2	0.402205944061	25	-0.5	0.257322175732218	1.63333333333333	1.9
25_25	25	A	22	25	self	spk25_22.wav	138	1	0.319712877274	25	-0.5	0.0774058577405857	1.63333333333333	1.9
25_25	25	A	24	25	self	spk25_24.wav	192	2	1.54011106491	25	-0.5	0.303347280334728	1.63333333333333	1.9
25_25	25	A	46	25	self	spk25_46.wav	184	3	1.9566180706	25	-0.5	0.269874476987448	1.63333333333333	1.9
25_25	25	A	36	25	self	spk25_36.wav	92	2	1.40668582916	25	-0.5	-0.115062761506276	1.63333333333333	1.9
25_25	25	A	8	25	self	spk25_8.wav	133	1	1.12094712257	25	-0.5	0.0564853556485355	1.63333333333333	1.9
25_25	25	A	42	25	self	spk25_42.wav	143	3	0.186204910278	25	-0.5	0.0983263598326359	1.63333333333333	1.9
25_25	25	A	54	25	self	spk25_54.wav	40	3	1.48953509331	25	-0.5	-0.332635983263598	1.63333333333333	1.9
25_25	25	A	10	25	self	spk25_10.wav	41	1	1.18711590767	25	-0.5	-0.328451882845188	1.63333333333333	1.9
25_25	25	A	19	25	self	spk25_19.wav	82	2	0.470830202103	25	-0.5	-0.156903765690377	1.63333333333333	1.9
25_25	25	A	15	25	self	spk25_15.wav	26	1	0.888118982315	25	-0.5	-0.391213389121339	1.63333333333333	1.9
25_25	25	A	48	25	self	spk25_48.wav	84	2	0.971307039261	25	-0.5	-0.148535564853557	1.63333333333333	1.9
25_25	25	A	31	25	self	spk25_31.wav	85	1	1.756264925	25	-0.5	-0.144351464435146	1.63333333333333	1.9
25_25	25	A	25	25	self	spk25_25.wav	167	1	0.753371953964	25	-0.5	0.198744769874477	1.63333333333333	1.9
25_25	25	A	47	25	self	spk25_47.wav	164	2	1.0382361412	25	-0.5	0.186192468619247	1.63333333333333	1.9
25_25	25	A	50	25	self	spk25_50.wav	35	2	2.08877587318	25	-0.5	-0.353556485355649	1.63333333333333	1.9
25_25	25	A	6	25	self	spk25_6.wav	49	3	0.971487045288	25	-0.5	-0.294979079497908	1.63333333333333	1.9
25_25	25	A	14	25	self	spk25_14.wav	145	1	0.487761974335	25	-0.5	0.106694560669456	1.63333333333333	1.9
25_25	25	A	51	25	self	spk25_51.wav	38	1	2.54169607162	25	-0.5	-0.341004184100418	1.63333333333333	1.9
25_25	25	A	30	25	self	spk25_30.wav	120	1	1.5393269062	25	-0.5	0.002092050209205	1.63333333333333	1.9
25_25	25	A	20	25	self	spk25_20.wav	13	2	1.28855800629	25	-0.5	-0.445606694560669	1.63333333333333	1.9
25_25	25	A	12	25	self	spk25_12.wav	94	3	2.19073200226	25	-0.5	-0.106694560669456	1.63333333333333	1.9
25_25	25	A	38	25	self	spk25_38.wav	216	2	0.854798078537	25	-0.5	0.403765690376569	1.63333333333333	1.9
25_25	25	A	4	25	self	spk25_4.wav	56	1	0.969791889191	25	-0.5	-0.265690376569038	1.63333333333333	1.9
25_25	25	A	57	25	self	spk25_57.wav	218	2	0.252040863037	25	-0.5	0.412133891213389	1.63333333333333	1.9
25_25	25	A	35	25	self	spk25_35.wav	219	2	0.51908993721	25	-0.5	0.416317991631799	1.63333333333333	1.9
25_25	25	A	44	25	self	spk25_44.wav	99	2	1.17100000381	25	-0.5	-0.0857740585774058	1.63333333333333	1.9
25_25	25	A	23	25	self	spk25_23.wav	221	2	1.4399061203	25	-0.5	0.424686192468619	1.63333333333333	1.9
25_25	25	A	13	25	self	spk25_13.wav	8	2	1.17025399208	25	-0.5	-0.46652719665272	1.63333333333333	1.9
25_25	25	A	5	25	self	spk25_5.wav	62	2	1.65695285797	25	-0.5	-0.240585774058577	1.63333333333333	1.9
25_25	25	A	40	25	self	spk25_40.wav	131	2	0.821040868759	25	-0.5	0.0481171548117155	1.63333333333333	1.9
25_25	25	A	60	25	self	spk25_60.wav	91	2	1.00494909286	25	-0.5	-0.119246861924686	1.63333333333333	1.9
25_25	25	A	26	25	self	spk25_26.wav	213	1	0.403394937515	25	-0.5	0.391213389121339	1.63333333333333	1.9
25_25	25	A	39	25	self	spk25_39.wav	66	1	2.75897192955	25	-0.5	-0.223849372384937	1.63333333333333	1.9
25_25	25	A	29	25	self	spk25_29.wav	228	3	0.921445131302	25	-0.5	0.45397489539749	1.63333333333333	1.9
25_25	25	A	3	25	self	spk25_3.wav	69	1	0.387203931808	25	-0.5	-0.211297071129707	1.63333333333333	1.9
25_25	25	A	18	25	self	spk25_18.wav	190	1	0.185597896576	25	-0.5	0.294979079497908	1.63333333333333	1.9
25_25	25	A	17	25	self	spk25_17.wav	70	1	0.319756984711	25	-0.5	-0.207112970711297	1.63333333333333	1.9
25_25	25	A	28	25	self	spk25_28.wav	232	3	0.269342184067	25	-0.5	0.47071129707113	1.63333333333333	1.9
25_25	25	A	41	25	self	spk25_41.wav	72	2	1.22206902504	25	-0.5	-0.198744769874477	1.63333333333333	1.9
25_25	25	A	9	25	self	spk25_9.wav	234	1	0.938097000122	25	-0.5	0.47907949790795	1.63333333333333	1.9
25_25	25	A	11	25	self	spk25_11.wav	114	1	1.85682010651	25	-0.5	-0.0230125523012552	1.63333333333333	1.9
25_25	25	A	34	25	self	spk25_34.wav	75	2	0.937523126602	25	-0.5	-0.186192468619247	1.63333333333333	1.9
25_25	25	A	49	25	self	spk25_49.wav	103	1	0.571130037308	25	-0.5	-0.0690376569037657	1.63333333333333	1.9
25_25	25	A	59	25	self	spk25_59.wav	225	3	0.402171850204	25	-0.5	0.441422594142259	1.63333333333333	1.9
25_25	25	A	37	25	self	spk25_37.wav	239	2	0.937861919403	25	-0.5	0.5	1.63333333333333	1.9
25_7	25	A	49	7	other	spk7_49.wav	154	4	0.618541002274	25	0.5	0.144351464435146	1.63333333333333	4.9
25_7	25	A	28	7	other	spk7_28.wav	1	3	0.955283164978	25	0.5	-0.49581589958159	1.63333333333333	4.9
25_7	25	A	22	7	other	spk7_22.wav	215	6	1.27237606049	25	0.5	0.399581589958159	1.63333333333333	4.9
25_7	25	A	1	7	other	spk7_1.wav	86	4	0.721496105194	25	0.5	-0.140167364016736	1.63333333333333	4.9
25_7	25	A	26	7	other	spk7_26.wav	5	1	0.501530885696	25	0.5	-0.47907949790795	1.63333333333333	4.9
25_7	25	A	47	7	other	spk7_47.wav	18	3	2.45625495911	25	0.5	-0.424686192468619	1.63333333333333	4.9
25_7	25	A	48	7	other	spk7_48.wav	6	5	1.5718729496	25	0.5	-0.47489539748954	1.63333333333333	4.9
25_7	25	A	3	7	other	spk7_3.wav	67	2	0.718997955322	25	0.5	-0.219665271966527	1.63333333333333	4.9
25_7	25	A	12	7	other	spk7_12.wav	199	3	1.2552280426	25	0.5	0.332635983263598	1.63333333333333	4.9
25_7	25	A	52	7	other	spk7_52.wav	196	3	0.62075304985	25	0.5	0.320083682008368	1.63333333333333	4.9
25_7	25	A	9	7	other	spk7_9.wav	178	1	0.0670850276947	25	0.5	0.244769874476987	1.63333333333333	4.9
25_7	25	A	29	7	other	spk7_29.wav	45	5	1.45657801628	25	0.5	-0.311715481171548	1.63333333333333	4.9
25_7	25	A	59	7	other	spk7_59.wav	193	5	0.821207046509	25	0.5	0.307531380753138	1.63333333333333	4.9
25_7	25	A	7	7	other	spk7_7.wav	194	5	1.88980007172	25	0.5	0.311715481171548	1.63333333333333	4.9
25_7	25	A	20	7	other	spk7_20.wav	169	5	1.8238658905	25	0.5	0.207112970711297	1.63333333333333	4.9
25_7	25	A	51	7	other	spk7_51.wav	115	5	0.687651157379	25	0.5	-0.0188284518828452	1.63333333333333	4.9
25_7	25	A	43	7	other	spk7_43.wav	223	4	0.487118005753	25	0.5	0.433054393305439	1.63333333333333	4.9
25_7	25	A	35	7	other	spk7_35.wav	104	1	0.269926071167	25	0.5	-0.0648535564853556	1.63333333333333	4.9
25_7	25	A	36	7	other	spk7_36.wav	173	2	4.14619207382	25	0.5	0.223849372384937	1.63333333333333	4.9
25_7	25	A	19	7	other	spk7_19.wav	175	2	0.268893957138	25	0.5	0.232217573221757	1.63333333333333	4.9
25_7	25	A	11	7	other	spk7_11.wav	161	4	0.16800904274	25	0.5	0.173640167364017	1.63333333333333	4.9
25_7	25	A	4	7	other	spk7_4.wav	162	3	0.369016885757	25	0.5	0.177824267782427	1.63333333333333	4.9
25_7	25	A	30	7	other	spk7_30.wav	17	2	1.30565190315	25	0.5	-0.428870292887029	1.63333333333333	4.9
25_7	25	A	5	7	other	spk7_5.wav	163	4	1.47327494621	25	0.5	0.182008368200837	1.63333333333333	4.9
25_7	25	A	31	7	other	spk7_31.wav	98	3	0.618537902832	25	0.5	-0.0899581589958159	1.63333333333333	4.9
25_7	25	A	38	7	other	spk7_38.wav	4	3	0.785969018936	25	0.5	-0.48326359832636	1.63333333333333	4.9
25_7	25	A	13	7	other	spk7_13.wav	180	4	3.14147305489	25	0.5	0.253138075313807	1.63333333333333	4.9
25_7	25	A	37	7	other	spk7_37.wav	7	6	0.802901029587	25	0.5	-0.47071129707113	1.63333333333333	4.9
25_7	25	A	45	7	other	spk7_45.wav	87	3	1.62398409843	25	0.5	-0.135983263598326	1.63333333333333	4.9
25_7	25	A	8	7	other	spk7_8.wav	22	2	1.97308397293	25	0.5	-0.407949790794979	1.63333333333333	4.9
25_7	25	A	39	7	other	spk7_39.wav	90	5	0.537862062454	25	0.5	-0.123430962343096	1.63333333333333	4.9
25_7	25	A	18	7	other	spk7_18.wav	25	2	1.62355494499	25	0.5	-0.395397489539749	1.63333333333333	4.9
25_7	25	A	14	7	other	spk7_14.wav	132	2	1.05338597298	25	0.5	0.0523012552301255	1.63333333333333	4.9
25_7	25	A	44	7	other	spk7_44.wav	93	6	1.52343201637	25	0.5	-0.110878661087866	1.63333333333333	4.9
25_7	25	A	17	7	other	spk7_17.wav	53	6	2.14037203789	25	0.5	-0.278242677824268	1.63333333333333	4.9
25_7	25	A	25	7	other	spk7_25.wav	28	3	1.62308001518	25	0.5	-0.382845188284519	1.63333333333333	4.9
25_7	25	A	53	7	other	spk7_53.wav	122	3	3.05960893631	25	0.5	0.0104602510460251	1.63333333333333	4.9
25_7	25	A	55	7	other	spk7_55.wav	152	2	0.303287029266	25	0.5	0.135983263598326	1.63333333333333	4.9
25_7	25	A	15	7	other	spk7_15.wav	155	2	0.636520862579	25	0.5	0.148535564853556	1.63333333333333	4.9
25_7	25	A	24	7	other	spk7_24.wav	44	3	0.486787080765	25	0.5	-0.315899581589958	1.63333333333333	4.9
25_7	25	A	2	7	other	spk7_2.wav	140	5	0.70187497139	25	0.5	0.0857740585774058	1.63333333333333	4.9
25_7	25	A	6	7	other	spk7_6.wav	142	5	0.302476167679	25	0.5	0.0941422594142259	1.63333333333333	4.9
25_7	25	A	41	7	other	spk7_41.wav	146	4	0.62105178833	25	0.5	0.110878661087866	1.63333333333333	4.9
25_7	25	A	34	7	other	spk7_34.wav	36	3	0.854441165924	25	0.5	-0.349372384937238	1.63333333333333	4.9
25_7	25	A	50	7	other	spk7_50.wav	118	4	1.35550403595	25	0.5	-0.00627615062761505	1.63333333333333	4.9
25_7	25	A	21	7	other	spk7_21.wav	64	6	0.486944913864	25	0.5	-0.232217573221757	1.63333333333333	4.9
25_7	25	A	16	7	other	spk7_16.wav	202	3	1.00409221649	25	0.5	0.345188284518828	1.63333333333333	4.9
25_7	25	A	42	7	other	spk7_42.wav	186	6	0.702100992203	25	0.5	0.278242677824268	1.63333333333333	4.9
25_7	25	A	33	7	other	spk7_33.wav	81	2	0.368691921234	25	0.5	-0.161087866108787	1.63333333333333	4.9
25_7	25	A	27	7	other	spk7_27.wav	188	4	0.821134090424	25	0.5	0.286610878661088	1.63333333333333	4.9
25_7	25	A	56	7	other	spk7_56.wav	74	4	1.0028321743	25	0.5	-0.190376569037657	1.63333333333333	4.9
25_7	25	A	57	7	other	spk7_57.wav	141	6	1.33913397789	25	0.5	0.0899581589958159	1.63333333333333	4.9
25_7	25	A	40	7	other	spk7_40.wav	197	6	1.23806095123	25	0.5	0.324267782426778	1.63333333333333	4.9
25_7	25	A	54	7	other	spk7_54.wav	157	4	0.219735860825	25	0.5	0.156903765690377	1.63333333333333	4.9
25_7	25	A	10	7	other	spk7_10.wav	158	6	0.820971012115	25	0.5	0.161087866108787	1.63333333333333	4.9
25_7	25	A	23	7	other	spk7_23.wav	172	3	0.837610006332	25	0.5	0.219665271966527	1.63333333333333	4.9
25_7	25	A	58	7	other	spk7_58.wav	238	1	0.855009078979	25	0.5	0.49581589958159	1.63333333333333	4.9
25_7	25	A	46	7	other	spk7_46.wav	207	4	0.737515926361	25	0.5	0.366108786610879	1.63333333333333	4.9
25_7	25	A	60	7	other	spk7_60.wav	198	6	1.65448784828	25	0.5	0.328451882845188	1.63333333333333	4.9
25_7	25	A	32	7	other	spk7_32.wav	212	4	0.570574998856	25	0.5	0.387029288702929	1.63333333333333	4.9
26_11	26	B	52	11	other	spk11_52.wav	94	3	0.738328933716	26	0.5	-0.106694560669456	0.633333333333333	2.7
26_11	26	B	23	11	other	spk11_23.wav	126	3	0.704282999039	26	0.5	0.0271966527196653	0.633333333333333	2.7
26_11	26	B	60	11	other	spk11_60.wav	4	3	2.14322400093	26	0.5	-0.48326359832636	0.633333333333333	2.7
26_11	26	B	28	11	other	spk11_28.wav	53	3	0.822118997574	26	0.5	-0.278242677824268	0.633333333333333	2.7
26_11	26	B	11	11	other	spk11_11.wav	134	3	0.46857714653	26	0.5	0.0606694560669456	0.633333333333333	2.7
26_11	26	B	30	11	other	spk11_30.wav	11	4	1.82215380669	26	0.5	-0.45397489539749	0.633333333333333	2.7
26_11	26	B	55	11	other	spk11_55.wav	17	4	0.837985992432	26	0.5	-0.428870292887029	0.633333333333333	2.7
26_11	26	B	22	11	other	spk11_22.wav	165	3	0.702538013458	26	0.5	0.190376569037657	0.633333333333333	2.7
26_11	26	B	3	11	other	spk11_3.wav	124	2	0.136752128601	26	0.5	0.0188284518828452	0.633333333333333	2.7
26_11	26	B	26	11	other	spk11_26.wav	64	2	0.98846912384	26	0.5	-0.232217573221757	0.633333333333333	2.7
26_11	26	B	32	11	other	spk11_32.wav	66	4	0.88855099678	26	0.5	-0.223849372384937	0.633333333333333	2.7
26_11	26	B	15	11	other	spk11_15.wav	13	4	2.60761380196	26	0.5	-0.445606694560669	0.633333333333333	2.7
26_11	26	B	42	11	other	spk11_42.wav	175	2	0.451421976089	26	0.5	0.232217573221757	0.633333333333333	2.7
26_11	26	B	51	11	other	spk11_51.wav	57	3	1.28594493866	26	0.5	-0.261506276150628	0.633333333333333	2.7
26_11	26	B	38	11	other	spk11_38.wav	43	2	0.821266174316	26	0.5	-0.320083682008368	0.633333333333333	2.7
26_11	26	B	36	11	other	spk11_36.wav	187	3	0.237174034119	26	0.5	0.282426778242678	0.633333333333333	2.7
26_11	26	B	31	11	other	spk11_31.wav	166	3	0.971835851669	26	0.5	0.194560669456067	0.633333333333333	2.7
26_11	26	B	9	11	other	spk11_9.wav	140	2	1.55454277992	26	0.5	0.0857740585774058	0.633333333333333	2.7
26_11	26	B	5	11	other	spk11_5.wav	154	3	0.401015043259	26	0.5	0.144351464435146	0.633333333333333	2.7
26_11	26	B	35	11	other	spk11_35.wav	178	2	0.43660402298	26	0.5	0.244769874476987	0.633333333333333	2.7
26_11	26	B	45	11	other	spk11_45.wav	80	2	3.05911493301	26	0.5	-0.165271966527197	0.633333333333333	2.7
26_11	26	B	56	11	other	spk11_56.wav	201	3	0.68740606308	26	0.5	0.341004184100418	0.633333333333333	2.7
26_11	26	B	58	11	other	spk11_58.wav	77	3	1.82365894318	26	0.5	-0.177824267782427	0.633333333333333	2.7
26_11	26	B	24	11	other	spk11_24.wav	159	3	0.18630194664	26	0.5	0.165271966527197	0.633333333333333	2.7
26_11	26	B	2	11	other	spk11_2.wav	30	2	0.971681118011	26	0.5	-0.374476987447699	0.633333333333333	2.7
26_11	26	B	29	11	other	spk11_29.wav	84	3	0.704336881638	26	0.5	-0.148535564853557	0.633333333333333	2.7
26_11	26	B	27	11	other	spk11_27.wav	123	2	1.7068669796	26	0.5	0.0146443514644351	0.633333333333333	2.7
26_11	26	B	21	11	other	spk11_21.wav	97	2	1.68968701363	26	0.5	-0.0941422594142259	0.633333333333333	2.7
26_11	26	B	7	11	other	spk11_7.wav	142	3	1.15432882309	26	0.5	0.0941422594142259	0.633333333333333	2.7
26_11	26	B	25	11	other	spk11_25.wav	48	4	1.22210001945	26	0.5	-0.299163179916318	0.633333333333333	2.7
26_11	26	B	1	11	other	spk11_1.wav	113	3	1.43927598	26	0.5	-0.0271966527196653	0.633333333333333	2.7
26_11	26	B	47	11	other	spk11_47.wav	127	2	0.503576993942	26	0.5	0.0313807531380753	0.633333333333333	2.7
26_11	26	B	44	11	other	spk11_44.wav	51	3	1.18769097328	26	0.5	-0.286610878661088	0.633333333333333	2.7
26_11	26	B	49	11	other	spk11_49.wav	92	2	1.30285000801	26	0.5	-0.115062761506276	0.633333333333333	2.7
26_11	26	B	6	11	other	spk11_6.wav	174	3	0.520436048508	26	0.5	0.228033472803347	0.633333333333333	2.7
26_11	26	B	43	11	other	spk11_43.wav	211	3	0.671099901199	26	0.5	0.382845188284519	0.633333333333333	2.7
26_11	26	B	54	11	other	spk11_54.wav	203	2	0.754347085953	26	0.5	0.349372384937239	0.633333333333333	2.7
26_11	26	B	14	11	other	spk11_14.wav	204	3	0.234300136566	26	0.5	0.353556485355649	0.633333333333333	2.7
26_11	26	B	46	11	other	spk11_46.wav	218	4	1.10511207581	26	0.5	0.412133891213389	0.633333333333333	2.7
26_11	26	B	39	11	other	spk11_39.wav	149	3	0.353358983994	26	0.5	0.123430962343096	0.633333333333333	2.7
26_11	26	B	19	11	other	spk11_19.wav	99	3	0.37092089653	26	0.5	-0.0857740585774058	0.633333333333333	2.7
26_11	26	B	18	11	other	spk11_18.wav	195	3	1.74044513702	26	0.5	0.315899581589958	0.633333333333333	2.7
26_11	26	B	53	11	other	spk11_53.wav	101	3	1.25630998611	26	0.5	-0.0774058577405858	0.633333333333333	2.7
26_11	26	B	4	11	other	spk11_4.wav	85	2	0.386659145355	26	0.5	-0.144351464435146	0.633333333333333	2.7
26_11	26	B	37	11	other	spk11_37.wav	103	3	1.53953909874	26	0.5	-0.0690376569037657	0.633333333333333	2.7
26_11	26	B	12	11	other	spk11_12.wav	225	3	1.17184305191	26	0.5	0.441422594142259	0.633333333333333	2.7
26_11	26	B	33	11	other	spk11_33.wav	106	3	1.42035293579	26	0.5	-0.0564853556485356	0.633333333333333	2.7
26_11	26	B	10	11	other	spk11_10.wav	227	3	3.24382591248	26	0.5	0.449790794979079	0.633333333333333	2.7
26_11	26	B	40	11	other	spk11_40.wav	215	3	1.43908905983	26	0.5	0.399581589958159	0.633333333333333	2.7
26_11	26	B	17	11	other	spk11_17.wav	68	4	0.487030982971	26	0.5	-0.215481171548117	0.633333333333333	2.7
26_11	26	B	20	11	other	spk11_20.wav	177	2	1.75550103188	26	0.5	0.240585774058577	0.633333333333333	2.7
26_11	26	B	16	11	other	spk11_16.wav	110	3	0.603952884674	26	0.5	-0.0397489539748954	0.633333333333333	2.7
26_11	26	B	13	11	other	spk11_13.wav	31	3	1.74083995819	26	0.5	-0.370292887029289	0.633333333333333	2.7
26_11	26	B	34	11	other	spk11_34.wav	153	2	0.453464031219	26	0.5	0.140167364016736	0.633333333333333	2.7
26_11	26	B	59	11	other	spk11_59.wav	234	3	1.22307109833	26	0.5	0.47907949790795	0.633333333333333	2.7
26_11	26	B	57	11	other	spk11_57.wav	235	4	3.32603502274	26	0.5	0.48326359832636	0.633333333333333	2.7
26_11	26	B	8	11	other	spk11_8.wav	23	3	3.00979709625	26	0.5	-0.403765690376569	0.633333333333333	2.7
26_11	26	B	41	11	other	spk11_41.wav	197	2	0.80233001709	26	0.5	0.324267782426778	0.633333333333333	2.7
26_11	26	B	48	11	other	spk11_48.wav	238	4	1.92387318611	26	0.5	0.49581589958159	0.633333333333333	2.7
26_11	26	B	50	11	other	spk11_50.wav	78	2	1.92190313339	26	0.5	-0.173640167364017	0.633333333333333	2.7
26_18	26	B	11	18	other	spk18_11.wav	0	2	1.58836698532	26	0.5	-0.5	0.633333333333333	2.7
26_18	26	B	26	18	other	spk18_26.wav	1	2	2.50502490997	26	0.5	-0.49581589958159	0.633333333333333	2.7
26_18	26	B	51	18	other	spk18_51.wav	82	2	0.420063018799	26	0.5	-0.156903765690377	0.633333333333333	2.7
26_18	26	B	44	18	other	spk18_44.wav	83	2	0.83747792244	26	0.5	-0.152719665271967	0.633333333333333	2.7
26_18	26	B	33	18	other	spk18_33.wav	125	2	1.94071793556	26	0.5	0.0230125523012552	0.633333333333333	2.7
26_18	26	B	23	18	other	spk18_23.wav	5	4	2.72625684738	26	0.5	-0.47907949790795	0.633333333333333	2.7
26_18	26	B	60	18	other	spk18_60.wav	6	2	2.03895282745	26	0.5	-0.47489539748954	0.633333333333333	2.7
26_18	26	B	41	18	other	spk18_41.wav	208	3	1.17178702354	26	0.5	0.370292887029289	0.633333333333333	2.7
26_18	26	B	37	18	other	spk18_37.wav	209	3	0.568890094757	26	0.5	0.374476987447699	0.633333333333333	2.7
26_18	26	B	43	18	other	spk18_43.wav	170	2	0.501065969467	26	0.5	0.211297071129707	0.633333333333333	2.7
26_18	26	B	15	18	other	spk18_15.wav	10	3	1.03697800636	26	0.5	-0.4581589958159	0.633333333333333	2.7
26_18	26	B	22	18	other	spk18_22.wav	24	3	0.922293901443	26	0.5	-0.399581589958159	0.633333333333333	2.7
26_18	26	B	54	18	other	spk18_54.wav	52	2	1.48875904083	26	0.5	-0.282426778242678	0.633333333333333	2.7
26_18	26	B	47	18	other	spk18_47.wav	79	3	0.653996944427	26	0.5	-0.169456066945607	0.633333333333333	2.7
26_18	26	B	30	18	other	spk18_30.wav	27	2	1.44009184837	26	0.5	-0.387029288702929	0.633333333333333	2.7
26_18	26	B	14	18	other	spk18_14.wav	55	3	0.535862922668	26	0.5	-0.269874476987448	0.633333333333333	2.7
26_18	26	B	58	18	other	spk18_58.wav	16	3	2.7926800251	26	0.5	-0.433054393305439	0.633333333333333	2.7
26_18	26	B	59	18	other	spk18_59.wav	151	2	1.35527920723	26	0.5	0.131799163179916	0.633333333333333	2.7
26_18	26	B	9	18	other	spk18_9.wav	192	2	0.203101873398	26	0.5	0.303347280334728	0.633333333333333	2.7
26_18	26	B	55	18	other	spk18_55.wav	180	3	0.653338909149	26	0.5	0.253138075313807	0.633333333333333	2.7
26_18	26	B	8	18	other	spk18_8.wav	100	2	0.386655092239	26	0.5	-0.0815899581589958	0.633333333333333	2.7
26_18	26	B	50	18	other	spk18_50.wav	21	3	2.45782899857	26	0.5	-0.412133891213389	0.633333333333333	2.7
26_18	26	B	53	18	other	spk18_53.wav	22	2	1.1042509079	26	0.5	-0.407949790794979	0.633333333333333	2.7
26_18	26	B	13	18	other	spk18_13.wav	63	4	0.87205696106	26	0.5	-0.236401673640167	0.633333333333333	2.7
26_18	26	B	4	18	other	spk18_4.wav	171	2	0.486418008804	26	0.5	0.215481171548117	0.633333333333333	2.7
26_18	26	B	27	18	other	spk18_27.wav	25	3	0.804826021194	26	0.5	-0.395397489539749	0.633333333333333	2.7
26_18	26	B	36	18	other	spk18_36.wav	105	2	0.0676298141479	26	0.5	-0.0606694560669456	0.633333333333333	2.7
26_18	26	B	7	18	other	spk18_7.wav	40	2	1.07163214684	26	0.5	-0.332635983263598	0.633333333333333	2.7
26_18	26	B	16	18	other	spk18_16.wav	229	3	0.785691976547	26	0.5	0.4581589958159	0.633333333333333	2.7
26_18	26	B	52	18	other	spk18_52.wav	29	3	3.39396905899	26	0.5	-0.378661087866109	0.633333333333333	2.7
26_18	26	B	40	18	other	spk18_40.wav	69	2	1.10401701927	26	0.5	-0.211297071129707	0.633333333333333	2.7
26_18	26	B	17	18	other	spk18_17.wav	205	2	0.0189220905304	26	0.5	0.357740585774059	0.633333333333333	2.7
26_18	26	B	32	18	other	spk18_32.wav	32	4	2.30836510658	26	0.5	-0.366108786610879	0.633333333333333	2.7
26_18	26	B	42	18	other	spk18_42.wav	33	2	0.487021923065	26	0.5	-0.361924686192469	0.633333333333333	2.7
26_18	26	B	49	18	other	spk18_49.wav	34	2	1.30567502975	26	0.5	-0.357740585774059	0.633333333333333	2.7
26_18	26	B	6	18	other	spk18_6.wav	156	3	0.787780046463	26	0.5	0.152719665271967	0.633333333333333	2.7
26_18	26	B	2	18	other	spk18_2.wav	157	2	1.15413498878	26	0.5	0.156903765690377	0.633333333333333	2.7
26_18	26	B	5	18	other	spk18_5.wav	224	2	1.15590405464	26	0.5	0.437238493723849	0.633333333333333	2.7
26_18	26	B	48	18	other	spk18_48.wav	38	2	0.370028972626	26	0.5	-0.341004184100418	0.633333333333333	2.7
26_18	26	B	34	18	other	spk18_34.wav	199	2	0.32084608078	26	0.5	0.332635983263598	0.633333333333333	2.7
26_18	26	B	18	18	other	spk18_18.wav	119	3	1.10512495041	26	0.5	-0.002092050209205	0.633333333333333	2.7
26_18	26	B	29	18	other	spk18_29.wav	41	3	0.554332017899	26	0.5	-0.328451882845188	0.633333333333333	2.7
26_18	26	B	39	18	other	spk18_39.wav	122	3	0.63583111763	26	0.5	0.0104602510460251	0.633333333333333	2.7
26_18	26	B	24	18	other	spk18_24.wav	162	3	0.387243032455	26	0.5	0.177824267782427	0.633333333333333	2.7
26_18	26	B	10	18	other	spk18_10.wav	150	2	0.703893899918	26	0.5	0.127615062761506	0.633333333333333	2.7
26_18	26	B	46	18	other	spk18_46.wav	206	3	0.636775970459	26	0.5	0.361924686192469	0.633333333333333	2.7
26_18	26	B	3	18	other	spk18_3.wav	86	2	0.283842086792	26	0.5	-0.140167364016736	0.633333333333333	2.7
26_18	26	B	20	18	other	spk18_20.wav	194	3	1.95694804192	26	0.5	0.311715481171548	0.633333333333333	2.7
26_18	26	B	38	18	other	spk18_38.wav	222	3	1.29003500938	26	0.5	0.428870292887029	0.633333333333333	2.7
26_18	26	B	1	18	other	spk18_1.wav	210	2	0.135987043381	26	0.5	0.378661087866109	0.633333333333333	2.7
26_18	26	B	45	18	other	spk18_45.wav	200	2	1.10527801514	26	0.5	0.336820083682008	0.633333333333333	2.7
26_18	26	B	57	18	other	spk18_57.wav	90	4	1.45647382736	26	0.5	-0.123430962343096	0.633333333333333	2.7
26_18	26	B	25	18	other	spk18_25.wav	81	2	1.17147183418	26	0.5	-0.161087866108787	0.633333333333333	2.7
26_18	26	B	28	18	other	spk18_28.wav	239	2	0.721373081207	26	0.5	0.5	0.633333333333333	2.7
26_18	26	B	12	18	other	spk18_12.wav	102	2	0.620593070984	26	0.5	-0.0732217573221757	0.633333333333333	2.7
26_18	26	B	19	18	other	spk18_19.wav	95	3	0.502586126328	26	0.5	-0.102510460251046	0.633333333333333	2.7
26_18	26	B	35	18	other	spk18_35.wav	72	2	1.6728849411	26	0.5	-0.198744769874477	0.633333333333333	2.7
26_18	26	B	31	18	other	spk18_31.wav	114	3	0.904996871948	26	0.5	-0.0230125523012552	0.633333333333333	2.7
26_18	26	B	21	18	other	spk18_21.wav	220	3	0.403121948242	26	0.5	0.420502092050209	0.633333333333333	2.7
26_18	26	B	56	18	other	spk18_56.wav	115	2	0.537226915359	26	0.5	-0.0188284518828452	0.633333333333333	2.7
26_23	26	B	18	23	other	spk23_18.wav	172	2	1.32275009155	26	0.5	0.219665271966527	0.633333333333333	3.1
26_23	26	B	25	23	other	spk23_25.wav	214	2	0.253895998001	26	0.5	0.395397489539749	0.633333333333333	3.1
26_23	26	B	21	23	other	spk23_21.wav	18	2	1.80740904808	26	0.5	-0.424686192468619	0.633333333333333	3.1
26_23	26	B	15	23	other	spk23_15.wav	58	2	0.136038064957	26	0.5	-0.257322175732218	0.633333333333333	3.1
26_23	26	B	40	23	other	spk23_40.wav	163	2	0.302925109863	26	0.5	0.182008368200837	0.633333333333333	3.1
26_23	26	B	37	23	other	spk23_37.wav	226	2	0.502825021744	26	0.5	0.445606694560669	0.633333333333333	3.1
26_23	26	B	7	23	other	spk23_7.wav	135	2	1.18891310692	26	0.5	0.0648535564853556	0.633333333333333	3.1
26_23	26	B	42	23	other	spk23_42.wav	198	2	0.586885929108	26	0.5	0.328451882845188	0.633333333333333	3.1
26_23	26	B	48	23	other	spk23_48.wav	128	2	0.169857978821	26	0.5	0.0355648535564853	0.633333333333333	3.1
26_23	26	B	23	23	other	spk23_23.wav	176	2	0.952474832535	26	0.5	0.236401673640167	0.633333333333333	3.1
26_23	26	B	35	23	other	spk23_35.wav	216	2	0.153434038162	26	0.5	0.403765690376569	0.633333333333333	3.1
26_23	26	B	50	23	other	spk23_50.wav	54	3	0.504323959351	26	0.5	-0.274058577405858	0.633333333333333	3.1
26_23	26	B	14	23	other	spk23_14.wav	91	2	1.77208185196	26	0.5	-0.119246861924686	0.633333333333333	3.1
26_23	26	B	45	23	other	spk23_45.wav	20	2	0.0865569114685	26	0.5	-0.416317991631799	0.633333333333333	3.1
26_23	26	B	41	23	other	spk23_41.wav	8	2	0.968528032303	26	0.5	-0.46652719665272	0.633333333333333	3.1
26_23	26	B	33	23	other	spk23_33.wav	191	2	0.169534921646	26	0.5	0.299163179916318	0.633333333333333	3.1
26_23	26	B	55	23	other	spk23_55.wav	116	2	0.25302195549	26	0.5	-0.0146443514644352	0.633333333333333	3.1
26_23	26	B	60	23	other	spk23_60.wav	185	2	0.10302901268	26	0.5	0.274058577405858	0.633333333333333	3.1
26_23	26	B	10	23	other	spk23_10.wav	133	2	0.520378828049	26	0.5	0.0564853556485355	0.633333333333333	3.1
26_23	26	B	31	23	other	spk23_31.wav	213	2	0.4370470047	26	0.5	0.391213389121339	0.633333333333333	3.1
26_23	26	B	30	23	other	spk23_30.wav	67	2	0.117509126663	26	0.5	-0.219665271966527	0.633333333333333	3.1
26_23	26	B	20	23	other	spk23_20.wav	188	2	0.202990055084	26	0.5	0.286610878661088	0.633333333333333	3.1
26_23	26	B	38	23	other	spk23_38.wav	136	3	0.33554816246	26	0.5	0.0690376569037657	0.633333333333333	3.1
26_23	26	B	19	23	other	spk23_19.wav	109	3	1.73991918564	26	0.5	-0.0439330543933054	0.633333333333333	3.1
26_23	26	B	29	23	other	spk23_29.wav	108	2	0.570576906204	26	0.5	-0.0481171548117155	0.633333333333333	3.1
26_23	26	B	5	23	other	spk23_5.wav	45	4	1.53974199295	26	0.5	-0.311715481171548	0.633333333333333	3.1
26_23	26	B	34	23	other	spk23_34.wav	46	2	0.268941879272	26	0.5	-0.307531380753138	0.633333333333333	3.1
26_23	26	B	49	23	other	spk23_49.wav	47	2	0.603972911835	26	0.5	-0.303347280334728	0.633333333333333	3.1
26_23	26	B	54	23	other	spk23_54.wav	169	2	0.51812005043	26	0.5	0.207112970711297	0.633333333333333	3.1
26_23	26	B	28	23	other	spk23_28.wav	62	4	0.451299905777	26	0.5	-0.240585774058577	0.633333333333333	3.1
26_23	26	B	6	23	other	spk23_6.wav	117	2	0.103472948074	26	0.5	-0.0104602510460251	0.633333333333333	3.1
26_23	26	B	39	23	other	spk23_39.wav	184	2	0.220396995544	26	0.5	0.269874476987448	0.633333333333333	3.1
26_23	26	B	44	23	other	spk23_44.wav	65	3	0.721081972122	26	0.5	-0.228033472803347	0.633333333333333	3.1
26_23	26	B	17	23	other	spk23_17.wav	39	2	0.75506401062	26	0.5	-0.336820083682008	0.633333333333333	3.1
26_23	26	B	46	23	other	spk23_46.wav	107	2	0.320388793945	26	0.5	-0.0523012552301255	0.633333333333333	3.1
26_23	26	B	51	23	other	spk23_51.wav	228	2	0.186678171158	26	0.5	0.45397489539749	0.633333333333333	3.1
26_23	26	B	16	23	other	spk23_16.wav	2	3	1.37261390686	26	0.5	-0.49163179916318	0.633333333333333	3.1
26_23	26	B	43	23	other	spk23_43.wav	42	3	1.60607790947	26	0.5	-0.324267782426778	0.633333333333333	3.1
26_23	26	B	59	23	other	spk23_59.wav	230	2	0.40062212944	26	0.5	0.46234309623431	0.633333333333333	3.1
26_23	26	B	24	23	other	spk23_24.wav	19	2	0.57023692131	26	0.5	-0.420502092050209	0.633333333333333	3.1
26_23	26	B	36	23	other	spk23_36.wav	181	2	0.286540031433	26	0.5	0.257322175732218	0.633333333333333	3.1
26_23	26	B	12	23	other	spk23_12.wav	141	2	0.837877035141	26	0.5	0.0899581589958159	0.633333333333333	3.1
26_23	26	B	27	23	other	spk23_27.wav	87	2	0.386521816254	26	0.5	-0.135983263598326	0.633333333333333	3.1
26_23	26	B	13	23	other	spk23_13.wav	143	2	0.119097948074	26	0.5	0.0983263598326359	0.633333333333333	3.1
26_23	26	B	8	23	other	spk23_8.wav	36	2	0.570780992508	26	0.5	-0.349372384937238	0.633333333333333	3.1
26_23	26	B	1	23	other	spk23_1.wav	89	2	0.220266819	26	0.5	-0.127615062761506	0.633333333333333	3.1
26_23	26	B	4	23	other	spk23_4.wav	212	2	0.168944120407	26	0.5	0.387029288702929	0.633333333333333	3.1
26_23	26	B	11	23	other	spk23_11.wav	120	2	0.353852987289	26	0.5	0.002092050209205	0.633333333333333	3.1
26_23	26	B	47	23	other	spk23_47.wav	121	2	1.60608315468	26	0.5	0.00627615062761511	0.633333333333333	3.1
26_23	26	B	53	23	other	spk23_53.wav	139	2	0.568377017975	26	0.5	0.0815899581589958	0.633333333333333	3.1
26_23	26	B	26	23	other	spk23_26.wav	74	3	0.253415107727	26	0.5	-0.190376569037657	0.633333333333333	3.1
26_23	26	B	32	23	other	spk23_32.wav	221	2	1.52165007591	26	0.5	0.424686192468619	0.633333333333333	3.1
26_23	26	B	56	23	other	spk23_56.wav	35	3	0.601939201355	26	0.5	-0.353556485355649	0.633333333333333	3.1
26_23	26	B	2	23	other	spk23_2.wav	49	3	1.00463318825	26	0.5	-0.294979079497908	0.633333333333333	3.1
26_23	26	B	3	23	other	spk23_3.wav	236	2	1.25518298149	26	0.5	0.48744769874477	0.633333333333333	3.1
26_23	26	B	57	23	other	spk23_57.wav	145	3	0.620842933655	26	0.5	0.106694560669456	0.633333333333333	3.1
26_23	26	B	58	23	other	spk23_58.wav	118	2	0.151915073395	26	0.5	-0.00627615062761505	0.633333333333333	3.1
26_23	26	B	52	23	other	spk23_52.wav	160	2	0.369749069214	26	0.5	0.169456066945607	0.633333333333333	3.1
26_23	26	B	22	23	other	spk23_22.wav	167	2	0.669548034668	26	0.5	0.198744769874477	0.633333333333333	3.1
26_23	26	B	9	23	other	spk23_9.wav	73	2	0.0369839668274	26	0.5	-0.194560669456067	0.633333333333333	3.1
26_26	26	B	54	26	self	spk26_54.wav	152	2	0.619827032089	26	-0.5	0.135983263598326	0.633333333333333	2.2
26_26	26	B	44	26	self	spk26_44.wav	137	3	0.736752033234	26	-0.5	0.0732217573221757	0.633333333333333	2.2
26_26	26	B	3	26	self	spk26_3.wav	12	3	1.27213191986	26	-0.5	-0.449790794979079	0.633333333333333	2.2
26_26	26	B	49	26	self	spk26_49.wav	98	2	2.14109396935	26	-0.5	-0.0899581589958159	0.633333333333333	2.2
26_26	26	B	60	26	self	spk26_60.wav	112	2	0.470111846924	26	-0.5	-0.0313807531380753	0.633333333333333	2.2
26_26	26	B	18	26	self	spk26_18.wav	70	4	0.370069026947	26	-0.5	-0.207112970711297	0.633333333333333	2.2
26_26	26	B	36	26	self	spk26_36.wav	3	3	1.33800888062	26	-0.5	-0.48744769874477	0.633333333333333	2.2
26_26	26	B	28	26	self	spk26_28.wav	44	4	2.0914349556	26	-0.5	-0.315899581589958	0.633333333333333	2.2
26_26	26	B	11	26	self	spk26_11.wav	111	2	1.42248916626	26	-0.5	-0.0355648535564854	0.633333333333333	2.2
26_26	26	B	59	26	self	spk26_59.wav	129	3	1.23652601242	26	-0.5	0.0397489539748954	0.633333333333333	2.2
26_26	26	B	45	26	self	spk26_45.wav	193	3	2.54111003876	26	-0.5	0.307531380753138	0.633333333333333	2.2
26_26	26	B	58	26	self	spk26_58.wav	26	2	0.754171133041	26	-0.5	-0.391213389121339	0.633333333333333	2.2
26_26	26	B	35	26	self	spk26_35.wav	173	3	0.220062017441	26	-0.5	0.223849372384937	0.633333333333333	2.2
26_26	26	B	34	26	self	spk26_34.wav	93	3	0.837953090668	26	-0.5	-0.110878661087866	0.633333333333333	2.2
26_26	26	B	31	26	self	spk26_31.wav	138	2	2.00785517693	26	-0.5	0.0774058577405857	0.633333333333333	2.2
26_26	26	B	26	26	self	spk26_26.wav	14	2	0.604050159454	26	-0.5	-0.441422594142259	0.633333333333333	2.2
26_26	26	B	33	26	self	spk26_33.wav	217	3	1.53873896599	26	-0.5	0.407949790794979	0.633333333333333	2.2
26_26	26	B	56	26	self	spk26_56.wav	96	2	0.252865791321	26	-0.5	-0.098326359832636	0.633333333333333	2.2
26_26	26	B	13	26	self	spk26_13.wav	231	3	1.84058189392	26	-0.5	0.46652719665272	0.633333333333333	2.2
26_26	26	B	29	26	self	spk26_29.wav	71	3	1.94006204605	26	-0.5	-0.202928870292887	0.633333333333333	2.2
26_26	26	B	27	26	self	spk26_27.wav	59	3	0.253650188446	26	-0.5	-0.253138075313807	0.633333333333333	2.2
26_26	26	B	4	26	self	spk26_4.wav	9	2	1.95699381828	26	-0.5	-0.46234309623431	0.633333333333333	2.2
26_26	26	B	53	26	self	spk26_53.wav	182	3	1.47302794456	26	-0.5	0.261506276150628	0.633333333333333	2.2
26_26	26	B	5	26	self	spk26_5.wav	132	2	0.335942029953	26	-0.5	0.0523012552301255	0.633333333333333	2.2
26_26	26	B	1	26	self	spk26_1.wav	131	3	1.82355117798	26	-0.5	0.0481171548117155	0.633333333333333	2.2
26_26	26	B	12	26	self	spk26_12.wav	146	3	0.454044103622	26	-0.5	0.110878661087866	0.633333333333333	2.2
26_26	26	B	14	26	self	spk26_14.wav	186	3	0.252728939056	26	-0.5	0.278242677824268	0.633333333333333	2.2
26_26	26	B	22	26	self	spk26_22.wav	147	3	0.4195291996	26	-0.5	0.115062761506276	0.633333333333333	2.2
26_26	26	B	43	26	self	spk26_43.wav	28	3	1.48956084251	26	-0.5	-0.382845188284519	0.633333333333333	2.2
26_26	26	B	15	26	self	spk26_15.wav	164	2	1.12022686005	26	-0.5	0.186192468619247	0.633333333333333	2.2
26_26	26	B	2	26	self	spk26_2.wav	202	2	0.269536972046	26	-0.5	0.345188284518828	0.633333333333333	2.2
26_26	26	B	16	26	self	spk26_16.wav	15	2	3.04335212708	26	-0.5	-0.437238493723849	0.633333333333333	2.2
26_26	26	B	25	26	self	spk26_25.wav	190	3	0.487020015717	26	-0.5	0.294979079497908	0.633333333333333	2.2
26_26	26	B	57	26	self	spk26_57.wav	233	3	0.686623096466	26	-0.5	0.47489539748954	0.633333333333333	2.2
26_26	26	B	52	26	self	spk26_52.wav	75	3	0.536785125732	26	-0.5	-0.186192468619247	0.633333333333333	2.2
26_26	26	B	41	26	self	spk26_41.wav	155	2	0.735394001007	26	-0.5	0.148535564853556	0.633333333333333	2.2
26_26	26	B	55	26	self	spk26_55.wav	144	3	0.420057058334	26	-0.5	0.102510460251046	0.633333333333333	2.2
26_26	26	B	8	26	self	spk26_8.wav	104	2	0.537307024002	26	-0.5	-0.0648535564853556	0.633333333333333	2.2
26_26	26	B	40	26	self	spk26_40.wav	158	3	0.820879936218	26	-0.5	0.161087866108787	0.633333333333333	2.2
26_26	26	B	17	26	self	spk26_17.wav	148	3	0.285850048065	26	-0.5	0.119246861924686	0.633333333333333	2.2
26_26	26	B	38	26	self	spk26_38.wav	7	2	1.8888130188	26	-0.5	-0.47071129707113	0.633333333333333	2.2
26_26	26	B	42	26	self	spk26_42.wav	161	2	1.68988800049	26	-0.5	0.173640167364017	0.633333333333333	2.2
26_26	26	B	23	26	self	spk26_23.wav	56	4	0.386025190353	26	-0.5	-0.265690376569038	0.633333333333333	2.2
26_26	26	B	9	26	self	spk26_9.wav	207	2	0.838521003723	26	-0.5	0.366108786610879	0.633333333333333	2.2
26_26	26	B	32	26	self	spk26_32.wav	219	4	1.38987779617	26	-0.5	0.416317991631799	0.633333333333333	2.2
26_26	26	B	30	26	self	spk26_30.wav	88	3	0.719424009323	26	-0.5	-0.131799163179916	0.633333333333333	2.2
26_26	26	B	24	26	self	spk26_24.wav	179	3	0.453667163849	26	-0.5	0.248953974895398	0.633333333333333	2.2
26_26	26	B	21	26	self	spk26_21.wav	50	3	0.502972841263	26	-0.5	-0.290794979079498	0.633333333333333	2.2
26_26	26	B	46	26	self	spk26_46.wav	237	4	1.87163901329	26	-0.5	0.49163179916318	0.633333333333333	2.2
26_26	26	B	7	26	self	spk26_7.wav	61	4	0.270245075226	26	-0.5	-0.244769874476987	0.633333333333333	2.2
26_26	26	B	19	26	self	spk26_19.wav	37	4	0.719135046005	26	-0.5	-0.345188284518828	0.633333333333333	2.2
26_26	26	B	10	26	self	spk26_10.wav	189	3	1.80763912201	26	-0.5	0.290794979079498	0.633333333333333	2.2
26_26	26	B	20	26	self	spk26_20.wav	76	4	0.954041957855	26	-0.5	-0.182008368200837	0.633333333333333	2.2
26_26	26	B	39	26	self	spk26_39.wav	130	2	0.304136991501	26	-0.5	0.0439330543933054	0.633333333333333	2.2
26_26	26	B	6	26	self	spk26_6.wav	168	3	1.3554418087	26	-0.5	0.202928870292887	0.633333333333333	2.2
26_26	26	B	51	26	self	spk26_51.wav	232	2	0.904376983643	26	-0.5	0.47071129707113	0.633333333333333	2.2
26_26	26	B	47	26	self	spk26_47.wav	223	4	3.4600508213	26	-0.5	0.433054393305439	0.633333333333333	2.2
26_26	26	B	48	26	self	spk26_48.wav	183	2	0.420087099075	26	-0.5	0.265690376569038	0.633333333333333	2.2
26_26	26	B	50	26	self	spk26_50.wav	60	3	0.620589017868	26	-0.5	-0.248953974895398	0.633333333333333	2.2
26_26	26	B	37	26	self	spk26_37.wav	196	3	0.538231134415	26	-0.5	0.320083682008368	0.633333333333333	2.2
3_16	3	FALSE	43	16	other	spk16_43.wav	0	1	2.32535386086	3	0.5	-0.5	2.16666666666667	3.4
3_16	3	FALSE	11	16	other	spk16_11.wav	122	1	1.82420992851	3	0.5	0.0104602510460251	2.16666666666667	3.4
3_16	3	FALSE	1	16	other	spk16_1.wav	123	1	0.671222925186	3	0.5	0.0146443514644351	2.16666666666667	3.4
3_16	3	FALSE	14	16	other	spk16_14.wav	82	1	1.37241411209	3	0.5	-0.156903765690377	2.16666666666667	3.4
3_16	3	FALSE	28	16	other	spk16_28.wav	205	1	0.503711938858	3	0.5	0.357740585774059	2.16666666666667	3.4
3_16	3	FALSE	16	16	other	spk16_16.wav	5	3	2.54220795631	3	0.5	-0.47907949790795	2.16666666666667	3.4
3_16	3	FALSE	23	16	other	spk16_23.wav	127	1	2.04076600075	3	0.5	0.0313807531380753	2.16666666666667	3.4
3_16	3	FALSE	7	16	other	spk16_7.wav	7	1	6.08449006081	3	0.5	-0.47071129707113	2.16666666666667	3.4
3_16	3	FALSE	13	16	other	spk16_13.wav	8	2	2.74265909195	3	0.5	-0.46652719665272	2.16666666666667	3.4
3_16	3	FALSE	47	16	other	spk16_47.wav	130	2	2.49188899994	3	0.5	0.0439330543933054	2.16666666666667	3.4
3_16	3	FALSE	9	16	other	spk16_9.wav	211	1	0.185099840164	3	0.5	0.382845188284519	2.16666666666667	3.4
3_16	3	FALSE	49	16	other	spk16_49.wav	91	3	3.24306988716	3	0.5	-0.119246861924686	2.16666666666667	3.4
3_16	3	FALSE	57	16	other	spk16_57.wav	133	1	0.586187124252	3	0.5	0.0564853556485355	2.16666666666667	3.4
3_16	3	FALSE	32	16	other	spk16_32.wav	147	1	1.85524916649	3	0.5	0.115062761506276	2.16666666666667	3.4
3_16	3	FALSE	34	16	other	spk16_34.wav	14	2	2.25854992867	3	0.5	-0.441422594142259	2.16666666666667	3.4
3_16	3	FALSE	46	16	other	spk16_46.wav	189	1	0.753114938736	3	0.5	0.290794979079498	2.16666666666667	3.4
3_16	3	FALSE	45	16	other	spk16_45.wav	199	1	0.120094060898	3	0.5	0.332635983263598	2.16666666666667	3.4
3_16	3	FALSE	12	16	other	spk16_12.wav	151	1	0.520156860352	3	0.5	0.131799163179916	2.16666666666667	3.4
3_16	3	FALSE	39	16	other	spk16_39.wav	31	1	1.03723883629	3	0.5	-0.370292887029289	2.16666666666667	3.4
3_16	3	FALSE	27	16	other	spk16_27.wav	99	1	1.90797996521	3	0.5	-0.0857740585774058	2.16666666666667	3.4
3_16	3	FALSE	35	16	other	spk16_35.wav	141	1	0.218147993088	3	0.5	0.0899581589958159	2.16666666666667	3.4
3_16	3	FALSE	37	16	other	spk16_37.wav	221	1	1.10520982742	3	0.5	0.424686192468619	2.16666666666667	3.4
3_16	3	FALSE	21	16	other	spk16_21.wav	62	1	4.69767284393	3	0.5	-0.240585774058577	2.16666666666667	3.4
3_16	3	FALSE	17	16	other	spk16_17.wav	184	1	1.32218408585	3	0.5	0.269874476987448	2.16666666666667	3.4
3_16	3	FALSE	41	16	other	spk16_41.wav	64	2	3.54456996918	3	0.5	-0.232217573221757	2.16666666666667	3.4
3_16	3	FALSE	18	16	other	spk16_18.wav	25	2	1.94141292572	3	0.5	-0.395397489539749	2.16666666666667	3.4
3_16	3	FALSE	15	16	other	spk16_15.wav	39	2	3.21076893806	3	0.5	-0.336820083682008	2.16666666666667	3.4
3_16	3	FALSE	54	16	other	spk16_54.wav	27	1	0.821191072464	3	0.5	-0.387029288702929	2.16666666666667	3.4
3_16	3	FALSE	22	16	other	spk16_22.wav	81	1	0.552500963211	3	0.5	-0.161087866108787	2.16666666666667	3.4
3_16	3	FALSE	8	16	other	spk16_8.wav	234	1	0.454339027405	3	0.5	0.47907949790795	2.16666666666667	3.4
3_16	3	FALSE	25	16	other	spk16_25.wav	195	1	0.587754011154	3	0.5	0.315899581589958	2.16666666666667	3.4
3_16	3	FALSE	60	16	other	spk16_60.wav	191	2	1.13912510872	3	0.5	0.299163179916318	2.16666666666667	3.4
3_16	3	FALSE	50	16	other	spk16_50.wav	72	1	1.90565490723	3	0.5	-0.198744769874477	2.16666666666667	3.4
3_16	3	FALSE	58	16	other	spk16_58.wav	158	1	0.587469100952	3	0.5	0.161087866108787	2.16666666666667	3.4
3_16	3	FALSE	19	16	other	spk16_19.wav	78	1	1.87212896347	3	0.5	-0.173640167364017	2.16666666666667	3.4
3_16	3	FALSE	44	16	other	spk16_44.wav	35	2	1.90646314621	3	0.5	-0.353556485355649	2.16666666666667	3.4
3_16	3	FALSE	56	16	other	spk16_56.wav	196	1	0.621229171753	3	0.5	0.320083682008368	2.16666666666667	3.4
3_16	3	FALSE	55	16	other	spk16_55.wav	119	1	0.253653049469	3	0.5	-0.002092050209205	2.16666666666667	3.4
3_16	3	FALSE	26	16	other	spk16_26.wav	126	1	0.687474966049	3	0.5	0.0271966527196653	2.16666666666667	3.4
3_16	3	FALSE	5	16	other	spk16_5.wav	52	1	1.12088608742	3	0.5	-0.282426778242678	2.16666666666667	3.4
3_16	3	FALSE	2	16	other	spk16_2.wav	80	1	0.253804922104	3	0.5	-0.165271966527197	2.16666666666667	3.4
3_16	3	FALSE	6	16	other	spk16_6.wav	45	3	1.737844944	3	0.5	-0.311715481171548	2.16666666666667	3.4
3_16	3	FALSE	33	16	other	spk16_33.wav	103	1	1.10396909714	3	0.5	-0.0690376569037657	2.16666666666667	3.4
3_16	3	FALSE	24	16	other	spk16_24.wav	87	2	1.25337791443	3	0.5	-0.135983263598326	2.16666666666667	3.4
3_16	3	FALSE	20	16	other	spk16_20.wav	209	1	0.503903150558	3	0.5	0.374476987447699	2.16666666666667	3.4
3_16	3	FALSE	31	16	other	spk16_31.wav	49	1	0.853770017624	3	0.5	-0.294979079497908	2.16666666666667	3.4
3_16	3	FALSE	30	16	other	spk16_30.wav	111	1	0.253317832947	3	0.5	-0.0355648535564854	2.16666666666667	3.4
3_16	3	FALSE	36	16	other	spk16_36.wav	77	1	2.52535891533	3	0.5	-0.177824267782427	2.16666666666667	3.4
3_16	3	FALSE	48	16	other	spk16_48.wav	186	1	0.737876176834	3	0.5	0.278242677824268	2.16666666666667	3.4
3_16	3	FALSE	53	16	other	spk16_53.wav	200	1	0.887488126755	3	0.5	0.336820083682008	2.16666666666667	3.4
3_16	3	FALSE	29	16	other	spk16_29.wav	75	1	1.43978190422	3	0.5	-0.186192468619247	2.16666666666667	3.4
3_16	3	FALSE	38	16	other	spk16_38.wav	85	3	1.74027013779	3	0.5	-0.144351464435146	2.16666666666667	3.4
3_16	3	FALSE	40	16	other	spk16_40.wav	60	1	2.49139308929	3	0.5	-0.248953974895398	2.16666666666667	3.4
3_16	3	FALSE	4	16	other	spk16_4.wav	235	1	0.25306391716	3	0.5	0.48326359832636	2.16666666666667	3.4
3_16	3	FALSE	42	16	other	spk16_42.wav	185	1	2.44162392616	3	0.5	0.274058577405858	2.16666666666667	3.4
3_16	3	FALSE	59	16	other	spk16_59.wav	89	2	3.12673687935	3	0.5	-0.127615062761506	2.16666666666667	3.4
3_16	3	FALSE	52	16	other	spk16_52.wav	115	1	0.987483978271	3	0.5	-0.0188284518828452	2.16666666666667	3.4
3_16	3	FALSE	51	16	other	spk16_51.wav	238	1	0.484647989273	3	0.5	0.49581589958159	2.16666666666667	3.4
3_16	3	FALSE	10	16	other	spk16_10.wav	100	1	1.78904104233	3	0.5	-0.0815899581589958	2.16666666666667	3.4
3_16	3	FALSE	3	16	other	spk16_3.wav	166	1	0.637663125992	3	0.5	0.194560669456067	2.16666666666667	3.4
3_19	3	FALSE	42	19	other	spk19_42.wav	203	1	1.52284598351	3	0.5	0.349372384937239	2.16666666666667	2.1
3_19	3	FALSE	53	19	other	spk19_53.wav	219	2	1.30403804779	3	0.5	0.416317991631799	2.16666666666667	2.1
3_19	3	FALSE	37	19	other	spk19_37.wav	138	1	1.07190299034	3	0.5	0.0774058577405857	2.16666666666667	2.1
3_19	3	FALSE	2	19	other	spk19_2.wav	150	1	1.08833289146	3	0.5	0.127615062761506	2.16666666666667	2.1
3_19	3	FALSE	4	19	other	spk19_4.wav	136	1	0.352165937424	3	0.5	0.0690376569037657	2.16666666666667	2.1
3_19	3	FALSE	13	19	other	spk19_13.wav	3	2	4.29673409462	3	0.5	-0.48744769874477	2.16666666666667	2.1
3_19	3	FALSE	31	19	other	spk19_31.wav	96	1	0.618967056274	3	0.5	-0.098326359832636	2.16666666666667	2.1
3_19	3	FALSE	7	19	other	spk19_7.wav	94	2	2.59231090546	3	0.5	-0.106694560669456	2.16666666666667	2.1
3_19	3	FALSE	3	19	other	spk19_3.wav	172	3	0.954707145691	3	0.5	0.219665271966527	2.16666666666667	2.1
3_19	3	FALSE	8	19	other	spk19_8.wav	165	2	0.68837594986	3	0.5	0.190376569037657	2.16666666666667	2.1
3_19	3	FALSE	12	19	other	spk19_12.wav	15	1	6.98653292656	3	0.5	-0.437238493723849	2.16666666666667	2.1
3_19	3	FALSE	20	19	other	spk19_20.wav	218	1	0.453648805618	3	0.5	0.412133891213389	2.16666666666667	2.1
3_19	3	FALSE	25	19	other	spk19_25.wav	176	1	0.97171497345	3	0.5	0.236401673640167	2.16666666666667	2.1
3_19	3	FALSE	26	19	other	spk19_26.wav	68	1	0.786896944046	3	0.5	-0.215481171548117	2.16666666666667	2.1
3_19	3	FALSE	5	19	other	spk19_5.wav	97	3	1.22243499756	3	0.5	-0.0941422594142259	2.16666666666667	2.1
3_19	3	FALSE	35	19	other	spk19_35.wav	143	1	0.704205989838	3	0.5	0.0983263598326359	2.16666666666667	2.1
3_19	3	FALSE	47	19	other	spk19_47.wav	19	2	3.81230401993	3	0.5	-0.420502092050209	2.16666666666667	2.1
3_19	3	FALSE	21	19	other	spk19_21.wav	145	1	0.920971870422	3	0.5	0.106694560669456	2.16666666666667	2.1
3_19	3	FALSE	29	19	other	spk19_29.wav	134	1	1.10521197319	3	0.5	0.0606694560669456	2.16666666666667	2.1
3_19	3	FALSE	59	19	other	spk19_59.wav	174	1	0.770133018494	3	0.5	0.228033472803347	2.16666666666667	2.1
3_19	3	FALSE	16	19	other	spk19_16.wav	107	3	0.570061206818	3	0.5	-0.0523012552301255	2.16666666666667	2.1
3_19	3	FALSE	6	19	other	spk19_6.wav	161	1	0.786307811737	3	0.5	0.173640167364017	2.16666666666667	2.1
3_19	3	FALSE	32	19	other	spk19_32.wav	1	2	3.90993309021	3	0.5	-0.49581589958159	2.16666666666667	2.1
3_19	3	FALSE	36	19	other	spk19_36.wav	216	1	0.821208953857	3	0.5	0.403765690376569	2.16666666666667	2.1
3_19	3	FALSE	28	19	other	spk19_28.wav	217	1	0.370103120804	3	0.5	0.407949790794979	2.16666666666667	2.1
3_19	3	FALSE	50	19	other	spk19_50.wav	153	1	0.687647104263	3	0.5	0.140167364016736	2.16666666666667	2.1
3_19	3	FALSE	49	19	other	spk19_49.wav	33	2	1.6548140049	3	0.5	-0.361924686192469	2.16666666666667	2.1
3_19	3	FALSE	52	19	other	spk19_52.wav	182	3	1.48802185059	3	0.5	0.261506276150628	2.16666666666667	2.1
3_19	3	FALSE	10	19	other	spk19_10.wav	48	1	1.2053539753	3	0.5	-0.299163179916318	2.16666666666667	2.1
3_19	3	FALSE	57	19	other	spk19_57.wav	10	3	6.75059103966	3	0.5	-0.4581589958159	2.16666666666667	2.1
3_19	3	FALSE	60	19	other	spk19_60.wav	170	2	1.27259016037	3	0.5	0.211297071129707	2.16666666666667	2.1
3_19	3	FALSE	22	19	other	spk19_22.wav	38	1	2.67595791817	3	0.5	-0.341004184100418	2.16666666666667	2.1
3_19	3	FALSE	56	19	other	spk19_56.wav	106	1	0.8190741539	3	0.5	-0.0564853556485356	2.16666666666667	2.1
3_19	3	FALSE	39	19	other	spk19_39.wav	40	1	0.718804121017	3	0.5	-0.332635983263598	2.16666666666667	2.1
3_19	3	FALSE	11	19	other	spk19_11.wav	227	1	1.64013314247	3	0.5	0.449790794979079	2.16666666666667	2.1
3_19	3	FALSE	41	19	other	spk19_41.wav	95	1	1.05272293091	3	0.5	-0.102510460251046	2.16666666666667	2.1
3_19	3	FALSE	17	19	other	spk19_17.wav	215	2	1.20462322235	3	0.5	0.399581589958159	2.16666666666667	2.1
3_19	3	FALSE	44	19	other	spk19_44.wav	231	1	0.602244853973	3	0.5	0.46652719665272	2.16666666666667	2.1
3_19	3	FALSE	30	19	other	spk19_30.wav	30	2	4.62939691544	3	0.5	-0.374476987447699	2.16666666666667	2.1
3_19	3	FALSE	9	19	other	spk19_9.wav	180	1	2.17470288277	3	0.5	0.253138075313807	2.16666666666667	2.1
3_19	3	FALSE	33	19	other	spk19_33.wav	6	2	3.36081504822	3	0.5	-0.47489539748954	2.16666666666667	2.1
3_19	3	FALSE	15	19	other	spk19_15.wav	154	1	1.33760213852	3	0.5	0.144351464435146	2.16666666666667	2.1
3_19	3	FALSE	40	19	other	spk19_40.wav	36	2	1.13866782188	3	0.5	-0.349372384937238	2.16666666666667	2.1
3_19	3	FALSE	43	19	other	spk19_43.wav	76	3	1.52326107025	3	0.5	-0.182008368200837	2.16666666666667	2.1
3_19	3	FALSE	18	19	other	spk19_18.wav	131	1	0.637322902679	3	0.5	0.0481171548117155	2.16666666666667	2.1
3_19	3	FALSE	51	19	other	spk19_51.wav	118	3	1.52135896683	3	0.5	-0.00627615062761505	2.16666666666667	2.1
3_19	3	FALSE	48	19	other	spk19_48.wav	12	1	3.20827817917	3	0.5	-0.449790794979079	2.16666666666667	2.1
3_19	3	FALSE	23	19	other	spk19_23.wav	120	1	1.95755887032	3	0.5	0.002092050209205	2.16666666666667	2.1
3_19	3	FALSE	34	19	other	spk19_34.wav	159	2	0.936455011368	3	0.5	0.165271966527197	2.16666666666667	2.1
3_19	3	FALSE	24	19	other	spk19_24.wav	193	1	0.78763794899	3	0.5	0.307531380753138	2.16666666666667	2.1
3_19	3	FALSE	14	19	other	spk19_14.wav	86	3	1.88831090927	3	0.5	-0.140167364016736	2.16666666666667	2.1
3_19	3	FALSE	46	19	other	spk19_46.wav	128	1	2.20828199387	3	0.5	0.0355648535564853	2.16666666666667	2.1
3_19	3	FALSE	45	19	other	spk19_45.wav	233	3	2.19041895866	3	0.5	0.47489539748954	2.16666666666667	2.1
3_19	3	FALSE	38	19	other	spk19_38.wav	226	2	0.855105876923	3	0.5	0.445606694560669	2.16666666666667	2.1
3_19	3	FALSE	55	19	other	spk19_55.wav	167	2	1.67167592049	3	0.5	0.198744769874477	2.16666666666667	2.1
3_19	3	FALSE	58	19	other	spk19_58.wav	146	2	2.02439594269	3	0.5	0.110878661087866	2.16666666666667	2.1
3_19	3	FALSE	54	19	other	spk19_54.wav	88	2	2.35732603073	3	0.5	-0.131799163179916	2.16666666666667	2.1
3_19	3	FALSE	19	19	other	spk19_19.wav	117	3	0.971284151077	3	0.5	-0.0104602510460251	2.16666666666667	2.1
3_19	3	FALSE	1	19	other	spk19_1.wav	173	1	0.318987131119	3	0.5	0.223849372384937	2.16666666666667	2.1
3_19	3	FALSE	27	19	other	spk19_27.wav	105	1	0.20379781723	3	0.5	-0.0606694560669456	2.16666666666667	2.1
3_3	3	FALSE	29	3	self	spk3_29.wav	125	2	2.9090628624	3	-0.5	0.0230125523012552	2.16666666666667	1.5
3_3	3	FALSE	17	3	self	spk3_17.wav	18	2	1.79044103622	3	-0.5	-0.424686192468619	2.16666666666667	1.5
3_3	3	FALSE	51	3	self	spk3_51.wav	83	2	2.72595906258	3	-0.5	-0.152719665271967	2.16666666666667	1.5
3_3	3	FALSE	10	3	self	spk3_10.wav	213	2	2.23972201347	3	-0.5	0.391213389121339	2.16666666666667	1.5
3_3	3	FALSE	55	3	self	spk3_55.wav	2	4	5.21560811996	3	-0.5	-0.49163179916318	2.16666666666667	1.5
3_3	3	FALSE	25	3	self	spk3_25.wav	63	1	2.35740399361	3	-0.5	-0.236401673640167	2.16666666666667	1.5
3_3	3	FALSE	20	3	self	spk3_20.wav	69	1	2.70899891853	3	-0.5	-0.211297071129707	2.16666666666667	1.5
3_3	3	FALSE	52	3	self	spk3_52.wav	21	4	1.00528097153	3	-0.5	-0.412133891213389	2.16666666666667	1.5
3_3	3	FALSE	50	3	self	spk3_50.wav	57	2	4.01030516624	3	-0.5	-0.261506276150628	2.16666666666667	1.5
3_3	3	FALSE	3	3	self	spk3_3.wav	229	2	1.40642404556	3	-0.5	0.4581589958159	2.16666666666667	1.5
3_3	3	FALSE	54	3	self	spk3_54.wav	171	2	0.91999912262	3	-0.5	0.215481171548117	2.16666666666667	1.5
3_3	3	FALSE	6	3	self	spk3_6.wav	132	2	3.27728009224	3	-0.5	0.0523012552301255	2.16666666666667	1.5
3_3	3	FALSE	5	3	self	spk3_5.wav	61	2	3.76307702065	3	-0.5	-0.244769874476987	2.16666666666667	1.5
3_3	3	FALSE	1	3	self	spk3_1.wav	178	3	0.754688024521	3	-0.5	0.244769874476987	2.16666666666667	1.5
3_3	3	FALSE	36	3	self	spk3_36.wav	162	2	2.65907502174	3	-0.5	0.177824267782427	2.16666666666667	1.5
3_3	3	FALSE	56	3	self	spk3_56.wav	42	2	1.40640306473	3	-0.5	-0.324267782426778	2.16666666666667	1.5
3_3	3	FALSE	31	3	self	spk3_31.wav	137	1	1.73842191696	3	-0.5	0.0732217573221757	2.16666666666667	1.5
3_3	3	FALSE	22	3	self	spk3_22.wav	22	3	4.32838582993	3	-0.5	-0.407949790794979	2.16666666666667	1.5
3_3	3	FALSE	30	3	self	spk3_30.wav	192	3	1.80562806129	3	-0.5	0.303347280334728	2.16666666666667	1.5
3_3	3	FALSE	11	3	self	spk3_11.wav	110	3	1.27246999741	3	-0.5	-0.0397489539748954	2.16666666666667	1.5
3_3	3	FALSE	13	3	self	spk3_13.wav	168	2	0.853312969208	3	-0.5	0.202928870292887	2.16666666666667	1.5
3_3	3	FALSE	45	3	self	spk3_45.wav	29	1	1.68762683868	3	-0.5	-0.378661087866109	2.16666666666667	1.5
3_3	3	FALSE	39	3	self	spk3_39.wav	74	1	0.720665216446	3	-0.5	-0.190376569037657	2.16666666666667	1.5
3_3	3	FALSE	35	3	self	spk3_35.wav	116	1	0.887876033783	3	-0.5	-0.0146443514644352	2.16666666666667	1.5
3_3	3	FALSE	24	3	self	spk3_24.wav	157	3	1.15484499931	3	-0.5	0.156903765690377	2.16666666666667	1.5
3_3	3	FALSE	19	3	self	spk3_19.wav	222	2	0.685122013092	3	-0.5	0.428870292887029	2.16666666666667	1.5
3_3	3	FALSE	48	3	self	spk3_48.wav	149	2	1.25558900833	3	-0.5	0.123430962343096	2.16666666666667	1.5
3_3	3	FALSE	26	3	self	spk3_26.wav	13	1	1.38810110092	3	-0.5	-0.445606694560669	2.16666666666667	1.5
3_3	3	FALSE	14	3	self	spk3_14.wav	188	3	2.32488298416	3	-0.5	0.286610878661088	2.16666666666667	1.5
3_3	3	FALSE	43	3	self	spk3_43.wav	109	2	2.85895490646	3	-0.5	-0.0439330543933054	2.16666666666667	1.5
3_3	3	FALSE	9	3	self	spk3_9.wav	163	3	1.65654087067	3	-0.5	0.182008368200837	2.16666666666667	1.5
3_3	3	FALSE	53	3	self	spk3_53.wav	190	2	1.40614008904	3	-0.5	0.294979079497908	2.16666666666667	1.5
3_3	3	FALSE	58	3	self	spk3_58.wav	230	2	2.30770277977	3	-0.5	0.46234309623431	2.16666666666667	1.5
3_3	3	FALSE	49	3	self	spk3_49.wav	59	2	3.22742700577	3	-0.5	-0.253138075313807	2.16666666666667	1.5
3_3	3	FALSE	28	3	self	spk3_28.wav	155	2	2.55741810799	3	-0.5	0.148535564853556	2.16666666666667	1.5
3_3	3	FALSE	47	3	self	spk3_47.wav	208	3	1.59041190147	3	-0.5	0.370292887029289	2.16666666666667	1.5
3_3	3	FALSE	33	3	self	spk3_33.wav	169	2	0.804607868195	3	-0.5	0.207112970711297	2.16666666666667	1.5
3_3	3	FALSE	12	3	self	spk3_12.wav	9	1	4.39567708969	3	-0.5	-0.46234309623431	2.16666666666667	1.5
3_3	3	FALSE	2	3	self	spk3_2.wav	51	1	0.953672885895	3	-0.5	-0.286610878661088	2.16666666666667	1.5
3_3	3	FALSE	60	3	self	spk3_60.wav	54	3	4.41359210014	3	-0.5	-0.274058577405858	2.16666666666667	1.5
3_3	3	FALSE	42	3	self	spk3_42.wav	67	2	5.78376698494	3	-0.5	-0.219665271966527	2.16666666666667	1.5
3_3	3	FALSE	59	3	self	spk3_59.wav	121	2	3.92905902863	3	-0.5	0.00627615062761511	2.16666666666667	1.5
3_3	3	FALSE	32	3	self	spk3_32.wav	202	3	0.904613018036	3	-0.5	0.345188284518828	2.16666666666667	1.5
3_3	3	FALSE	41	3	self	spk3_41.wav	55	3	5.29910898209	3	-0.5	-0.269874476987448	2.16666666666667	1.5
3_3	3	FALSE	46	3	self	spk3_46.wav	212	2	0.70175409317	3	-0.5	0.387029288702929	2.16666666666667	1.5
3_3	3	FALSE	15	3	self	spk3_15.wav	79	2	2.54225802422	3	-0.5	-0.169456066945607	2.16666666666667	1.5
3_3	3	FALSE	57	3	self	spk3_57.wav	32	2	1.12216615677	3	-0.5	-0.366108786610879	2.16666666666667	1.5
3_3	3	FALSE	18	3	self	spk3_18.wav	220	3	0.754420042038	3	-0.5	0.420502092050209	2.16666666666667	1.5
3_3	3	FALSE	34	3	self	spk3_34.wav	112	1	1.95706987381	3	-0.5	-0.0313807531380753	2.16666666666667	1.5
3_3	3	FALSE	40	3	self	spk3_40.wav	24	3	5.85069799423	3	-0.5	-0.399581589958159	2.16666666666667	1.5
3_3	3	FALSE	38	3	self	spk3_38.wav	156	2	3.01021718979	3	-0.5	0.152719665271967	2.16666666666667	1.5
3_3	3	FALSE	37	3	self	spk3_37.wav	90	2	3.60916185379	3	-0.5	-0.123430962343096	2.16666666666667	1.5
3_3	3	FALSE	7	3	self	spk3_7.wav	197	2	2.27483391762	3	-0.5	0.324267782426778	2.16666666666667	1.5
3_3	3	FALSE	27	3	self	spk3_27.wav	210	1	0.986946105957	3	-0.5	0.378661087866109	2.16666666666667	1.5
3_3	3	FALSE	16	3	self	spk3_16.wav	53	4	3.82652401924	3	-0.5	-0.278242677824268	2.16666666666667	1.5
3_3	3	FALSE	44	3	self	spk3_44.wav	201	2	1.13889288902	3	-0.5	0.341004184100418	2.16666666666667	1.5
3_3	3	FALSE	8	3	self	spk3_8.wav	93	1	0.972330093384	3	-0.5	-0.110878661087866	2.16666666666667	1.5
3_3	3	FALSE	21	3	self	spk3_21.wav	26	4	6.30148792267	3	-0.5	-0.391213389121339	2.16666666666667	1.5
3_3	3	FALSE	23	3	self	spk3_23.wav	237	2	4.47922301292	3	-0.5	0.49163179916318	2.16666666666667	1.5
3_3	3	FALSE	4	3	self	spk3_4.wav	187	1	1.50390791893	3	-0.5	0.282426778242678	2.16666666666667	1.5
3_6	3	FALSE	39	6	other	spk6_39.wav	4	2	4.94821286201	3	0.5	-0.48326359832636	2.16666666666667	5.5
3_6	3	FALSE	46	6	other	spk6_46.wav	139	4	1.8573141098	3	0.5	0.0815899581589958	2.16666666666667	5.5
3_6	3	FALSE	25	6	other	spk6_25.wav	102	1	1.43808102608	3	0.5	-0.0732217573221757	2.16666666666667	5.5
3_6	3	FALSE	16	6	other	spk6_16.wav	23	3	4.14646983147	3	0.5	-0.403765690376569	2.16666666666667	5.5
3_6	3	FALSE	34	6	other	spk6_34.wav	124	2	5.03187918663	3	0.5	0.0188284518828452	2.16666666666667	5.5
3_6	3	FALSE	26	6	other	spk6_26.wav	164	3	1.53993201256	3	0.5	0.186192468619247	2.16666666666667	5.5
3_6	3	FALSE	32	6	other	spk6_32.wav	152	3	1.1374900341	3	0.5	0.135983263598326	2.16666666666667	5.5
3_6	3	FALSE	41	6	other	spk6_41.wav	179	3	1.18796181679	3	0.5	0.248953974895398	2.16666666666667	5.5
3_6	3	FALSE	8	6	other	spk6_8.wav	135	4	1.10499405861	3	0.5	0.0648535564853556	2.16666666666667	5.5
3_6	3	FALSE	21	6	other	spk6_21.wav	20	4	1.00490808487	3	0.5	-0.416317991631799	2.16666666666667	5.5
3_6	3	FALSE	13	6	other	spk6_13.wav	142	4	0.169517993927	3	0.5	0.0941422594142259	2.16666666666667	5.5
3_6	3	FALSE	11	6	other	spk6_11.wav	104	4	0.535609006882	3	0.5	-0.0648535564853556	2.16666666666667	5.5
3_6	3	FALSE	42	6	other	spk6_42.wav	71	1	1.92449593544	3	0.5	-0.202928870292887	2.16666666666667	5.5
3_6	3	FALSE	20	6	other	spk6_20.wav	28	3	6.18474602699	3	0.5	-0.382845188284519	2.16666666666667	5.5
3_6	3	FALSE	18	6	other	spk6_18.wav	16	4	1.05405306816	3	0.5	-0.433054393305439	2.16666666666667	5.5
3_6	3	FALSE	50	6	other	spk6_50.wav	44	2	4.39675188065	3	0.5	-0.315899581589958	2.16666666666667	5.5
3_6	3	FALSE	35	6	other	spk6_35.wav	183	5	1.40384721756	3	0.5	0.265690376569038	2.16666666666667	5.5
3_6	3	FALSE	4	6	other	spk6_4.wav	46	2	4.07758498192	3	0.5	-0.307531380753138	2.16666666666667	5.5
3_6	3	FALSE	49	6	other	spk6_49.wav	194	5	2.25676107407	3	0.5	0.311715481171548	2.16666666666667	5.5
3_6	3	FALSE	43	6	other	spk6_43.wav	34	2	2.99189209938	3	0.5	-0.357740585774059	2.16666666666667	5.5
3_6	3	FALSE	59	6	other	spk6_59.wav	160	3	0.752680063248	3	0.5	0.169456066945607	2.16666666666667	5.5
3_6	3	FALSE	47	6	other	spk6_47.wav	148	5	2.5086081028	3	0.5	0.119246861924686	2.16666666666667	5.5
3_6	3	FALSE	55	6	other	spk6_55.wav	41	5	2.87618112564	3	0.5	-0.328451882845188	2.16666666666667	5.5
3_6	3	FALSE	9	6	other	spk6_9.wav	43	4	3.22714281082	3	0.5	-0.320083682008368	2.16666666666667	5.5
3_6	3	FALSE	33	6	other	spk6_33.wav	58	2	1.59019708633	3	0.5	-0.257322175732218	2.16666666666667	5.5
3_6	3	FALSE	52	6	other	spk6_52.wav	84	3	0.853577136993	3	0.5	-0.148535564853557	2.16666666666667	5.5
3_6	3	FALSE	14	6	other	spk6_14.wav	206	4	0.635596990585	3	0.5	0.361924686192469	2.16666666666667	5.5
3_6	3	FALSE	5	6	other	spk6_5.wav	207	3	0.986120939255	3	0.5	0.366108786610879	2.16666666666667	5.5
3_6	3	FALSE	15	6	other	spk6_15.wav	47	3	3.37660694122	3	0.5	-0.303347280334728	2.16666666666667	5.5
3_6	3	FALSE	40	6	other	spk6_40.wav	129	3	4.68120312691	3	0.5	0.0397489539748954	2.16666666666667	5.5
3_6	3	FALSE	54	6	other	spk6_54.wav	144	3	1.33949303627	3	0.5	0.102510460251046	2.16666666666667	5.5
3_6	3	FALSE	10	6	other	spk6_10.wav	37	3	7.53775382042	3	0.5	-0.345188284518828	2.16666666666667	5.5
3_6	3	FALSE	31	6	other	spk6_31.wav	11	2	6.11553883553	3	0.5	-0.45397489539749	2.16666666666667	5.5
3_6	3	FALSE	22	6	other	spk6_22.wav	92	1	0.353360891342	3	0.5	-0.115062761506276	2.16666666666667	5.5
3_6	3	FALSE	6	6	other	spk6_6.wav	214	6	0.787373065948	3	0.5	0.395397489539749	2.16666666666667	5.5
3_6	3	FALSE	56	6	other	spk6_56.wav	175	4	0.887367963791	3	0.5	0.232217573221757	2.16666666666667	5.5
3_6	3	FALSE	3	6	other	spk6_3.wav	56	1	2.25846600533	3	0.5	-0.265690376569038	2.16666666666667	5.5
3_6	3	FALSE	12	6	other	spk6_12.wav	204	5	1.28995990753	3	0.5	0.353556485355649	2.16666666666667	5.5
3_6	3	FALSE	2	6	other	spk6_2.wav	17	4	3.2434360981	3	0.5	-0.428870292887029	2.16666666666667	5.5
3_6	3	FALSE	53	6	other	spk6_53.wav	98	3	2.92697501183	3	0.5	-0.0899581589958159	2.16666666666667	5.5
3_6	3	FALSE	60	6	other	spk6_60.wav	140	4	0.838615894318	3	0.5	0.0857740585774058	2.16666666666667	5.5
3_6	3	FALSE	7	6	other	spk6_7.wav	181	3	2.91009116173	3	0.5	0.257322175732218	2.16666666666667	5.5
3_6	3	FALSE	17	6	other	spk6_17.wav	101	1	0.636785030365	3	0.5	-0.0774058577405858	2.16666666666667	5.5
3_6	3	FALSE	45	6	other	spk6_45.wav	223	4	0.819579124451	3	0.5	0.433054393305439	2.16666666666667	5.5
3_6	3	FALSE	37	6	other	spk6_37.wav	50	3	7.26951503754	3	0.5	-0.290794979079498	2.16666666666667	5.5
3_6	3	FALSE	23	6	other	spk6_23.wav	225	5	1.7738931179	3	0.5	0.441422594142259	2.16666666666667	5.5
3_6	3	FALSE	19	6	other	spk6_19.wav	65	1	4.17929697037	3	0.5	-0.228033472803347	2.16666666666667	5.5
3_6	3	FALSE	24	6	other	spk6_24.wav	66	3	4.66404795647	3	0.5	-0.223849372384937	2.16666666666667	5.5
3_6	3	FALSE	27	6	other	spk6_27.wav	228	3	0.402024030685	3	0.5	0.45397489539749	2.16666666666667	5.5
3_6	3	FALSE	51	6	other	spk6_51.wav	108	4	0.869130849838	3	0.5	-0.0481171548117155	2.16666666666667	5.5
3_6	3	FALSE	44	6	other	spk6_44.wav	177	4	0.688138008118	3	0.5	0.240585774058577	2.16666666666667	5.5
3_6	3	FALSE	38	6	other	spk6_38.wav	70	3	1.8245100975	3	0.5	-0.207112970711297	2.16666666666667	5.5
3_6	3	FALSE	58	6	other	spk6_58.wav	232	1	0.92205619812	3	0.5	0.47071129707113	2.16666666666667	5.5
3_6	3	FALSE	48	6	other	spk6_48.wav	73	4	2.39194107056	3	0.5	-0.194560669456067	2.16666666666667	5.5
3_6	3	FALSE	28	6	other	spk6_28.wav	113	2	1.59017801285	3	0.5	-0.0271966527196653	2.16666666666667	5.5
3_6	3	FALSE	30	6	other	spk6_30.wav	114	2	2.03941702843	3	0.5	-0.0230125523012552	2.16666666666667	5.5
3_6	3	FALSE	1	6	other	spk6_1.wav	236	4	0.90468621254	3	0.5	0.48744769874477	2.16666666666667	5.5
3_6	3	FALSE	36	6	other	spk6_36.wav	224	5	1.53814291954	3	0.5	0.437238493723849	2.16666666666667	5.5
3_6	3	FALSE	57	6	other	spk6_57.wav	198	5	0.434271097183	3	0.5	0.328451882845188	2.16666666666667	5.5
3_6	3	FALSE	29	6	other	spk6_29.wav	239	5	1.74081206322	3	0.5	0.5	2.16666666666667	5.5
4_1	4	E	16	1	other	spk1_16.wav	0	1	1.3391289711	4	0.5	-0.5	-0.533333333333333	4.4
4_1	4	E	54	1	other	spk1_54.wav	1	1	1.92206692696	4	0.5	-0.49581589958159	-0.533333333333333	4.4
4_1	4	E	29	1	other	spk1_29.wav	163	2	0.804723978043	4	0.5	0.182008368200837	-0.533333333333333	4.4
4_1	4	E	20	1	other	spk1_20.wav	124	2	1.25638699532	4	0.5	0.0188284518828452	-0.533333333333333	4.4
4_1	4	E	36	1	other	spk1_36.wav	44	3	0.387373924255	4	0.5	-0.315899581589958	-0.533333333333333	4.4
4_1	4	E	39	1	other	spk1_39.wav	5	1	0.969907999039	4	0.5	-0.47907949790795	-0.533333333333333	4.4
4_1	4	E	38	1	other	spk1_38.wav	220	2	0.821682929993	4	0.5	0.420502092050209	-0.533333333333333	4.4
4_1	4	E	46	1	other	spk1_46.wav	208	2	0.570339918137	4	0.5	0.370292887029289	-0.533333333333333	4.4
4_1	4	E	25	1	other	spk1_25.wav	169	2	1.37326097488	4	0.5	0.207112970711297	-0.533333333333333	4.4
4_1	4	E	50	1	other	spk1_50.wav	9	1	0.737338066101	4	0.5	-0.46234309623431	-0.533333333333333	4.4
4_1	4	E	8	1	other	spk1_8.wav	10	1	1.05269789696	4	0.5	-0.4581589958159	-0.533333333333333	4.4
4_1	4	E	3	1	other	spk1_3.wav	132	2	0.872017860413	4	0.5	0.0523012552301255	-0.533333333333333	4.4
4_1	4	E	7	1	other	spk1_7.wav	133	1	0.972023963928	4	0.5	0.0564853556485355	-0.533333333333333	4.4
4_1	4	E	58	1	other	spk1_58.wav	39	2	1.72202205658	4	0.5	-0.336820083682008	-0.533333333333333	4.4
4_1	4	E	57	1	other	spk1_57.wav	54	2	0.419229030609	4	0.5	-0.274058577405858	-0.533333333333333	4.4
4_1	4	E	22	1	other	spk1_22.wav	15	2	0.651898145676	4	0.5	-0.437238493723849	-0.533333333333333	4.4
4_1	4	E	47	1	other	spk1_47.wav	136	1	0.852284908295	4	0.5	0.0690376569037657	-0.533333333333333	4.4
4_1	4	E	18	1	other	spk1_18.wav	17	1	1.68911600113	4	0.5	-0.428870292887029	-0.533333333333333	4.4
4_1	4	E	1	1	other	spk1_1.wav	58	2	0.554713964462	4	0.5	-0.257322175732218	-0.533333333333333	4.4
4_1	4	E	42	1	other	spk1_42.wav	164	1	1.28816485405	4	0.5	0.186192468619247	-0.533333333333333	4.4
4_1	4	E	14	1	other	spk1_14.wav	113	2	0.487859964371	4	0.5	-0.0271966527196653	-0.533333333333333	4.4
4_1	4	E	40	1	other	spk1_40.wav	21	3	1.90692710876	4	0.5	-0.412133891213389	-0.533333333333333	4.4
4_1	4	E	31	1	other	spk1_31.wav	143	2	0.855203866959	4	0.5	0.0983263598326359	-0.533333333333333	4.4
4_1	4	E	49	1	other	spk1_49.wav	144	1	1.27237200737	4	0.5	0.102510460251046	-0.533333333333333	4.4
4_1	4	E	56	1	other	spk1_56.wav	24	2	2.37471294403	4	0.5	-0.399581589958159	-0.533333333333333	4.4
4_1	4	E	9	1	other	spk1_9.wav	105	2	0.32067489624	4	0.5	-0.0606694560669456	-0.533333333333333	4.4
4_1	4	E	2	1	other	spk1_2.wav	131	2	2.19079089165	4	0.5	0.0481171548117155	-0.533333333333333	4.4
4_1	4	E	51	1	other	spk1_51.wav	188	2	0.152781009674	4	0.5	0.286610878661088	-0.533333333333333	4.4
4_1	4	E	26	1	other	spk1_26.wav	149	2	0.670562982559	4	0.5	0.123430962343096	-0.533333333333333	4.4
4_1	4	E	32	1	other	spk1_32.wav	230	2	1.43919301033	4	0.5	0.46234309623431	-0.533333333333333	4.4
4_1	4	E	21	1	other	spk1_21.wav	70	2	1.23949980736	4	0.5	-0.207112970711297	-0.533333333333333	4.4
4_1	4	E	41	1	other	spk1_41.wav	84	2	0.303754806519	4	0.5	-0.148535564853557	-0.533333333333333	4.4
4_1	4	E	59	1	other	spk1_59.wav	237	2	0.988145828247	4	0.5	0.49163179916318	-0.533333333333333	4.4
4_1	4	E	11	1	other	spk1_11.wav	77	1	0.285357952118	4	0.5	-0.177824267782427	-0.533333333333333	4.4
4_1	4	E	55	1	other	spk1_55.wav	114	2	0.988778114319	4	0.5	-0.0230125523012552	-0.533333333333333	4.4
4_1	4	E	5	1	other	spk1_5.wav	88	2	1.54007482529	4	0.5	-0.131799163179916	-0.533333333333333	4.4
4_1	4	E	52	1	other	spk1_52.wav	80	2	0.618525981903	4	0.5	-0.165271966527197	-0.533333333333333	4.4
4_1	4	E	15	1	other	spk1_15.wav	162	2	3.11126089096	4	0.5	0.177824267782427	-0.533333333333333	4.4
4_1	4	E	13	1	other	spk1_13.wav	199	2	0.570671081543	4	0.5	0.332635983263598	-0.533333333333333	4.4
4_1	4	E	17	1	other	spk1_17.wav	43	2	0.535240888596	4	0.5	-0.320083682008368	-0.533333333333333	4.4
4_1	4	E	53	1	other	spk1_53.wav	218	2	1.23682808876	4	0.5	0.412133891213389	-0.533333333333333	4.4
4_1	4	E	33	1	other	spk1_33.wav	170	2	0.488255023956	4	0.5	0.211297071129707	-0.533333333333333	4.4
4_1	4	E	19	1	other	spk1_19.wav	176	2	0.754390001297	4	0.5	0.236401673640167	-0.533333333333333	4.4
4_1	4	E	10	1	other	spk1_10.wav	51	2	0.904546022415	4	0.5	-0.286610878661088	-0.533333333333333	4.4
4_1	4	E	28	1	other	spk1_28.wav	101	2	0.369869947433	4	0.5	-0.0774058577405858	-0.533333333333333	4.4
4_1	4	E	48	1	other	spk1_48.wav	79	2	0.855221986771	4	0.5	-0.169456066945607	-0.533333333333333	4.4
4_1	4	E	4	1	other	spk1_4.wav	171	2	0.186377048492	4	0.5	0.215481171548117	-0.533333333333333	4.4
4_1	4	E	23	1	other	spk1_23.wav	108	2	0.353803873062	4	0.5	-0.0481171548117155	-0.533333333333333	4.4
4_1	4	E	27	1	other	spk1_27.wav	225	2	0.353407144547	4	0.5	0.441422594142259	-0.533333333333333	4.4
4_1	4	E	37	1	other	spk1_37.wav	204	2	0.553791046143	4	0.5	0.353556485355649	-0.533333333333333	4.4
4_1	4	E	24	1	other	spk1_24.wav	94	2	1.37245607376	4	0.5	-0.106694560669456	-0.533333333333333	4.4
4_1	4	E	45	1	other	spk1_45.wav	63	2	0.0355610847473	4	0.5	-0.236401673640167	-0.533333333333333	4.4
4_1	4	E	30	1	other	spk1_30.wav	209	3	1.25544214249	4	0.5	0.374476987447699	-0.533333333333333	4.4
4_1	4	E	12	1	other	spk1_12.wav	234	1	0.571145057678	4	0.5	0.47907949790795	-0.533333333333333	4.4
4_1	4	E	35	1	other	spk1_35.wav	223	2	0.503397941589	4	0.5	0.433054393305439	-0.533333333333333	4.4
4_1	4	E	34	1	other	spk1_34.wav	103	2	0.520900964737	4	0.5	-0.0690376569037657	-0.533333333333333	4.4
4_1	4	E	6	1	other	spk1_6.wav	238	2	0.134090900421	4	0.5	0.49581589958159	-0.533333333333333	4.4
4_1	4	E	43	1	other	spk1_43.wav	211	3	1.58731603622	4	0.5	0.382845188284519	-0.533333333333333	4.4
4_1	4	E	44	1	other	spk1_44.wav	142	1	0.668485879898	4	0.5	0.0941422594142259	-0.533333333333333	4.4
4_1	4	E	60	1	other	spk1_60.wav	90	2	0.836335897446	4	0.5	-0.123430962343096	-0.533333333333333	4.4
4_15	4	E	39	15	other	spk15_39.wav	207	1	0.568352937698	4	0.5	0.366108786610879	-0.533333333333333	3.3
4_15	4	E	28	15	other	spk15_28.wav	126	1	0.303154945374	4	0.5	0.0271966527196653	-0.533333333333333	3.3
4_15	4	E	27	15	other	spk15_27.wav	189	1	0.453348875046	4	0.5	0.290794979079498	-0.533333333333333	3.3
4_15	4	E	10	15	other	spk15_10.wav	81	1	1.17058396339	4	0.5	-0.161087866108787	-0.533333333333333	3.3
4_15	4	E	35	15	other	spk15_35.wav	98	1	0.469996929169	4	0.5	-0.0899581589958159	-0.533333333333333	3.3
4_15	4	E	3	15	other	spk15_3.wav	166	1	2.00760102272	4	0.5	0.194560669456067	-0.533333333333333	3.3
4_15	4	E	19	15	other	spk15_19.wav	45	2	1.45413088799	4	0.5	-0.311715481171548	-0.533333333333333	3.3
4_15	4	E	55	15	other	spk15_55.wav	12	1	0.77077293396	4	0.5	-0.449790794979079	-0.533333333333333	3.3
4_15	4	E	21	15	other	spk15_21.wav	40	1	2.17362499237	4	0.5	-0.332635983263598	-0.533333333333333	3.3
4_15	4	E	59	15	other	spk15_59.wav	121	1	0.619628190994	4	0.5	0.00627615062761511	-0.533333333333333	3.3
4_15	4	E	49	15	other	spk15_49.wav	112	3	1.97163701057	4	0.5	-0.0313807531380753	-0.533333333333333	3.3
4_15	4	E	40	15	other	spk15_40.wav	177	2	0.870319128036	4	0.5	0.240585774058577	-0.533333333333333	3.3
4_15	4	E	34	15	other	spk15_34.wav	147	1	0.518523931503	4	0.5	0.115062761506276	-0.533333333333333	3.3
4_15	4	E	2	15	other	spk15_2.wav	193	1	0.286377906799	4	0.5	0.307531380753138	-0.533333333333333	3.3
4_15	4	E	13	15	other	spk15_13.wav	14	1	0.837610006332	4	0.5	-0.441422594142259	-0.533333333333333	3.3
4_15	4	E	17	15	other	spk15_17.wav	59	1	2.82619404793	4	0.5	-0.253138075313807	-0.533333333333333	3.3
4_15	4	E	52	15	other	spk15_52.wav	29	1	0.770483016968	4	0.5	-0.378661087866109	-0.533333333333333	3.3
4_15	4	E	33	15	other	spk15_33.wav	106	2	0.250810861588	4	0.5	-0.0564853556485356	-0.533333333333333	3.3
4_15	4	E	6	15	other	spk15_6.wav	192	1	0.519956827164	4	0.5	0.303347280334728	-0.533333333333333	3.3
4_15	4	E	22	15	other	spk15_22.wav	202	1	0.620172977448	4	0.5	0.345188284518828	-0.533333333333333	3.3
4_15	4	E	43	15	other	spk15_43.wav	206	1	0.453856945038	4	0.5	0.361924686192469	-0.533333333333333	3.3
4_15	4	E	42	15	other	spk15_42.wav	85	1	0.402773141861	4	0.5	-0.144351464435146	-0.533333333333333	3.3
4_15	4	E	58	15	other	spk15_58.wav	36	1	1.28926515579	4	0.5	-0.349372384937238	-0.533333333333333	3.3
4_15	4	E	56	15	other	spk15_56.wav	138	1	0.721425056458	4	0.5	0.0774058577405857	-0.533333333333333	3.3
4_15	4	E	9	15	other	spk15_9.wav	53	1	0.551545143127	4	0.5	-0.278242677824268	-0.533333333333333	3.3
4_15	4	E	30	15	other	spk15_30.wav	38	2	3.22703409195	4	0.5	-0.341004184100418	-0.533333333333333	3.3
4_15	4	E	44	15	other	spk15_44.wav	172	1	0.319730043411	4	0.5	0.219665271966527	-0.533333333333333	3.3
4_15	4	E	47	15	other	spk15_47.wav	228	1	1.03760695457	4	0.5	0.45397489539749	-0.533333333333333	3.3
4_15	4	E	53	15	other	spk15_53.wav	148	1	0.687757015228	4	0.5	0.119246861924686	-0.533333333333333	3.3
4_15	4	E	7	15	other	spk15_7.wav	215	1	1.87347006798	4	0.5	0.399581589958159	-0.533333333333333	3.3
4_15	4	E	20	15	other	spk15_20.wav	42	1	1.83966112137	4	0.5	-0.324267782426778	-0.533333333333333	3.3
4_15	4	E	36	15	other	spk15_36.wav	3	1	1.35585784912	4	0.5	-0.48744769874477	-0.533333333333333	3.3
4_15	4	E	48	15	other	spk15_48.wav	191	1	1.94160413742	4	0.5	0.299163179916318	-0.533333333333333	3.3
4_15	4	E	25	15	other	spk15_25.wav	146	1	1.15429592133	4	0.5	0.110878661087866	-0.533333333333333	3.3
4_15	4	E	41	15	other	spk15_41.wav	182	1	0.303256034851	4	0.5	0.261506276150628	-0.533333333333333	3.3
4_15	4	E	32	15	other	spk15_32.wav	210	2	1.35549116135	4	0.5	0.378661087866109	-0.533333333333333	3.3
4_15	4	E	60	15	other	spk15_60.wav	196	1	0.82101893425	4	0.5	0.320083682008368	-0.533333333333333	3.3
4_15	4	E	57	15	other	spk15_57.wav	161	1	0.670469999313	4	0.5	0.173640167364017	-0.533333333333333	3.3
4_15	4	E	4	15	other	spk15_4.wav	11	1	0.520089149475	4	0.5	-0.45397489539749	-0.533333333333333	3.3
4_15	4	E	26	15	other	spk15_26.wav	50	1	0.9871571064	4	0.5	-0.290794979079498	-0.533333333333333	3.3
4_15	4	E	18	15	other	spk15_18.wav	200	1	0.119363069534	4	0.5	0.336820083682008	-0.533333333333333	3.3
4_15	4	E	45	15	other	spk15_45.wav	48	1	2.30881881714	4	0.5	-0.299163179916318	-0.533333333333333	3.3
4_15	4	E	14	15	other	spk15_14.wav	67	2	1.87423610687	4	0.5	-0.219665271966527	-0.533333333333333	3.3
4_15	4	E	23	15	other	spk15_23.wav	55	1	2.39027500153	4	0.5	-0.269874476987448	-0.533333333333333	3.3
4_15	4	E	11	15	other	spk15_11.wav	96	2	0.386478900909	4	0.5	-0.098326359832636	-0.533333333333333	3.3
4_15	4	E	1	15	other	spk15_1.wav	212	1	2.52470397949	4	0.5	0.387029288702929	-0.533333333333333	3.3
4_15	4	E	29	15	other	spk15_29.wav	157	1	1.75691413879	4	0.5	0.156903765690377	-0.533333333333333	3.3
4_15	4	E	24	15	other	spk15_24.wav	99	1	0.620692968369	4	0.5	-0.0857740585774058	-0.533333333333333	3.3
4_15	4	E	5	15	other	spk15_5.wav	75	1	0.386654138565	4	0.5	-0.186192468619247	-0.533333333333333	3.3
4_15	4	E	38	15	other	spk15_38.wav	216	1	0.520097017288	4	0.5	0.403765690376569	-0.533333333333333	3.3
4_15	4	E	31	15	other	spk15_31.wav	155	1	0.185809850693	4	0.5	0.148535564853556	-0.533333333333333	3.3
4_15	4	E	12	15	other	spk15_12.wav	145	1	0.869574069977	4	0.5	0.106694560669456	-0.533333333333333	3.3
4_15	4	E	15	15	other	spk15_15.wav	91	1	0.637789011002	4	0.5	-0.119246861924686	-0.533333333333333	3.3
4_15	4	E	46	15	other	spk15_46.wav	181	1	0.319500923157	4	0.5	0.257322175732218	-0.533333333333333	3.3
4_15	4	E	54	15	other	spk15_54.wav	73	1	0.688121080399	4	0.5	-0.194560669456067	-0.533333333333333	3.3
4_15	4	E	37	15	other	spk15_37.wav	201	1	1.45570206642	4	0.5	0.341004184100418	-0.533333333333333	3.3
4_15	4	E	8	15	other	spk15_8.wav	116	1	0.80246090889	4	0.5	-0.0146443514644352	-0.533333333333333	3.3
4_15	4	E	50	15	other	spk15_50.wav	102	1	1.00554990768	4	0.5	-0.0732217573221757	-0.533333333333333	3.3
4_15	4	E	16	15	other	spk15_16.wav	130	1	0.08571600914	4	0.5	0.0439330543933054	-0.533333333333333	3.3
4_15	4	E	51	15	other	spk15_51.wav	221	1	1.4565038681	4	0.5	0.424686192468619	-0.533333333333333	3.3
4_24	4	E	1	24	other	spk24_1.wav	167	1	2.17456293106	4	0.5	0.198744769874477	-0.533333333333333	2.7
4_24	4	E	32	24	other	spk24_32.wav	93	2	0.585003852844	4	0.5	-0.110878661087866	-0.533333333333333	2.7
4_24	4	E	21	24	other	spk24_21.wav	66	2	0.837675094604	4	0.5	-0.223849372384937	-0.533333333333333	2.7
4_24	4	E	11	24	other	spk24_11.wav	7	1	1.02055692673	4	0.5	-0.47071129707113	-0.533333333333333	2.7
4_24	4	E	25	24	other	spk24_25.wav	16	1	0.335660934448	4	0.5	-0.433054393305439	-0.533333333333333	2.7
4_24	4	E	7	24	other	spk24_7.wav	20	1	1.22188901901	4	0.5	-0.416317991631799	-0.533333333333333	2.7
4_24	4	E	27	24	other	spk24_27.wav	86	2	1.55590891838	4	0.5	-0.140167364016736	-0.533333333333333	2.7
4_24	4	E	13	24	other	spk24_13.wav	180	1	1.8239300251	4	0.5	0.253138075313807	-0.533333333333333	2.7
4_24	4	E	47	24	other	spk24_47.wav	60	3	2.75744891167	4	0.5	-0.248953974895398	-0.533333333333333	2.7
4_24	4	E	40	24	other	spk24_40.wav	32	3	0.671009063721	4	0.5	-0.366108786610879	-0.533333333333333	2.7
4_24	4	E	3	24	other	spk24_3.wav	139	1	1.33905100822	4	0.5	0.0815899581589958	-0.533333333333333	2.7
4_24	4	E	29	24	other	spk24_29.wav	27	3	0.904594898224	4	0.5	-0.387029288702929	-0.533333333333333	2.7
4_24	4	E	4	24	other	spk24_4.wav	2	1	0.152487039566	4	0.5	-0.49163179916318	-0.533333333333333	2.7
4_24	4	E	49	24	other	spk24_49.wav	173	1	1.02125787735	4	0.5	0.223849372384937	-0.533333333333333	2.7
4_24	4	E	15	24	other	spk24_15.wav	152	1	0.771147966385	4	0.5	0.135983263598326	-0.533333333333333	2.7
4_24	4	E	48	24	other	spk24_48.wav	111	2	0.5704870224	4	0.5	-0.0355648535564854	-0.533333333333333	2.7
4_24	4	E	34	24	other	spk24_34.wav	232	1	1.82146906853	4	0.5	0.47071129707113	-0.533333333333333	2.7
4_24	4	E	60	24	other	spk24_60.wav	69	1	0.536915063858	4	0.5	-0.211297071129707	-0.533333333333333	2.7
4_24	4	E	9	24	other	spk24_9.wav	35	1	1.30348014832	4	0.5	-0.353556485355649	-0.533333333333333	2.7
4_24	4	E	30	24	other	spk24_30.wav	195	2	2.10599708557	4	0.5	0.315899581589958	-0.533333333333333	2.7
4_24	4	E	36	24	other	spk24_36.wav	120	1	2.00723385811	4	0.5	0.002092050209205	-0.533333333333333	2.7
4_24	4	E	16	24	other	spk24_16.wav	194	2	0.938378095627	4	0.5	0.311715481171548	-0.533333333333333	2.7
4_24	4	E	23	24	other	spk24_23.wav	104	2	0.637240886688	4	0.5	-0.0648535564853556	-0.533333333333333	2.7
4_24	4	E	37	24	other	spk24_37.wav	226	1	1.87459897995	4	0.5	0.445606694560669	-0.533333333333333	2.7
4_24	4	E	20	24	other	spk24_20.wav	178	2	1.02088093758	4	0.5	0.244769874476987	-0.533333333333333	2.7
4_24	4	E	2	24	other	spk24_2.wav	214	2	1.03840517998	4	0.5	0.395397489539749	-0.533333333333333	2.7
4_24	4	E	33	24	other	spk24_33.wav	82	2	0.2026720047	4	0.5	-0.156903765690377	-0.533333333333333	2.7
4_24	4	E	10	24	other	spk24_10.wav	110	2	0.85488319397	4	0.5	-0.0397489539748954	-0.533333333333333	2.7
4_24	4	E	22	24	other	spk24_22.wav	129	2	0.871011018753	4	0.5	0.0397489539748954	-0.533333333333333	2.7
4_24	4	E	44	24	other	spk24_44.wav	219	2	1.45656514168	4	0.5	0.416317991631799	-0.533333333333333	2.7
4_24	4	E	42	24	other	spk24_42.wav	97	2	3.12671208382	4	0.5	-0.0941422594142259	-0.533333333333333	2.7
4_24	4	E	26	24	other	spk24_26.wav	100	1	0.671111822128	4	0.5	-0.0815899581589958	-0.533333333333333	2.7
4_24	4	E	59	24	other	spk24_59.wav	92	1	1.79024219513	4	0.5	-0.115062761506276	-0.533333333333333	2.7
4_24	4	E	6	24	other	spk24_6.wav	117	1	0.437281847	4	0.5	-0.0104602510460251	-0.533333333333333	2.7
4_24	4	E	39	24	other	spk24_39.wav	187	1	0.385944843292	4	0.5	0.282426778242678	-0.533333333333333	2.7
4_24	4	E	58	24	other	spk24_58.wav	159	1	0.418565034866	4	0.5	0.165271966527197	-0.533333333333333	2.7
4_24	4	E	12	24	other	spk24_12.wav	217	1	0.553655862808	4	0.5	0.407949790794979	-0.533333333333333	2.7
4_24	4	E	56	24	other	spk24_56.wav	123	2	0.685127019882	4	0.5	0.0146443514644351	-0.533333333333333	2.7
4_24	4	E	45	24	other	spk24_45.wav	231	1	0.334851980209	4	0.5	0.46652719665272	-0.533333333333333	2.7
4_24	4	E	18	24	other	spk24_18.wav	95	2	0.370103120804	4	0.5	-0.102510460251046	-0.533333333333333	2.7
4_24	4	E	53	24	other	spk24_53.wav	185	2	0.852698087692	4	0.5	0.274058577405858	-0.533333333333333	2.7
4_24	4	E	43	24	other	spk24_43.wav	141	1	1.2051589489	4	0.5	0.0899581589958159	-0.533333333333333	2.7
4_24	4	E	41	24	other	spk24_41.wav	76	1	0.537043094635	4	0.5	-0.182008368200837	-0.533333333333333	2.7
4_24	4	E	55	24	other	spk24_55.wav	4	1	0.253172874451	4	0.5	-0.48326359832636	-0.533333333333333	2.7
4_24	4	E	38	24	other	spk24_38.wav	62	2	0.85444688797	4	0.5	-0.240585774058577	-0.533333333333333	2.7
4_24	4	E	54	24	other	spk24_54.wav	198	3	1.94032907486	4	0.5	0.328451882845188	-0.533333333333333	2.7
4_24	4	E	46	24	other	spk24_46.wav	224	1	0.8381960392	4	0.5	0.437238493723849	-0.533333333333333	2.7
4_24	4	E	35	24	other	spk24_35.wav	235	1	0.353829145432	4	0.5	0.48326359832636	-0.533333333333333	2.7
4_24	4	E	51	24	other	spk24_51.wav	137	1	0.735440969467	4	0.5	0.0732217573221757	-0.533333333333333	2.7
4_24	4	E	14	24	other	spk24_14.wav	28	2	1.35526800156	4	0.5	-0.382845188284519	-0.533333333333333	2.7
4_24	4	E	5	24	other	spk24_5.wav	34	2	0.637732028961	4	0.5	-0.357740585774059	-0.533333333333333	2.7
4_24	4	E	31	24	other	spk24_31.wav	183	2	0.537048101425	4	0.5	0.265690376569038	-0.533333333333333	2.7
4_24	4	E	24	24	other	spk24_24.wav	128	2	0.0867569446564	4	0.5	0.0355648535564853	-0.533333333333333	2.7
4_24	4	E	52	24	other	spk24_52.wav	197	1	0.635256052017	4	0.5	0.324267782426778	-0.533333333333333	2.7
4_24	4	E	8	24	other	spk24_8.wav	23	1	0.167272090912	4	0.5	-0.403765690376569	-0.533333333333333	2.7
4_24	4	E	50	24	other	spk24_50.wav	22	2	0.785716056824	4	0.5	-0.407949790794979	-0.533333333333333	2.7
4_24	4	E	17	24	other	spk24_17.wav	87	3	0.937368154526	4	0.5	-0.135983263598326	-0.533333333333333	2.7
4_24	4	E	57	24	other	spk24_57.wav	175	1	1.63877797127	4	0.5	0.232217573221757	-0.533333333333333	2.7
4_24	4	E	19	24	other	spk24_19.wav	74	1	0.687808990479	4	0.5	-0.190376569037657	-0.533333333333333	2.7
4_24	4	E	28	24	other	spk24_28.wav	49	1	1.28886294365	4	0.5	-0.294979079497908	-0.533333333333333	2.7
4_4	4	E	4	4	self	spk4_4.wav	13	1	2.04088807106	4	-0.5	-0.445606694560669	-0.533333333333333	4
4_4	4	E	49	4	self	spk4_49.wav	150	1	1.32160997391	4	-0.5	0.127615062761506	-0.533333333333333	4
4_4	4	E	33	4	self	spk4_33.wav	47	1	0.972055912018	4	-0.5	-0.303347280334728	-0.533333333333333	4
4_4	4	E	18	4	self	spk4_18.wav	153	1	0.652832984924	4	-0.5	0.140167364016736	-0.533333333333333	4
4_4	4	E	44	4	self	spk4_44.wav	127	1	0.835819959641	4	-0.5	0.0313807531380753	-0.533333333333333	4
4_4	4	E	43	4	self	spk4_43.wav	33	3	0.954699993134	4	-0.5	-0.361924686192469	-0.533333333333333	4
4_4	4	E	56	4	self	spk4_56.wav	134	1	0.754002094269	4	-0.5	0.0606694560669456	-0.533333333333333	4
4_4	4	E	50	4	self	spk4_50.wav	18	2	2.58998203278	4	-0.5	-0.424686192468619	-0.533333333333333	4
4_4	4	E	28	4	self	spk4_28.wav	30	2	2.30684709549	4	-0.5	-0.374476987447699	-0.533333333333333	4
4_4	4	E	53	4	self	spk4_53.wav	119	2	1.72130322456	4	-0.5	-0.002092050209205	-0.533333333333333	4
4_4	4	E	10	4	self	spk4_10.wav	19	2	1.72270989418	4	-0.5	-0.420502092050209	-0.533333333333333	4
4_4	4	E	60	4	self	spk4_60.wav	26	3	1.60705590248	4	-0.5	-0.391213389121339	-0.533333333333333	4
4_4	4	E	54	4	self	spk4_54.wav	31	2	1.38906693459	4	-0.5	-0.370292887029289	-0.533333333333333	4
4_4	4	E	38	4	self	spk4_38.wav	68	1	1.6722638607	4	-0.5	-0.215481171548117	-0.533333333333333	4
4_4	4	E	11	4	self	spk4_11.wav	52	2	0.91919708252	4	-0.5	-0.282426778242678	-0.533333333333333	4
4_4	4	E	32	4	self	spk4_32.wav	165	1	1.3711130619	4	-0.5	0.190376569037657	-0.533333333333333	4
4_4	4	E	12	4	self	spk4_12.wav	156	1	0.370470046997	4	-0.5	0.152719665271967	-0.533333333333333	4
4_4	4	E	58	4	self	spk4_58.wav	72	2	0.67113494873	4	-0.5	-0.198744769874477	-0.533333333333333	4
4_4	4	E	55	4	self	spk4_55.wav	125	2	0.637410879135	4	-0.5	0.0230125523012552	-0.533333333333333	4
4_4	4	E	36	4	self	spk4_36.wav	25	1	3.71155190468	4	-0.5	-0.395397489539749	-0.533333333333333	4
4_4	4	E	41	4	self	spk4_41.wav	160	1	1.43903684616	4	-0.5	0.169456066945607	-0.533333333333333	4
4_4	4	E	13	4	self	spk4_13.wav	122	2	0.385385990143	4	-0.5	0.0104602510460251	-0.533333333333333	4
4_4	4	E	48	4	self	spk4_48.wav	65	2	2.05552005768	4	-0.5	-0.228033472803347	-0.533333333333333	4
4_4	4	E	31	4	self	spk4_31.wav	190	1	0.63521194458	4	-0.5	0.294979079497908	-0.533333333333333	4
4_4	4	E	35	4	self	spk4_35.wav	83	2	0.921360969543	4	-0.5	-0.152719665271967	-0.533333333333333	4
4_4	4	E	26	4	self	spk4_26.wav	205	2	0.92090010643	4	-0.5	0.357740585774059	-0.533333333333333	4
4_4	4	E	30	4	self	spk4_30.wav	41	2	0.803256034851	4	-0.5	-0.328451882845188	-0.533333333333333	4
4_4	4	E	3	4	self	spk4_3.wav	46	1	0.26863193512	4	-0.5	-0.307531380753138	-0.533333333333333	4
4_4	4	E	39	4	self	spk4_39.wav	61	2	0.718723058701	4	-0.5	-0.244769874476987	-0.533333333333333	4
4_4	4	E	5	4	self	spk4_5.wav	8	2	1.30427312851	4	-0.5	-0.46652719665272	-0.533333333333333	4
4_4	4	E	6	4	self	spk4_6.wav	6	1	0.83794093132	4	-0.5	-0.47489539748954	-0.533333333333333	4
4_4	4	E	29	4	self	spk4_29.wav	118	2	0.938603162766	4	-0.5	-0.00627615062761505	-0.533333333333333	4
4_4	4	E	16	4	self	spk4_16.wav	78	1	0.719984054565	4	-0.5	-0.173640167364017	-0.533333333333333	4
4_4	4	E	14	4	self	spk4_14.wav	213	2	0.218034029007	4	-0.5	0.391213389121339	-0.533333333333333	4
4_4	4	E	59	4	self	spk4_59.wav	174	1	3.22709512711	4	-0.5	0.228033472803347	-0.533333333333333	4
4_4	4	E	20	4	self	spk4_20.wav	135	2	2.32508182526	4	-0.5	0.0648535564853556	-0.533333333333333	4
4_4	4	E	15	4	self	spk4_15.wav	203	1	3.19389605522	4	-0.5	0.349372384937239	-0.533333333333333	4
4_4	4	E	47	4	self	spk4_47.wav	56	1	2.89193797112	4	-0.5	-0.265690376569038	-0.533333333333333	4
4_4	4	E	34	4	self	spk4_34.wav	57	1	1.2538819313	4	-0.5	-0.261506276150628	-0.533333333333333	4
4_4	4	E	46	4	self	spk4_46.wav	179	2	1.09037613869	4	-0.5	0.248953974895398	-0.533333333333333	4
4_4	4	E	27	4	self	spk4_27.wav	140	1	3.07622289658	4	-0.5	0.0857740585774058	-0.533333333333333	4
4_4	4	E	21	4	self	spk4_21.wav	168	2	2.27453708649	4	-0.5	0.202928870292887	-0.533333333333333	4
4_4	4	E	8	4	self	spk4_8.wav	222	2	0.302599906921	4	-0.5	0.428870292887029	-0.533333333333333	4
4_4	4	E	42	4	self	spk4_42.wav	89	1	1.62086582184	4	-0.5	-0.127615062761506	-0.533333333333333	4
4_4	4	E	37	4	self	spk4_37.wav	184	1	2.62579798698	4	-0.5	0.269874476987448	-0.533333333333333	4
4_4	4	E	1	4	self	spk4_1.wav	64	2	1.08725309372	4	-0.5	-0.232217573221757	-0.533333333333333	4
4_4	4	E	9	4	self	spk4_9.wav	186	1	0.186396121979	4	-0.5	0.278242677824268	-0.533333333333333	4
4_4	4	E	51	4	self	spk4_51.wav	227	1	1.62277793884	4	-0.5	0.449790794979079	-0.533333333333333	4
4_4	4	E	24	4	self	spk4_24.wav	107	2	0.586462020874	4	-0.5	-0.0523012552301255	-0.533333333333333	4
4_4	4	E	52	4	self	spk4_52.wav	229	1	1.18923401833	4	-0.5	0.4581589958159	-0.533333333333333	4
4_4	4	E	22	4	self	spk4_22.wav	109	2	1.13630890846	4	-0.5	-0.0439330543933054	-0.533333333333333	4
4_4	4	E	2	4	self	spk4_2.wav	151	1	0.838269948959	4	-0.5	0.131799163179916	-0.533333333333333	4
4_4	4	E	57	4	self	spk4_57.wav	71	2	1.13718295097	4	-0.5	-0.202928870292887	-0.533333333333333	4
4_4	4	E	23	4	self	spk4_23.wav	233	1	1.08884906769	4	-0.5	0.47489539748954	-0.533333333333333	4
4_4	4	E	19	4	self	spk4_19.wav	154	1	2.99330997467	4	-0.5	0.144351464435146	-0.533333333333333	4
4_4	4	E	25	4	self	spk4_25.wav	115	2	0.703238964081	4	-0.5	-0.0188284518828452	-0.533333333333333	4
4_4	4	E	45	4	self	spk4_45.wav	236	2	0.436810970306	4	-0.5	0.48744769874477	-0.533333333333333	4
4_4	4	E	40	4	self	spk4_40.wav	37	2	1.00491905212	4	-0.5	-0.345188284518828	-0.533333333333333	4
4_4	4	E	7	4	self	spk4_7.wav	158	1	0.888431072235	4	-0.5	0.161087866108787	-0.533333333333333	4
4_4	4	E	17	4	self	spk4_17.wav	239	3	1.31997799873	4	-0.5	0.5	-0.533333333333333	4
5_10	5	C	19	10	other	spk10_19.wav	7	4	5.95045614243	5	0.5	-0.47071129707113	0.833333333333333	2.9
5_10	5	C	44	10	other	spk10_44.wav	22	3	6.28384304047	5	0.5	-0.407949790794979	0.833333333333333	2.9
5_10	5	C	60	10	other	spk10_60.wav	122	3	2.00769805908	5	0.5	0.0104602510460251	0.833333333333333	2.9
5_10	5	C	45	10	other	spk10_45.wav	175	2	1.03850197792	5	0.5	0.232217573221757	0.833333333333333	2.9
5_10	5	C	59	10	other	spk10_59.wav	3	5	4.1962518692	5	0.5	-0.48744769874477	0.833333333333333	2.9
5_10	5	C	10	10	other	spk10_10.wav	181	3	4.46203613281	5	0.5	0.257322175732218	0.833333333333333	2.9
5_10	5	C	8	10	other	spk10_8.wav	129	3	3.67599606514	5	0.5	0.0397489539748954	0.833333333333333	2.9
5_10	5	C	40	10	other	spk10_40.wav	130	2	2.72373485565	5	0.5	0.0439330543933054	0.833333333333333	2.9
5_10	5	C	41	10	other	spk10_41.wav	184	3	3.57657599449	5	0.5	0.269874476987448	0.833333333333333	2.9
5_10	5	C	7	10	other	spk10_7.wav	83	2	2.32505702972	5	0.5	-0.152719665271967	0.833333333333333	2.9
5_10	5	C	47	10	other	spk10_47.wav	138	3	2.3249001503	5	0.5	0.0774058577405857	0.833333333333333	2.9
5_10	5	C	14	10	other	spk10_14.wav	57	1	2.25837087631	5	0.5	-0.261506276150628	0.833333333333333	2.9
5_10	5	C	49	10	other	spk10_49.wav	28	2	6.26820015907	5	0.5	-0.382845188284519	0.833333333333333	2.9
5_10	5	C	18	10	other	spk10_18.wav	8	5	6.88620305061	5	0.5	-0.46652719665272	0.833333333333333	2.9
5_10	5	C	3	10	other	spk10_3.wav	154	1	0.919977903366	5	0.5	0.144351464435146	0.833333333333333	2.9
5_10	5	C	23	10	other	spk10_23.wav	62	2	2.14190101624	5	0.5	-0.240585774058577	0.833333333333333	2.9
5_10	5	C	6	10	other	spk10_6.wav	183	3	3.12712097168	5	0.5	0.265690376569038	0.833333333333333	2.9
5_10	5	C	4	10	other	spk10_4.wav	117	2	1.99070000648	5	0.5	-0.0104602510460251	0.833333333333333	2.9
5_10	5	C	56	10	other	spk10_56.wav	198	1	1.92471790314	5	0.5	0.328451882845188	0.833333333333333	2.9
5_10	5	C	32	10	other	spk10_32.wav	119	3	2.72362303734	5	0.5	-0.002092050209205	0.833333333333333	2.9
5_10	5	C	36	10	other	spk10_36.wav	14	2	6.54963898659	5	0.5	-0.441422594142259	0.833333333333333	2.9
5_10	5	C	21	10	other	spk10_21.wav	201	3	0.854568004608	5	0.5	0.341004184100418	0.833333333333333	2.9
5_10	5	C	5	10	other	spk10_5.wav	202	2	2.00555086136	5	0.5	0.345188284518828	0.833333333333333	2.9
5_10	5	C	58	10	other	spk10_58.wav	43	1	2.55850696564	5	0.5	-0.320083682008368	0.833333333333333	2.9
5_10	5	C	17	10	other	spk10_17.wav	204	3	4.82949399948	5	0.5	0.353556485355649	0.833333333333333	2.9
5_10	5	C	42	10	other	spk10_42.wav	126	1	2.96000003815	5	0.5	0.0271966527196653	0.833333333333333	2.9
5_10	5	C	43	10	other	spk10_43.wav	46	3	1.00439810753	5	0.5	-0.307531380753138	0.833333333333333	2.9
5_10	5	C	53	10	other	spk10_53.wav	86	1	2.6243159771	5	0.5	-0.140167364016736	0.833333333333333	2.9
5_10	5	C	27	10	other	spk10_27.wav	87	2	2.25608491898	5	0.5	-0.135983263598326	0.833333333333333	2.9
5_10	5	C	33	10	other	spk10_33.wav	156	2	4.34661006927	5	0.5	0.152719665271967	0.833333333333333	2.9
5_10	5	C	54	10	other	spk10_54.wav	89	3	4.39660286903	5	0.5	-0.127615062761506	0.833333333333333	2.9
5_10	5	C	55	10	other	spk10_55.wav	50	2	4.81497693062	5	0.5	-0.290794979079498	0.833333333333333	2.9
5_10	5	C	16	10	other	spk10_16.wav	51	1	2.35804605484	5	0.5	-0.286610878661088	0.833333333333333	2.9
5_10	5	C	26	10	other	spk10_26.wav	66	2	2.03929400444	5	0.5	-0.223849372384937	0.833333333333333	2.9
5_10	5	C	28	10	other	spk10_28.wav	214	1	1.35546898842	5	0.5	0.395397489539749	0.833333333333333	2.9
5_10	5	C	39	10	other	spk10_39.wav	94	3	3.9121260643	5	0.5	-0.106694560669456	0.833333333333333	2.9
5_10	5	C	57	10	other	spk10_57.wav	42	1	2.60893797874	5	0.5	-0.324267782426778	0.833333333333333	2.9
5_10	5	C	15	10	other	spk10_15.wav	177	3	4.93143200874	5	0.5	0.240585774058577	0.833333333333333	2.9
5_10	5	C	34	10	other	spk10_34.wav	165	2	1.22016096115	5	0.5	0.190376569037657	0.833333333333333	2.9
5_10	5	C	25	10	other	spk10_25.wav	59	3	3.1772339344	5	0.5	-0.253138075313807	0.833333333333333	2.9
5_10	5	C	51	10	other	spk10_51.wav	220	3	2.20816397667	5	0.5	0.420502092050209	0.833333333333333	2.9
5_10	5	C	50	10	other	spk10_50.wav	221	3	0.702708005905	5	0.5	0.424686192468619	0.833333333333333	2.9
5_10	5	C	24	10	other	spk10_24.wav	88	2	2.49168419838	5	0.5	-0.131799163179916	0.833333333333333	2.9
5_10	5	C	1	10	other	spk10_1.wav	223	3	4.04561901093	5	0.5	0.433054393305439	0.833333333333333	2.9
5_10	5	C	11	10	other	spk10_11.wav	103	2	1.42268109322	5	0.5	-0.0690376569037657	0.833333333333333	2.9
5_10	5	C	52	10	other	spk10_52.wav	104	2	3.06056904793	5	0.5	-0.0648535564853556	0.833333333333333	2.9
5_10	5	C	9	10	other	spk10_9.wav	186	2	1.94052600861	5	0.5	0.278242677824268	0.833333333333333	2.9
5_10	5	C	35	10	other	spk10_35.wav	106	2	1.85484719276	5	0.5	-0.0564853556485356	0.833333333333333	2.9
5_10	5	C	22	10	other	spk10_22.wav	228	3	1.73830890656	5	0.5	0.45397489539749	0.833333333333333	2.9
5_10	5	C	2	10	other	spk10_2.wav	149	3	0.852494001389	5	0.5	0.123430962343096	0.833333333333333	2.9
5_10	5	C	30	10	other	spk10_30.wav	190	2	4.77884197235	5	0.5	0.294979079497908	0.833333333333333	2.9
5_10	5	C	13	10	other	spk10_13.wav	218	3	0.81997013092	5	0.5	0.412133891213389	0.833333333333333	2.9
5_10	5	C	31	10	other	spk10_31.wav	206	1	1.18692708015	5	0.5	0.361924686192469	0.833333333333333	2.9
5_10	5	C	46	10	other	spk10_46.wav	113	3	3.07659482956	5	0.5	-0.0271966527196653	0.833333333333333	2.9
5_10	5	C	38	10	other	spk10_38.wav	234	3	1.77339816093	5	0.5	0.47907949790795	0.833333333333333	2.9
5_10	5	C	12	10	other	spk10_12.wav	142	2	1.62376403809	5	0.5	0.0941422594142259	0.833333333333333	2.9
5_10	5	C	29	10	other	spk10_29.wav	236	3	2.5252161026	5	0.5	0.48744769874477	0.833333333333333	2.9
5_10	5	C	37	10	other	spk10_37.wav	116	2	4.91309309006	5	0.5	-0.0146443514644352	0.833333333333333	2.9
5_10	5	C	48	10	other	spk10_48.wav	238	2	0.938702106476	5	0.5	0.49581589958159	0.833333333333333	2.9
5_10	5	C	20	10	other	spk10_20.wav	38	2	5.21545696259	5	0.5	-0.341004184100418	0.833333333333333	2.9
5_13	5	C	54	13	other	spk13_54.wav	158	2	1.87336087227	5	0.5	0.161087866108787	0.833333333333333	2.9
5_13	5	C	3	13	other	spk13_3.wav	10	2	4.56395816803	5	0.5	-0.4581589958159	0.833333333333333	2.9
5_13	5	C	6	13	other	spk13_6.wav	4	2	11.5145308971	5	0.5	-0.48326359832636	0.833333333333333	2.9
5_13	5	C	12	13	other	spk13_12.wav	135	3	5.23068904877	5	0.5	0.0648535564853556	0.833333333333333	2.9
5_13	5	C	48	13	other	spk13_48.wav	163	2	1.65732908249	5	0.5	0.182008368200837	0.833333333333333	2.9
5_13	5	C	45	13	other	spk13_45.wav	217	1	3.62814211845	5	0.5	0.407949790794979	0.833333333333333	2.9
5_13	5	C	34	13	other	spk13_34.wav	178	2	2.62528204918	5	0.5	0.244769874476987	0.833333333333333	2.9
5_13	5	C	35	13	other	spk13_35.wav	13	2	3.5439620018	5	0.5	-0.445606694560669	0.833333333333333	2.9
5_13	5	C	8	13	other	spk13_8.wav	225	3	2.12299489975	5	0.5	0.441422594142259	0.833333333333333	2.9
5_13	5	C	57	13	other	spk13_57.wav	143	3	2.5254881382	5	0.5	0.0983263598326359	0.833333333333333	2.9
5_13	5	C	9	13	other	spk13_9.wav	151	3	2.00741887093	5	0.5	0.131799163179916	0.833333333333333	2.9
5_13	5	C	43	13	other	spk13_43.wav	76	3	5.14906096458	5	0.5	-0.182008368200837	0.833333333333333	2.9
5_13	5	C	5	13	other	spk13_5.wav	16	4	6.05056595802	5	0.5	-0.433054393305439	0.833333333333333	2.9
5_13	5	C	29	13	other	spk13_29.wav	55	2	3.86113405228	5	0.5	-0.269874476987448	0.833333333333333	2.9
5_13	5	C	11	13	other	spk13_11.wav	209	2	0.937740802765	5	0.5	0.374476987447699	0.833333333333333	2.9
5_13	5	C	17	13	other	spk13_17.wav	1	4	4.09610199928	5	0.5	-0.49581589958159	0.833333333333333	2.9
5_13	5	C	25	13	other	spk13_25.wav	49	2	5.6663711071	5	0.5	-0.294979079497908	0.833333333333333	2.9
5_13	5	C	32	13	other	spk13_32.wav	168	2	1.10548496246	5	0.5	0.202928870292887	0.833333333333333	2.9
5_13	5	C	4	13	other	spk13_4.wav	199	2	1.5729470253	5	0.5	0.332635983263598	0.833333333333333	2.9
5_13	5	C	19	13	other	spk13_19.wav	26	2	6.46919608116	5	0.5	-0.391213389121339	0.833333333333333	2.9
5_13	5	C	55	13	other	spk13_55.wav	215	2	1.7897028923	5	0.5	0.399581589958159	0.833333333333333	2.9
5_13	5	C	21	13	other	spk13_21.wav	170	1	2.45723795891	5	0.5	0.211297071129707	0.833333333333333	2.9
5_13	5	C	22	13	other	spk13_22.wav	108	2	2.87629818916	5	0.5	-0.0481171548117155	0.833333333333333	2.9
5_13	5	C	36	13	other	spk13_36.wav	176	2	2.18832707405	5	0.5	0.236401673640167	0.833333333333333	2.9
5_13	5	C	26	13	other	spk13_26.wav	110	2	1.43913412094	5	0.5	-0.0397489539748954	0.833333333333333	2.9
5_13	5	C	15	13	other	spk13_15.wav	41	2	6.61886501312	5	0.5	-0.328451882845188	0.833333333333333	2.9
5_13	5	C	20	13	other	spk13_20.wav	33	1	6.85074305534	5	0.5	-0.361924686192469	0.833333333333333	2.9
5_13	5	C	2	13	other	spk13_2.wav	74	2	3.49436306953	5	0.5	-0.190376569037657	0.833333333333333	2.9
5_13	5	C	41	13	other	spk13_41.wav	61	1	1.58973383904	5	0.5	-0.244769874476987	0.833333333333333	2.9
5_13	5	C	51	13	other	spk13_51.wav	196	2	3.54530501366	5	0.5	0.320083682008368	0.833333333333333	2.9
5_13	5	C	16	13	other	spk13_16.wav	136	2	1.38920116425	5	0.5	0.0690376569037657	0.833333333333333	2.9
5_13	5	C	13	13	other	spk13_13.wav	172	1	1.57429409027	5	0.5	0.219665271966527	0.833333333333333	2.9
5_13	5	C	40	13	other	spk13_40.wav	52	2	2.22487282753	5	0.5	-0.282426778242678	0.833333333333333	2.9
5_13	5	C	42	13	other	spk13_42.wav	227	2	1.00533390045	5	0.5	0.449790794979079	0.833333333333333	2.9
5_13	5	C	28	13	other	spk13_28.wav	125	2	4.0619571209	5	0.5	0.0230125523012552	0.833333333333333	2.9
5_13	5	C	7	13	other	spk13_7.wav	121	2	3.91222405434	5	0.5	0.00627615062761511	0.833333333333333	2.9
5_13	5	C	23	13	other	spk13_23.wav	29	2	3.04311513901	5	0.5	-0.378661087866109	0.833333333333333	2.9
5_13	5	C	44	13	other	spk13_44.wav	69	2	3.07734918594	5	0.5	-0.211297071129707	0.833333333333333	2.9
5_13	5	C	14	13	other	spk13_14.wav	232	1	0.937895059586	5	0.5	0.47071129707113	0.833333333333333	2.9
5_13	5	C	1	13	other	spk13_1.wav	99	2	2.95915603638	5	0.5	-0.0857740585774058	0.833333333333333	2.9
5_13	5	C	49	13	other	spk13_49.wav	208	2	1.92396306992	5	0.5	0.370292887029289	0.833333333333333	2.9
5_13	5	C	58	13	other	spk13_58.wav	141	1	1.23659586906	5	0.5	0.0899581589958159	0.833333333333333	2.9
5_13	5	C	18	13	other	spk13_18.wav	132	1	5.18227601051	5	0.5	0.0523012552301255	0.833333333333333	2.9
5_13	5	C	31	13	other	spk13_31.wav	81	1	2.50914096832	5	0.5	-0.161087866108787	0.833333333333333	2.9
5_13	5	C	39	13	other	spk13_39.wav	23	2	4.24603295326	5	0.5	-0.403765690376569	0.833333333333333	2.9
5_13	5	C	53	13	other	spk13_53.wav	131	1	3.40831398964	5	0.5	0.0481171548117155	0.833333333333333	2.9
5_13	5	C	59	13	other	spk13_59.wav	114	1	2.85879588127	5	0.5	-0.0230125523012552	0.833333333333333	2.9
5_13	5	C	24	13	other	spk13_24.wav	31	3	6.06545805931	5	0.5	-0.370292887029289	0.833333333333333	2.9
5_13	5	C	60	13	other	spk13_60.wav	147	2	1.2388279438	5	0.5	0.115062761506276	0.833333333333333	2.9
5_13	5	C	37	13	other	spk13_37.wav	40	2	7.23662686348	5	0.5	-0.332635983263598	0.833333333333333	2.9
5_13	5	C	56	13	other	spk13_56.wav	166	2	2.24070501328	5	0.5	0.194560669456067	0.833333333333333	2.9
5_13	5	C	38	13	other	spk13_38.wav	71	2	6.29928803444	5	0.5	-0.202928870292887	0.833333333333333	2.9
5_13	5	C	10	13	other	spk13_10.wav	112	2	4.63051104546	5	0.5	-0.0313807531380753	0.833333333333333	2.9
5_13	5	C	50	13	other	spk13_50.wav	193	2	2.35830020905	5	0.5	0.307531380753138	0.833333333333333	2.9
5_13	5	C	27	13	other	spk13_27.wav	231	2	1.02154183388	5	0.5	0.46652719665272	0.833333333333333	2.9
5_13	5	C	30	13	other	spk13_30.wav	152	3	1.6381649971	5	0.5	0.135983263598326	0.833333333333333	2.9
5_13	5	C	33	13	other	spk13_33.wav	150	1	3.64480495453	5	0.5	0.127615062761506	0.833333333333333	2.9
5_13	5	C	52	13	other	spk13_52.wav	120	2	2.35614800453	5	0.5	0.002092050209205	0.833333333333333	2.9
5_13	5	C	47	13	other	spk13_47.wav	84	2	4.21234679222	5	0.5	-0.148535564853557	0.833333333333333	2.9
5_13	5	C	46	13	other	spk13_46.wav	229	4	1.32247495651	5	0.5	0.4581589958159	0.833333333333333	2.9
5_5	5	C	38	5	self	spk5_38.wav	0	5	7.26980686188	5	-0.5	-0.5	0.833333333333333	2.4
5_5	5	C	20	5	self	spk5_20.wav	162	2	1.75634288788	5	-0.5	0.177824267782427	0.833333333333333	2.4
5_5	5	C	49	5	self	spk5_49.wav	95	4	4.4441549778	5	-0.5	-0.102510460251046	0.833333333333333	2.4
5_5	5	C	59	5	self	spk5_59.wav	164	3	1.6899189949	5	-0.5	0.186192468619247	0.833333333333333	2.4
5_5	5	C	32	5	self	spk5_32.wav	205	3	5.63301801682	5	-0.5	0.357740585774059	0.833333333333333	2.4
5_5	5	C	9	5	self	spk5_9.wav	45	2	3.1250398159	5	-0.5	-0.311715481171548	0.833333333333333	2.4
5_5	5	C	60	5	self	spk5_60.wav	6	4	3.31068205833	5	-0.5	-0.47489539748954	0.833333333333333	2.4
5_5	5	C	37	5	self	spk5_37.wav	128	2	4.88112187386	5	-0.5	0.0355648535564853	0.833333333333333	2.4
5_5	5	C	53	5	self	spk5_53.wav	169	2	1.65485405922	5	-0.5	0.207112970711297	0.833333333333333	2.4
5_5	5	C	40	5	self	spk5_40.wav	9	3	4.68111300468	5	-0.5	-0.46234309623431	0.833333333333333	2.4
5_5	5	C	42	5	self	spk5_42.wav	171	2	3.94546294212	5	-0.5	0.215481171548117	0.833333333333333	2.4
5_5	5	C	24	5	self	spk5_24.wav	11	2	3.2600300312	5	-0.5	-0.45397489539749	0.833333333333333	2.4
5_5	5	C	56	5	self	spk5_56.wav	12	2	2.99304199219	5	-0.5	-0.449790794979079	0.833333333333333	2.4
5_5	5	C	41	5	self	spk5_41.wav	93	3	4.22974300385	5	-0.5	-0.110878661087866	0.833333333333333	2.4
5_5	5	C	30	5	self	spk5_30.wav	27	3	2.79058504105	5	-0.5	-0.387029288702929	0.833333333333333	2.4
5_5	5	C	6	5	self	spk5_6.wav	68	2	3.15861201286	5	-0.5	-0.215481171548117	0.833333333333333	2.4
5_5	5	C	19	5	self	spk5_19.wav	230	3	3.30873298645	5	-0.5	0.46234309623431	0.833333333333333	2.4
5_5	5	C	21	5	self	spk5_21.wav	97	3	2.30725693703	5	-0.5	-0.0941422594142259	0.833333333333333	2.4
5_5	5	C	12	5	self	spk5_12.wav	18	2	3.55925297737	5	-0.5	-0.424686192468619	0.833333333333333	2.4
5_5	5	C	57	5	self	spk5_57.wav	19	2	3.91304802895	5	-0.5	-0.420502092050209	0.833333333333333	2.4
5_5	5	C	44	5	self	spk5_44.wav	20	3	4.2955789566	5	-0.5	-0.416317991631799	0.833333333333333	2.4
5_5	5	C	51	5	self	spk5_51.wav	21	2	3.31065106392	5	-0.5	-0.412133891213389	0.833333333333333	2.4
5_5	5	C	35	5	self	spk5_35.wav	35	2	4.98322892189	5	-0.5	-0.353556485355649	0.833333333333333	2.4
5_5	5	C	34	5	self	spk5_34.wav	144	2	1.79056191444	5	-0.5	0.102510460251046	0.833333333333333	2.4
5_5	5	C	15	5	self	spk5_15.wav	185	2	1.62329602242	5	-0.5	0.274058577405858	0.833333333333333	2.4
5_5	5	C	13	5	self	spk5_13.wav	65	1	3.54470705986	5	-0.5	-0.228033472803347	0.833333333333333	2.4
5_5	5	C	47	5	self	spk5_47.wav	187	3	3.81150603294	5	-0.5	0.282426778242678	0.833333333333333	2.4
5_5	5	C	3	5	self	spk5_3.wav	161	3	4.02806210518	5	-0.5	0.173640167364017	0.833333333333333	2.4
5_5	5	C	16	5	self	spk5_16.wav	67	2	1.40373086929	5	-0.5	-0.219665271966527	0.833333333333333	2.4
5_5	5	C	54	5	self	spk5_54.wav	148	3	4.02819800377	5	-0.5	0.119246861924686	0.833333333333333	2.4
5_5	5	C	52	5	self	spk5_52.wav	191	2	2.22483086586	5	-0.5	0.299163179916318	0.833333333333333	2.4
5_5	5	C	43	5	self	spk5_43.wav	192	2	1.5729060173	5	-0.5	0.303347280334728	0.833333333333333	2.4
5_5	5	C	10	5	self	spk5_10.wav	32	2	2.77636599541	5	-0.5	-0.366108786610879	0.833333333333333	2.4
5_5	5	C	46	5	self	spk5_46.wav	153	4	1.67114686966	5	-0.5	0.140167364016736	0.833333333333333	2.4
5_5	5	C	7	5	self	spk5_7.wav	155	3	1.17107701302	5	-0.5	0.148535564853556	0.833333333333333	2.4
5_5	5	C	22	5	self	spk5_22.wav	182	3	4.57834506035	5	-0.5	0.261506276150628	0.833333333333333	2.4
5_5	5	C	39	5	self	spk5_39.wav	157	2	0.768826961517	5	-0.5	0.156903765690377	0.833333333333333	2.4
5_5	5	C	29	5	self	spk5_29.wav	80	2	3.67906594276	5	-0.5	-0.165271966527197	0.833333333333333	2.4
5_5	5	C	23	5	self	spk5_23.wav	159	2	2.80951118469	5	-0.5	0.165271966527197	0.833333333333333	2.4
5_5	5	C	26	5	self	spk5_26.wav	39	1	1.42084908485	5	-0.5	-0.336820083682008	0.833333333333333	2.4
5_5	5	C	11	5	self	spk5_11.wav	200	2	1.7900800705	5	-0.5	0.336820083682008	0.833333333333333	2.4
5_5	5	C	50	5	self	spk5_50.wav	85	2	6.53500509262	5	-0.5	-0.144351464435146	0.833333333333333	2.4
5_5	5	C	55	5	self	spk5_55.wav	107	2	1.87371277809	5	-0.5	-0.0523012552301255	0.833333333333333	2.4
5_5	5	C	18	5	self	spk5_18.wav	189	2	2.34175395966	5	-0.5	0.290794979079498	0.833333333333333	2.4
5_5	5	C	17	5	self	spk5_17.wav	100	2	1.49050402641	5	-0.5	-0.0815899581589958	0.833333333333333	2.4
5_5	5	C	33	5	self	spk5_33.wav	210	3	1.57321381569	5	-0.5	0.378661087866109	0.833333333333333	2.4
5_5	5	C	25	5	self	spk5_25.wav	167	2	2.3078379631	5	-0.5	0.198744769874477	0.833333333333333	2.4
5_5	5	C	2	5	self	spk5_2.wav	60	3	1.43784594536	5	-0.5	-0.248953974895398	0.833333333333333	2.4
5_5	5	C	8	5	self	spk5_8.wav	92	2	5.64983296394	5	-0.5	-0.115062761506276	0.833333333333333	2.4
5_5	5	C	31	5	self	spk5_31.wav	226	1	1.60626602173	5	-0.5	0.445606694560669	0.833333333333333	2.4
5_5	5	C	5	5	self	spk5_5.wav	58	2	5.36664509773	5	-0.5	-0.257322175732218	0.833333333333333	2.4
5_5	5	C	1	5	self	spk5_1.wav	212	3	2.47476100922	5	-0.5	0.387029288702929	0.833333333333333	2.4
5_5	5	C	45	5	self	spk5_45.wav	207	2	0.285649061203	5	-0.5	0.366108786610879	0.833333333333333	2.4
5_5	5	C	27	5	self	spk5_27.wav	98	1	4.76247501373	5	-0.5	-0.0899581589958159	0.833333333333333	2.4
5_5	5	C	14	5	self	spk5_14.wav	115	3	1.68797898293	5	-0.5	-0.0188284518828452	0.833333333333333	2.4
5_5	5	C	36	5	self	spk5_36.wav	160	3	0.619203090668	5	-0.5	0.169456066945607	0.833333333333333	2.4
5_5	5	C	4	5	self	spk5_4.wav	72	1	1.77210116386	5	-0.5	-0.198744769874477	0.833333333333333	2.4
5_5	5	C	48	5	self	spk5_48.wav	219	2	4.64718008041	5	-0.5	0.416317991631799	0.833333333333333	2.4
5_5	5	C	58	5	self	spk5_58.wav	111	2	3.42549586296	5	-0.5	-0.0355648535564854	0.833333333333333	2.4
5_5	5	C	28	5	self	spk5_28.wav	140	2	1.53718900681	5	-0.5	0.0857740585774058	0.833333333333333	2.4
5_8	5	C	44	8	other	spk8_44.wav	77	2	2.30609083176	5	0.5	-0.177824267782427	0.833333333333333	3.9
5_8	5	C	42	8	other	spk8_42.wav	224	4	1.33828997612	5	0.5	0.437238493723849	0.833333333333333	3.9
5_8	5	C	11	8	other	spk8_11.wav	237	2	0.852560043335	5	0.5	0.49163179916318	0.833333333333333	3.9
5_8	5	C	36	8	other	spk8_36.wav	44	1	5.24671316147	5	0.5	-0.315899581589958	0.833333333333333	3.9
5_8	5	C	16	8	other	spk8_16.wav	63	3	3.86108493805	5	0.5	-0.236401673640167	0.833333333333333	3.9
5_8	5	C	45	8	other	spk8_45.wav	54	2	4.96487784386	5	0.5	-0.274058577405858	0.833333333333333	3.9
5_8	5	C	3	8	other	spk8_3.wav	25	2	3.0767531395	5	0.5	-0.395397489539749	0.833333333333333	3.9
5_8	5	C	5	8	other	spk8_5.wav	53	2	3.30877399445	5	0.5	-0.278242677824268	0.833333333333333	3.9
5_8	5	C	21	8	other	spk8_21.wav	102	1	0.837298870087	5	0.5	-0.0732217573221757	0.833333333333333	3.9
5_8	5	C	27	8	other	spk8_27.wav	36	2	6.20082712173	5	0.5	-0.349372384937238	0.833333333333333	3.9
5_8	5	C	39	8	other	spk8_39.wav	123	1	1.18898916245	5	0.5	0.0146443514644351	0.833333333333333	3.9
5_8	5	C	4	8	other	spk8_4.wav	17	3	1.32231903076	5	0.5	-0.428870292887029	0.833333333333333	3.9
5_8	5	C	14	8	other	spk8_14.wav	78	2	1.78842997551	5	0.5	-0.173640167364017	0.833333333333333	3.9
5_8	5	C	40	8	other	spk8_40.wav	48	2	6.80278396606	5	0.5	-0.299163179916318	0.833333333333333	3.9
5_8	5	C	55	8	other	spk8_55.wav	90	4	3.3279979229	5	0.5	-0.123430962343096	0.833333333333333	3.9
5_8	5	C	1	8	other	spk8_1.wav	118	2	2.97655200958	5	0.5	-0.00627615062761505	0.833333333333333	3.9
5_8	5	C	50	8	other	spk8_50.wav	203	2	2.90971302986	5	0.5	0.349372384937239	0.833333333333333	3.9
5_8	5	C	54	8	other	spk8_54.wav	133	4	4.04590892792	5	0.5	0.0564853556485355	0.833333333333333	3.9
5_8	5	C	53	8	other	spk8_53.wav	124	2	4.14597606659	5	0.5	0.0188284518828452	0.833333333333333	3.9
5_8	5	C	9	8	other	spk8_9.wav	82	2	3.4598839283	5	0.5	-0.156903765690377	0.833333333333333	3.9
5_8	5	C	47	8	other	spk8_47.wav	47	3	5.18000602722	5	0.5	-0.303347280334728	0.833333333333333	3.9
5_8	5	C	23	8	other	spk8_23.wav	101	2	1.89158010483	5	0.5	-0.0774058577405858	0.833333333333333	3.9
5_8	5	C	52	8	other	spk8_52.wav	222	2	0.685368061066	5	0.5	0.428870292887029	0.833333333333333	3.9
5_8	5	C	46	8	other	spk8_46.wav	75	4	3.54319095612	5	0.5	-0.186192468619247	0.833333333333333	3.9
5_8	5	C	12	8	other	spk8_12.wav	24	2	3.51122498512	5	0.5	-0.399581589958159	0.833333333333333	3.9
5_8	5	C	56	8	other	spk8_56.wav	145	2	2.87400007248	5	0.5	0.106694560669456	0.833333333333333	3.9
5_8	5	C	51	8	other	spk8_51.wav	146	1	1.67329692841	5	0.5	0.110878661087866	0.833333333333333	3.9
5_8	5	C	26	8	other	spk8_26.wav	2	5	7.43734502792	5	0.5	-0.49163179916318	0.833333333333333	3.9
5_8	5	C	37	8	other	spk8_37.wav	188	2	1.70629882812	5	0.5	0.286610878661088	0.833333333333333	3.9
5_8	5	C	34	8	other	spk8_34.wav	56	1	2.22452688217	5	0.5	-0.265690376569038	0.833333333333333	3.9
5_8	5	C	59	8	other	spk8_59.wav	137	4	2.62218999863	5	0.5	0.0732217573221757	0.833333333333333	3.9
5_8	5	C	30	8	other	spk8_30.wav	96	2	3.61189103127	5	0.5	-0.098326359832636	0.833333333333333	3.9
5_8	5	C	58	8	other	spk8_58.wav	180	2	3.35882306099	5	0.5	0.253138075313807	0.833333333333333	3.9
5_8	5	C	20	8	other	spk8_20.wav	127	2	1.60620999336	5	0.5	0.0313807531380753	0.833333333333333	3.9
5_8	5	C	8	8	other	spk8_8.wav	194	3	0.887794017792	5	0.5	0.311715481171548	0.833333333333333	3.9
5_8	5	C	38	8	other	spk8_38.wav	34	2	1.95621800423	5	0.5	-0.357740585774059	0.833333333333333	3.9
5_8	5	C	33	8	other	spk8_33.wav	195	3	2.97657394409	5	0.5	0.315899581589958	0.833333333333333	3.9
5_8	5	C	57	8	other	spk8_57.wav	197	2	1.57289505005	5	0.5	0.324267782426778	0.833333333333333	3.9
5_8	5	C	13	8	other	spk8_13.wav	37	4	7.23788404465	5	0.5	-0.345188284518828	0.833333333333333	3.9
5_8	5	C	22	8	other	spk8_22.wav	239	3	1.13728308678	5	0.5	0.5	0.833333333333333	3.9
5_8	5	C	10	8	other	spk8_10.wav	134	3	1.65610599518	5	0.5	0.0606694560669456	0.833333333333333	3.9
5_8	5	C	28	8	other	spk8_28.wav	174	3	3.76190400124	5	0.5	0.228033472803347	0.833333333333333	3.9
5_8	5	C	29	8	other	spk8_29.wav	73	3	5.01502299309	5	0.5	-0.194560669456067	0.833333333333333	3.9
5_8	5	C	7	8	other	spk8_7.wav	15	4	7.5886118412	5	0.5	-0.437238493723849	0.833333333333333	3.9
5_8	5	C	41	8	other	spk8_41.wav	109	2	3.79534101486	5	0.5	-0.0439330543933054	0.833333333333333	3.9
5_8	5	C	49	8	other	spk8_49.wav	5	3	2.29126214981	5	0.5	-0.47907949790795	0.833333333333333	3.9
5_8	5	C	24	8	other	spk8_24.wav	235	2	2.69054102898	5	0.5	0.48326359832636	0.833333333333333	3.9
5_8	5	C	35	8	other	spk8_35.wav	233	2	1.6220240593	5	0.5	0.47489539748954	0.833333333333333	3.9
5_8	5	C	25	8	other	spk8_25.wav	91	2	1.45469093323	5	0.5	-0.119246861924686	0.833333333333333	3.9
5_8	5	C	6	8	other	spk8_6.wav	173	2	1.138630867	5	0.5	0.223849372384937	0.833333333333333	3.9
5_8	5	C	32	8	other	spk8_32.wav	79	3	6.08301782608	5	0.5	-0.169456066945607	0.833333333333333	3.9
5_8	5	C	2	8	other	spk8_2.wav	211	2	1.02176904678	5	0.5	0.382845188284519	0.833333333333333	3.9
5_8	5	C	48	8	other	spk8_48.wav	179	3	3.85977911949	5	0.5	0.248953974895398	0.833333333333333	3.9
5_8	5	C	17	8	other	spk8_17.wav	216	4	5.01483106613	5	0.5	0.403765690376569	0.833333333333333	3.9
5_8	5	C	43	8	other	spk8_43.wav	30	3	4.19620990753	5	0.5	-0.374476987447699	0.833333333333333	3.9
5_8	5	C	15	8	other	spk8_15.wav	139	3	2.85949897766	5	0.5	0.0815899581589958	0.833333333333333	3.9
5_8	5	C	60	8	other	spk8_60.wav	70	3	2.42540812492	5	0.5	-0.207112970711297	0.833333333333333	3.9
5_8	5	C	18	8	other	spk8_18.wav	64	3	5.18203902245	5	0.5	-0.232217573221757	0.833333333333333	3.9
5_8	5	C	31	8	other	spk8_31.wav	105	1	1.72388720512	5	0.5	-0.0606694560669456	0.833333333333333	3.9
5_8	5	C	19	8	other	spk8_19.wav	213	2	0.821532964706	5	0.5	0.391213389121339	0.833333333333333	3.9
6_16	6	FALSE	41	16	other	spk16_41.wav	5	2	1.43948912621	6	0.5	-0.47907949790795	0.0999999999999996	2.4
6_16	6	FALSE	14	16	other	spk16_14.wav	9	2	0.704794883728	6	0.5	-0.46234309623431	0.0999999999999996	2.4
6_16	6	FALSE	39	16	other	spk16_39.wav	6	1	1.18645501137	6	0.5	-0.47489539748954	0.0999999999999996	2.4
6_16	6	FALSE	29	16	other	spk16_29.wav	170	2	1.17071795464	6	0.5	0.211297071129707	0.0999999999999996	2.4
6_16	6	FALSE	26	16	other	spk16_26.wav	38	2	0.936486959457	6	0.5	-0.341004184100418	0.0999999999999996	2.4
6_16	6	FALSE	36	16	other	spk16_36.wav	35	2	0.902660131454	6	0.5	-0.353556485355649	0.0999999999999996	2.4
6_16	6	FALSE	40	16	other	spk16_40.wav	144	2	1.52130007744	6	0.5	0.102510460251046	0.0999999999999996	2.4
6_16	6	FALSE	8	16	other	spk16_8.wav	147	2	1.10506105423	6	0.5	0.115062761506276	0.0999999999999996	2.4
6_16	6	FALSE	47	16	other	spk16_47.wav	56	2	1.49025893211	6	0.5	-0.265690376569038	0.0999999999999996	2.4
6_16	6	FALSE	59	16	other	spk16_59.wav	15	2	1.03882598877	6	0.5	-0.437238493723849	0.0999999999999996	2.4
6_16	6	FALSE	21	16	other	spk16_21.wav	129	2	1.4226770401	6	0.5	0.0397489539748954	0.0999999999999996	2.4
6_16	6	FALSE	52	16	other	spk16_52.wav	44	1	1.23667693138	6	0.5	-0.315899581589958	0.0999999999999996	2.4
6_16	6	FALSE	10	16	other	spk16_10.wav	152	3	1.25541782379	6	0.5	0.135983263598326	0.0999999999999996	2.4
6_16	6	FALSE	38	16	other	spk16_38.wav	46	2	1.50444293022	6	0.5	-0.307531380753138	0.0999999999999996	2.4
6_16	6	FALSE	13	16	other	spk16_13.wav	53	2	0.603923082352	6	0.5	-0.278242677824268	0.0999999999999996	2.4
6_16	6	FALSE	25	16	other	spk16_25.wav	182	2	0.637378931046	6	0.5	0.261506276150628	0.0999999999999996	2.4
6_16	6	FALSE	2	16	other	spk16_2.wav	196	2	1.13954019547	6	0.5	0.320083682008368	0.0999999999999996	2.4
6_16	6	FALSE	23	16	other	spk16_23.wav	63	1	2.22261500359	6	0.5	-0.236401673640167	0.0999999999999996	2.4
6_16	6	FALSE	15	16	other	spk16_15.wav	4	3	0.736165046692	6	0.5	-0.48326359832636	0.0999999999999996	2.4
6_16	6	FALSE	44	16	other	spk16_44.wav	159	2	1.40527796745	6	0.5	0.165271966527197	0.0999999999999996	2.4
6_16	6	FALSE	1	16	other	spk16_1.wav	79	2	1.88934183121	6	0.5	-0.169456066945607	0.0999999999999996	2.4
6_16	6	FALSE	51	16	other	spk16_51.wav	201	1	0.919656991959	6	0.5	0.341004184100418	0.0999999999999996	2.4
6_16	6	FALSE	5	16	other	spk16_5.wav	162	2	0.98869395256	6	0.5	0.177824267782427	0.0999999999999996	2.4
6_16	6	FALSE	24	16	other	spk16_24.wav	16	2	1.08850502968	6	0.5	-0.433054393305439	0.0999999999999996	2.4
6_16	6	FALSE	55	16	other	spk16_55.wav	83	4	1.68985199928	6	0.5	-0.152719665271967	0.0999999999999996	2.4
6_16	6	FALSE	60	16	other	spk16_60.wav	84	2	0.754679918289	6	0.5	-0.148535564853557	0.0999999999999996	2.4
6_16	6	FALSE	7	16	other	spk16_7.wav	85	2	0.670886039734	6	0.5	-0.144351464435146	0.0999999999999996	2.4
6_16	6	FALSE	11	16	other	spk16_11.wav	62	2	0.804383039474	6	0.5	-0.240585774058577	0.0999999999999996	2.4
6_16	6	FALSE	37	16	other	spk16_37.wav	47	2	1.64067816734	6	0.5	-0.303347280334728	0.0999999999999996	2.4
6_16	6	FALSE	54	16	other	spk16_54.wav	169	2	0.954982995987	6	0.5	0.207112970711297	0.0999999999999996	2.4
6_16	6	FALSE	9	16	other	spk16_9.wav	89	1	1.18927979469	6	0.5	-0.127615062761506	0.0999999999999996	2.4
6_16	6	FALSE	27	16	other	spk16_27.wav	198	1	1.23712801933	6	0.5	0.328451882845188	0.0999999999999996	2.4
6_16	6	FALSE	57	16	other	spk16_57.wav	212	2	1.30624103546	6	0.5	0.387029288702929	0.0999999999999996	2.4
6_16	6	FALSE	35	16	other	spk16_35.wav	12	2	0.43791103363	6	0.5	-0.449790794979079	0.0999999999999996	2.4
6_16	6	FALSE	18	16	other	spk16_18.wav	174	2	1.47329688072	6	0.5	0.228033472803347	0.0999999999999996	2.4
6_16	6	FALSE	28	16	other	spk16_28.wav	95	2	1.0205271244	6	0.5	-0.102510460251046	0.0999999999999996	2.4
6_16	6	FALSE	45	16	other	spk16_45.wav	203	1	0.587298870087	6	0.5	0.349372384937239	0.0999999999999996	2.4
6_16	6	FALSE	53	16	other	spk16_53.wav	177	1	1.82363796234	6	0.5	0.240585774058577	0.0999999999999996	2.4
6_16	6	FALSE	6	16	other	spk16_6.wav	138	1	1.17219209671	6	0.5	0.0774058577405857	0.0999999999999996	2.4
6_16	6	FALSE	12	16	other	spk16_12.wav	18	2	1.60430407524	6	0.5	-0.424686192468619	0.0999999999999996	2.4
6_16	6	FALSE	22	16	other	spk16_22.wav	86	2	0.787729978561	6	0.5	-0.140167364016736	0.0999999999999996	2.4
6_16	6	FALSE	50	16	other	spk16_50.wav	221	2	1.87381410599	6	0.5	0.424686192468619	0.0999999999999996	2.4
6_16	6	FALSE	43	16	other	spk16_43.wav	222	2	0.671280145645	6	0.5	0.428870292887029	0.0999999999999996	2.4
6_16	6	FALSE	30	16	other	spk16_30.wav	183	2	1.00549292564	6	0.5	0.265690376569038	0.0999999999999996	2.4
6_16	6	FALSE	33	16	other	spk16_33.wav	50	1	1.506772995	6	0.5	-0.290794979079498	0.0999999999999996	2.4
6_16	6	FALSE	58	16	other	spk16_58.wav	145	2	0.603749036789	6	0.5	0.106694560669456	0.0999999999999996	2.4
6_16	6	FALSE	3	16	other	spk16_3.wav	226	1	2.12262487411	6	0.5	0.445606694560669	0.0999999999999996	2.4
6_16	6	FALSE	4	16	other	spk16_4.wav	106	2	2.29110097885	6	0.5	-0.0564853556485356	0.0999999999999996	2.4
6_16	6	FALSE	49	16	other	spk16_49.wav	188	4	3.4766690731	6	0.5	0.286610878661088	0.0999999999999996	2.4
6_16	6	FALSE	20	16	other	spk16_20.wav	216	2	0.836502075195	6	0.5	0.403765690376569	0.0999999999999996	2.4
6_16	6	FALSE	42	16	other	spk16_42.wav	69	2	1.40626597404	6	0.5	-0.211297071129707	0.0999999999999996	2.4
6_16	6	FALSE	46	16	other	spk16_46.wav	30	2	1.02160596848	6	0.5	-0.374476987447699	0.0999999999999996	2.4
6_16	6	FALSE	19	16	other	spk16_19.wav	111	1	1.92363405228	6	0.5	-0.0355648535564854	0.0999999999999996	2.4
6_16	6	FALSE	48	16	other	spk16_48.wav	72	3	2.42478609085	6	0.5	-0.198744769874477	0.0999999999999996	2.4
6_16	6	FALSE	34	16	other	spk16_34.wav	194	2	1.7236301899	6	0.5	0.311715481171548	0.0999999999999996	2.4
6_16	6	FALSE	16	16	other	spk16_16.wav	114	3	1.25597119331	6	0.5	-0.0230125523012552	0.0999999999999996	2.4
6_16	6	FALSE	32	16	other	spk16_32.wav	236	2	2.23972892761	6	0.5	0.48744769874477	0.0999999999999996	2.4
6_16	6	FALSE	17	16	other	spk16_17.wav	224	1	0.635126113892	6	0.5	0.437238493723849	0.0999999999999996	2.4
6_16	6	FALSE	31	16	other	spk16_31.wav	238	1	1.40642905235	6	0.5	0.49581589958159	0.0999999999999996	2.4
6_16	6	FALSE	56	16	other	spk16_56.wav	118	2	0.602738142014	6	0.5	-0.00627615062761505	0.0999999999999996	2.4
6_19	6	FALSE	46	19	other	spk19_46.wav	0	4	2.02424907684	6	0.5	-0.5	0.0999999999999996	2
6_19	6	FALSE	9	19	other	spk19_9.wav	122	2	1.40642595291	6	0.5	0.0104602510460251	0.0999999999999996	2
6_19	6	FALSE	56	19	other	spk19_56.wav	163	1	2.10557508469	6	0.5	0.182008368200837	0.0999999999999996	2
6_19	6	FALSE	14	19	other	spk19_14.wav	3	2	0.370139122009	6	0.5	-0.48744769874477	0.0999999999999996	2
6_19	6	FALSE	34	19	other	spk19_34.wav	165	2	0.76869893074	6	0.5	0.190376569037657	0.0999999999999996	2
6_19	6	FALSE	19	19	other	spk19_19.wav	166	2	2.90985798836	6	0.5	0.194560669456067	0.0999999999999996	2
6_19	6	FALSE	21	19	other	spk19_21.wav	207	2	0.771720170975	6	0.5	0.366108786610879	0.0999999999999996	2
6_19	6	FALSE	12	19	other	spk19_12.wav	168	2	0.520502090454	6	0.5	0.202928870292887	0.0999999999999996	2
6_19	6	FALSE	49	19	other	spk19_49.wav	8	4	0.804895162582	6	0.5	-0.46652719665272	0.0999999999999996	2
6_19	6	FALSE	43	19	other	spk19_43.wav	142	2	0.769508838654	6	0.5	0.0941422594142259	0.0999999999999996	2
6_19	6	FALSE	15	19	other	spk19_15.wav	90	2	2.29179191589	6	0.5	-0.123430962343096	0.0999999999999996	2
6_19	6	FALSE	27	19	other	spk19_27.wav	11	2	0.485301017761	6	0.5	-0.45397489539749	0.0999999999999996	2
6_19	6	FALSE	41	19	other	spk19_41.wav	133	2	0.92090511322	6	0.5	0.0564853556485355	0.0999999999999996	2
6_19	6	FALSE	45	19	other	spk19_45.wav	13	1	3.84551906586	6	0.5	-0.445606694560669	0.0999999999999996	2
6_19	6	FALSE	18	19	other	spk19_18.wav	215	2	1.38763999939	6	0.5	0.399581589958159	0.0999999999999996	2
6_19	6	FALSE	4	19	other	spk19_4.wav	68	1	0.754262924194	6	0.5	-0.215481171548117	0.0999999999999996	2
6_19	6	FALSE	11	19	other	spk19_11.wav	137	1	0.754739046097	6	0.5	0.0732217573221757	0.0999999999999996	2
6_19	6	FALSE	60	19	other	spk19_60.wav	17	2	0.75424695015	6	0.5	-0.428870292887029	0.0999999999999996	2
6_19	6	FALSE	13	19	other	spk19_13.wav	192	2	1.9914829731	6	0.5	0.303347280334728	0.0999999999999996	2
6_19	6	FALSE	16	19	other	spk19_16.wav	140	4	1.30550813675	6	0.5	0.0857740585774058	0.0999999999999996	2
6_19	6	FALSE	29	19	other	spk19_29.wav	33	1	0.570675134659	6	0.5	-0.361924686192469	0.0999999999999996	2
6_19	6	FALSE	23	19	other	spk19_23.wav	21	2	0.587100028992	6	0.5	-0.412133891213389	0.0999999999999996	2
6_19	6	FALSE	33	19	other	spk19_33.wav	75	1	0.587333917618	6	0.5	-0.186192468619247	0.0999999999999996	2
6_19	6	FALSE	22	19	other	spk19_22.wav	184	2	3.49473118782	6	0.5	0.269874476987448	0.0999999999999996	2
6_19	6	FALSE	8	19	other	spk19_8.wav	64	2	0.905320882797	6	0.5	-0.232217573221757	0.0999999999999996	2
6_19	6	FALSE	55	19	other	spk19_55.wav	185	2	1.72339105606	6	0.5	0.274058577405858	0.0999999999999996	2
6_19	6	FALSE	44	19	other	spk19_44.wav	26	2	0.721710920334	6	0.5	-0.391213389121339	0.0999999999999996	2
6_19	6	FALSE	5	19	other	spk19_5.wav	148	2	2.09091281891	6	0.5	0.119246861924686	0.0999999999999996	2
6_19	6	FALSE	28	19	other	spk19_28.wav	41	1	0.736675024033	6	0.5	-0.328451882845188	0.0999999999999996	2
6_19	6	FALSE	39	19	other	spk19_39.wav	150	2	2.27475404739	6	0.5	0.127615062761506	0.0999999999999996	2
6_19	6	FALSE	36	19	other	spk19_36.wav	70	2	1.08872699738	6	0.5	-0.207112970711297	0.0999999999999996	2
6_19	6	FALSE	26	19	other	spk19_26.wav	57	2	0.47035908699	6	0.5	-0.261506276150628	0.0999999999999996	2
6_19	6	FALSE	53	19	other	spk19_53.wav	97	1	1.85710000992	6	0.5	-0.0941422594142259	0.0999999999999996	2
6_19	6	FALSE	25	19	other	spk19_25.wav	103	1	1.606580019	6	0.5	-0.0690376569037657	0.0999999999999996	2
6_19	6	FALSE	30	19	other	spk19_30.wav	74	2	0.303440093994	6	0.5	-0.190376569037657	0.0999999999999996	2
6_19	6	FALSE	50	19	other	spk19_50.wav	48	1	1.15546703339	6	0.5	-0.299163179916318	0.0999999999999996	2
6_19	6	FALSE	3	19	other	spk19_3.wav	195	1	0.78796005249	6	0.5	0.315899581589958	0.0999999999999996	2
6_19	6	FALSE	48	19	other	spk19_48.wav	214	3	2.27488589287	6	0.5	0.395397489539749	0.0999999999999996	2
6_19	6	FALSE	17	19	other	spk19_17.wav	199	1	1.40674209595	6	0.5	0.332635983263598	0.0999999999999996	2
6_19	6	FALSE	59	19	other	spk19_59.wav	200	1	1.12095499039	6	0.5	0.336820083682008	0.0999999999999996	2
6_19	6	FALSE	37	19	other	spk19_37.wav	93	3	1.45558285713	6	0.5	-0.110878661087866	0.0999999999999996	2
6_19	6	FALSE	40	19	other	spk19_40.wav	66	2	1.07196593285	6	0.5	-0.223849372384937	0.0999999999999996	2
6_19	6	FALSE	35	19	other	spk19_35.wav	228	2	1.6733520031	6	0.5	0.45397489539749	0.0999999999999996	2
6_19	6	FALSE	58	19	other	spk19_58.wav	164	2	1.05284690857	6	0.5	0.186192468619247	0.0999999999999996	2
6_19	6	FALSE	51	19	other	spk19_51.wav	110	2	2.54155611992	6	0.5	-0.0397489539748954	0.0999999999999996	2
6_19	6	FALSE	7	19	other	spk19_7.wav	204	3	3.2108130455	6	0.5	0.353556485355649	0.0999999999999996	2
6_19	6	FALSE	24	19	other	spk19_24.wav	107	2	1.08863306046	6	0.5	-0.0523012552301255	0.0999999999999996	2
6_19	6	FALSE	20	19	other	spk19_20.wav	208	2	1.92433810234	6	0.5	0.370292887029289	0.0999999999999996	2
6_19	6	FALSE	31	19	other	spk19_31.wav	61	2	0.854034900665	6	0.5	-0.244769874476987	0.0999999999999996	2
6_19	6	FALSE	1	19	other	spk19_1.wav	225	1	3.01008796692	6	0.5	0.441422594142259	0.0999999999999996	2
6_19	6	FALSE	42	19	other	spk19_42.wav	213	1	1.90722608566	6	0.5	0.391213389121339	0.0999999999999996	2
6_19	6	FALSE	32	19	other	spk19_32.wav	51	2	1.90777301788	6	0.5	-0.286610878661088	0.0999999999999996	2
6_19	6	FALSE	38	19	other	spk19_38.wav	173	2	0.988150835037	6	0.5	0.223849372384937	0.0999999999999996	2
6_19	6	FALSE	54	19	other	spk19_54.wav	109	1	1.47274708748	6	0.5	-0.0439330543933054	0.0999999999999996	2
6_19	6	FALSE	2	19	other	spk19_2.wav	91	2	2.00734806061	6	0.5	-0.119246861924686	0.0999999999999996	2
6_19	6	FALSE	47	19	other	spk19_47.wav	81	2	0.738463163376	6	0.5	-0.161087866108787	0.0999999999999996	2
6_19	6	FALSE	57	19	other	spk19_57.wav	217	2	2.50915408134	6	0.5	0.407949790794979	0.0999999999999996	2
6_19	6	FALSE	10	19	other	spk19_10.wav	121	2	1.32258105278	6	0.5	0.00627615062761511	0.0999999999999996	2
6_19	6	FALSE	6	19	other	spk19_6.wav	234	2	2.07441687584	6	0.5	0.47907949790795	0.0999999999999996	2
6_19	6	FALSE	52	19	other	spk19_52.wav	104	2	0.93683886528	6	0.5	-0.0648535564853556	0.0999999999999996	2
6_3	6	FALSE	60	3	other	spk3_60.wav	37	2	0.569880008698	6	0.5	-0.345188284518828	0.0999999999999996	2.5
6_3	6	FALSE	31	3	other	spk3_31.wav	36	2	0.887814044952	6	0.5	-0.349372384937238	0.0999999999999996	2.5
6_3	6	FALSE	52	3	other	spk3_52.wav	171	1	1.13869380951	6	0.5	0.215481171548117	0.0999999999999996	2.5
6_3	6	FALSE	7	3	other	spk3_7.wav	34	2	1.17075800896	6	0.5	-0.357740585774059	0.0999999999999996	2.5
6_3	6	FALSE	15	3	other	spk3_15.wav	130	2	1.487844944	6	0.5	0.0439330543933054	0.0999999999999996	2.5
6_3	6	FALSE	22	3	other	spk3_22.wav	101	2	1.45604801178	6	0.5	-0.0774058577405858	0.0999999999999996	2.5
6_3	6	FALSE	4	3	other	spk3_4.wav	176	2	1.1057009697	6	0.5	0.236401673640167	0.0999999999999996	2.5
6_3	6	FALSE	37	3	other	spk3_37.wav	19	3	1.47179198265	6	0.5	-0.420502092050209	0.0999999999999996	2.5
6_3	6	FALSE	25	3	other	spk3_25.wav	239	1	1.27049803734	6	0.5	0.5	0.0999999999999996	2.5
6_3	6	FALSE	59	3	other	spk3_59.wav	100	3	1.05584597588	6	0.5	-0.0815899581589958	0.0999999999999996	2.5
6_3	6	FALSE	46	3	other	spk3_46.wav	45	4	0.787842035294	6	0.5	-0.311715481171548	0.0999999999999996	2.5
6_3	6	FALSE	9	3	other	spk3_9.wav	158	2	0.503914117813	6	0.5	0.161087866108787	0.0999999999999996	2.5
6_3	6	FALSE	53	3	other	spk3_53.wav	76	3	2.49062800407	6	0.5	-0.182008368200837	0.0999999999999996	2.5
6_3	6	FALSE	40	3	other	spk3_40.wav	24	4	1.64082098007	6	0.5	-0.399581589958159	0.0999999999999996	2.5
6_3	6	FALSE	51	3	other	spk3_51.wav	117	3	1.98898005486	6	0.5	-0.0104602510460251	0.0999999999999996	2.5
6_3	6	FALSE	44	3	other	spk3_44.wav	190	2	1.00475287437	6	0.5	0.294979079497908	0.0999999999999996	2.5
6_3	6	FALSE	43	3	other	spk3_43.wav	88	2	1.9579398632	6	0.5	-0.131799163179916	0.0999999999999996	2.5
6_3	6	FALSE	23	3	other	spk3_23.wav	209	2	2.82669115067	6	0.5	0.374476987447699	0.0999999999999996	2.5
6_3	6	FALSE	48	3	other	spk3_48.wav	99	3	0.837326049805	6	0.5	-0.0857740585774058	0.0999999999999996	2.5
6_3	6	FALSE	55	3	other	spk3_55.wav	179	2	1.35674881935	6	0.5	0.248953974895398	0.0999999999999996	2.5
6_3	6	FALSE	5	3	other	spk3_5.wav	73	3	1.48737406731	6	0.5	-0.194560669456067	0.0999999999999996	2.5
6_3	6	FALSE	8	3	other	spk3_8.wav	92	2	1.35608291626	6	0.5	-0.115062761506276	0.0999999999999996	2.5
6_3	6	FALSE	12	3	other	spk3_12.wav	156	2	2.04087495804	6	0.5	0.152719665271967	0.0999999999999996	2.5
6_3	6	FALSE	41	3	other	spk3_41.wav	155	3	1.67330288887	6	0.5	0.148535564853556	0.0999999999999996	2.5
6_3	6	FALSE	6	3	other	spk3_6.wav	157	2	1.53924202919	6	0.5	0.156903765690377	0.0999999999999996	2.5
6_3	6	FALSE	35	3	other	spk3_35.wav	20	3	0.95406794548	6	0.5	-0.416317991631799	0.0999999999999996	2.5
6_3	6	FALSE	49	3	other	spk3_49.wav	227	4	3.19123411179	6	0.5	0.449790794979079	0.0999999999999996	2.5
6_3	6	FALSE	45	3	other	spk3_45.wav	55	3	0.635274171829	6	0.5	-0.269874476987448	0.0999999999999996	2.5
6_3	6	FALSE	3	3	other	spk3_3.wav	14	2	1.20295095444	6	0.5	-0.441422594142259	0.0999999999999996	2.5
6_3	6	FALSE	17	3	other	spk3_17.wav	28	2	0.737809181213	6	0.5	-0.382845188284519	0.0999999999999996	2.5
6_3	6	FALSE	10	3	other	spk3_10.wav	96	2	3.42687416077	6	0.5	-0.098326359832636	0.0999999999999996	2.5
6_3	6	FALSE	33	3	other	spk3_33.wav	124	2	1.97470283508	6	0.5	0.0188284518828452	0.0999999999999996	2.5
6_3	6	FALSE	27	3	other	spk3_27.wav	193	2	1.3558139801	6	0.5	0.307531380753138	0.0999999999999996	2.5
6_3	6	FALSE	56	3	other	spk3_56.wav	219	1	1.18920707703	6	0.5	0.416317991631799	0.0999999999999996	2.5
6_3	6	FALSE	54	3	other	spk3_54.wav	235	2	1.40450811386	6	0.5	0.48326359832636	0.0999999999999996	2.5
6_3	6	FALSE	42	3	other	spk3_42.wav	7	3	0.955667972565	6	0.5	-0.47071129707113	0.0999999999999996	2.5
6_3	6	FALSE	13	3	other	spk3_13.wav	40	3	0.754342079163	6	0.5	-0.332635983263598	0.0999999999999996	2.5
6_3	6	FALSE	24	3	other	spk3_24.wav	223	2	1.57314395905	6	0.5	0.433054393305439	0.0999999999999996	2.5
6_3	6	FALSE	30	3	other	spk3_30.wav	211	2	0.871657848358	6	0.5	0.382845188284519	0.0999999999999996	2.5
6_3	6	FALSE	58	3	other	spk3_58.wav	119	3	2.25795102119	6	0.5	-0.002092050209205	0.0999999999999996	2.5
6_3	6	FALSE	19	3	other	spk3_19.wav	29	3	0.972163915634	6	0.5	-0.378661087866109	0.0999999999999996	2.5
6_3	6	FALSE	11	3	other	spk3_11.wav	161	2	0.88795876503	6	0.5	0.173640167364017	0.0999999999999996	2.5
6_3	6	FALSE	21	3	other	spk3_21.wav	202	2	3.37776780128	6	0.5	0.345188284518828	0.0999999999999996	2.5
6_3	6	FALSE	50	3	other	spk3_50.wav	2	3	1.155356884	6	0.5	-0.49163179916318	0.0999999999999996	2.5
6_3	6	FALSE	34	3	other	spk3_34.wav	60	3	1.50580596924	6	0.5	-0.248953974895398	0.0999999999999996	2.5
6_3	6	FALSE	38	3	other	spk3_38.wav	139	2	0.836678981781	6	0.5	0.0815899581589958	0.0999999999999996	2.5
6_3	6	FALSE	39	3	other	spk3_39.wav	134	3	1.99093294144	6	0.5	0.0606694560669456	0.0999999999999996	2.5
6_3	6	FALSE	26	3	other	spk3_26.wav	59	2	0.888466119766	6	0.5	-0.253138075313807	0.0999999999999996	2.5
6_3	6	FALSE	16	3	other	spk3_16.wav	172	2	1.32326889038	6	0.5	0.219665271966527	0.0999999999999996	2.5
6_3	6	FALSE	47	3	other	spk3_47.wav	186	3	3.04365086555	6	0.5	0.278242677824268	0.0999999999999996	2.5
6_3	6	FALSE	57	3	other	spk3_57.wav	191	2	3.64268493652	6	0.5	0.299163179916318	0.0999999999999996	2.5
6_3	6	FALSE	28	3	other	spk3_28.wav	197	2	2.69264507294	6	0.5	0.324267782426778	0.0999999999999996	2.5
6_3	6	FALSE	20	3	other	spk3_20.wav	189	2	1.7735221386	6	0.5	0.290794979079498	0.0999999999999996	2.5
6_3	6	FALSE	14	3	other	spk3_14.wav	108	2	1.0029001236	6	0.5	-0.0481171548117155	0.0999999999999996	2.5
6_3	6	FALSE	2	3	other	spk3_2.wav	220	3	2.92684197426	6	0.5	0.420502092050209	0.0999999999999996	2.5
6_3	6	FALSE	32	3	other	spk3_32.wav	94	2	2.65680289268	6	0.5	-0.106694560669456	0.0999999999999996	2.5
6_3	6	FALSE	29	3	other	spk3_29.wav	233	3	1.07185411453	6	0.5	0.47489539748954	0.0999999999999996	2.5
6_3	6	FALSE	1	3	other	spk3_1.wav	154	3	2.20805215836	6	0.5	0.144351464435146	0.0999999999999996	2.5
6_3	6	FALSE	36	3	other	spk3_36.wav	116	2	1.95514297485	6	0.5	-0.0146443514644352	0.0999999999999996	2.5
6_3	6	FALSE	18	3	other	spk3_18.wav	65	3	1.69053196907	6	0.5	-0.228033472803347	0.0999999999999996	2.5
6_6	6	FALSE	14	6	self	spk6_14.wav	141	1	1.0725839138	6	-0.5	0.0899581589958159	0.0999999999999996	2.2
6_6	6	FALSE	56	6	self	spk6_56.wav	180	2	1.5904750824	6	-0.5	0.253138075313807	0.0999999999999996	2.2
6_6	6	FALSE	7	6	self	spk6_7.wav	32	1	1.49041008949	6	-0.5	-0.366108786610879	0.0999999999999996	2.2
6_6	6	FALSE	21	6	self	spk6_21.wav	127	2	1.00478100777	6	-0.5	0.0313807531380753	0.0999999999999996	2.2
6_6	6	FALSE	8	6	self	spk6_8.wav	10	1	0.788547992706	6	-0.5	-0.4581589958159	0.0999999999999996	2.2
6_6	6	FALSE	16	6	self	spk6_16.wav	237	3	2.50728416443	6	-0.5	0.49163179916318	0.0999999999999996	2.2
6_6	6	FALSE	22	6	self	spk6_22.wav	77	2	0.938329219818	6	-0.5	-0.177824267782427	0.0999999999999996	2.2
6_6	6	FALSE	55	6	self	spk6_55.wav	136	2	0.868977069855	6	-0.5	0.0690376569037657	0.0999999999999996	2.2
6_6	6	FALSE	37	6	self	spk6_37.wav	123	1	1.93918800354	6	-0.5	0.0146443514644351	0.0999999999999996	2.2
6_6	6	FALSE	54	6	self	spk6_54.wav	49	2	2.07460999489	6	-0.5	-0.294979079497908	0.0999999999999996	2.2
6_6	6	FALSE	17	6	self	spk6_17.wav	126	1	0.47039103508	6	-0.5	0.0271966527196653	0.0999999999999996	2.2
6_6	6	FALSE	34	6	self	spk6_34.wav	98	2	2.2918510437	6	-0.5	-0.0899581589958159	0.0999999999999996	2.2
6_6	6	FALSE	11	6	self	spk6_11.wav	112	2	0.971652030945	6	-0.5	-0.0313807531380753	0.0999999999999996	2.2
6_6	6	FALSE	2	6	self	spk6_2.wav	181	4	2.82537698746	6	-0.5	0.257322175732218	0.0999999999999996	2.2
6_6	6	FALSE	4	6	self	spk6_4.wav	210	1	1.17241811752	6	-0.5	0.378661087866109	0.0999999999999996	2.2
6_6	6	FALSE	47	6	self	spk6_47.wav	22	3	1.27145695686	6	-0.5	-0.407949790794979	0.0999999999999996	2.2
6_6	6	FALSE	12	6	self	spk6_12.wav	102	2	1.60741400719	6	-0.5	-0.0732217573221757	0.0999999999999996	2.2
6_6	6	FALSE	24	6	self	spk6_24.wav	23	1	0.536791086197	6	-0.5	-0.403765690376569	0.0999999999999996	2.2
6_6	6	FALSE	41	6	self	spk6_41.wav	58	2	1.70688915253	6	-0.5	-0.257322175732218	0.0999999999999996	2.2
6_6	6	FALSE	59	6	self	spk6_59.wav	80	2	1.87426900864	6	-0.5	-0.165271966527197	0.0999999999999996	2.2
6_6	6	FALSE	45	6	self	spk6_45.wav	120	2	0.403421163559	6	-0.5	0.002092050209205	0.0999999999999996	2.2
6_6	6	FALSE	6	6	self	spk6_6.wav	175	2	1.02058601379	6	-0.5	0.232217573221757	0.0999999999999996	2.2
6_6	6	FALSE	26	6	self	spk6_26.wav	113	2	2.97664499283	6	-0.5	-0.0271966527196653	0.0999999999999996	2.2
6_6	6	FALSE	1	6	self	spk6_1.wav	125	1	0.7040579319	6	-0.5	0.0230125523012552	0.0999999999999996	2.2
6_6	6	FALSE	60	6	self	spk6_60.wav	31	2	0.620042085648	6	-0.5	-0.370292887029289	0.0999999999999996	2.2
6_6	6	FALSE	51	6	self	spk6_51.wav	206	2	1.68793702126	6	-0.5	0.361924686192469	0.0999999999999996	2.2
6_6	6	FALSE	27	6	self	spk6_27.wav	167	1	1.23952102661	6	-0.5	0.198744769874477	0.0999999999999996	2.2
6_6	6	FALSE	50	6	self	spk6_50.wav	128	1	0.687938928604	6	-0.5	0.0355648535564853	0.0999999999999996	2.2
6_6	6	FALSE	44	6	self	spk6_44.wav	87	1	1.02065396309	6	-0.5	-0.135983263598326	0.0999999999999996	2.2
6_6	6	FALSE	9	6	self	spk6_9.wav	115	2	0.753996133804	6	-0.5	-0.0188284518828452	0.0999999999999996	2.2
6_6	6	FALSE	32	6	self	spk6_32.wav	135	3	1.02183103561	6	-0.5	0.0648535564853556	0.0999999999999996	2.2
6_6	6	FALSE	58	6	self	spk6_58.wav	143	2	1.12295603752	6	-0.5	0.0983263598326359	0.0999999999999996	2.2
6_6	6	FALSE	30	6	self	spk6_30.wav	39	2	0.653720855713	6	-0.5	-0.336820083682008	0.0999999999999996	2.2
6_6	6	FALSE	15	6	self	spk6_15.wav	52	3	2.39218401909	6	-0.5	-0.282426778242678	0.0999999999999996	2.2
6_6	6	FALSE	18	6	self	spk6_18.wav	178	2	0.753968954086	6	-0.5	0.244769874476987	0.0999999999999996	2.2
6_6	6	FALSE	39	6	self	spk6_39.wav	82	2	0.988349199295	6	-0.5	-0.156903765690377	0.0999999999999996	2.2
6_6	6	FALSE	49	6	self	spk6_49.wav	1	4	0.95477104187	6	-0.5	-0.49581589958159	0.0999999999999996	2.2
6_6	6	FALSE	46	6	self	spk6_46.wav	205	2	1.54064488411	6	-0.5	0.357740585774059	0.0999999999999996	2.2
6_6	6	FALSE	20	6	self	spk6_20.wav	146	1	1.37256288528	6	-0.5	0.110878661087866	0.0999999999999996	2.2
6_6	6	FALSE	10	6	self	spk6_10.wav	71	2	1.99095892906	6	-0.5	-0.202928870292887	0.0999999999999996	2.2
6_6	6	FALSE	29	6	self	spk6_29.wav	153	3	1.12187004089	6	-0.5	0.140167364016736	0.0999999999999996	2.2
6_6	6	FALSE	48	6	self	spk6_48.wav	25	3	2.45635604858	6	-0.5	-0.395397489539749	0.0999999999999996	2.2
6_6	6	FALSE	52	6	self	spk6_52.wav	151	2	2.84344410896	6	-0.5	0.131799163179916	0.0999999999999996	2.2
6_6	6	FALSE	31	6	self	spk6_31.wav	67	1	0.703821897507	6	-0.5	-0.219665271966527	0.0999999999999996	2.2
6_6	6	FALSE	57	6	self	spk6_57.wav	149	2	1.57172989845	6	-0.5	0.123430962343096	0.0999999999999996	2.2
6_6	6	FALSE	42	6	self	spk6_42.wav	229	2	2.47424912453	6	-0.5	0.4581589958159	0.0999999999999996	2.2
6_6	6	FALSE	28	6	self	spk6_28.wav	131	1	1.99080991745	6	-0.5	0.0481171548117155	0.0999999999999996	2.2
6_6	6	FALSE	25	6	self	spk6_25.wav	232	2	1.80705904961	6	-0.5	0.47071129707113	0.0999999999999996	2.2
6_6	6	FALSE	38	6	self	spk6_38.wav	218	3	2.091132164	6	-0.5	0.412133891213389	0.0999999999999996	2.2
6_6	6	FALSE	43	6	self	spk6_43.wav	54	1	2.17468905449	6	-0.5	-0.274058577405858	0.0999999999999996	2.2
6_6	6	FALSE	19	6	self	spk6_19.wav	187	2	1.28920412064	6	-0.5	0.282426778242678	0.0999999999999996	2.2
6_6	6	FALSE	35	6	self	spk6_35.wav	78	3	2.49209880829	6	-0.5	-0.173640167364017	0.0999999999999996	2.2
6_6	6	FALSE	53	6	self	spk6_53.wav	160	1	1.75598907471	6	-0.5	0.169456066945607	0.0999999999999996	2.2
6_6	6	FALSE	5	6	self	spk6_5.wav	231	2	0.753420114517	6	-0.5	0.46652719665272	0.0999999999999996	2.2
6_6	6	FALSE	13	6	self	spk6_13.wav	42	2	1.07185816765	6	-0.5	-0.324267782426778	0.0999999999999996	2.2
6_6	6	FALSE	40	6	self	spk6_40.wav	43	1	1.12201595306	6	-0.5	-0.320083682008368	0.0999999999999996	2.2
6_6	6	FALSE	33	6	self	spk6_33.wav	230	1	0.503210067749	6	-0.5	0.46234309623431	0.0999999999999996	2.2
6_6	6	FALSE	36	6	self	spk6_36.wav	132	3	1.43934893608	6	-0.5	0.0523012552301255	0.0999999999999996	2.2
6_6	6	FALSE	3	6	self	spk6_3.wav	105	2	1.50639891624	6	-0.5	-0.0606694560669456	0.0999999999999996	2.2
6_6	6	FALSE	23	6	self	spk6_23.wav	27	2	0.604059934616	6	-0.5	-0.387029288702929	0.0999999999999996	2.2
7_17	7	A	2	17	other	spk17_2.wav	48	6	0.821520090103	7	0.5	-0.299163179916318	0	1
7_17	7	A	20	17	other	spk17_20.wav	161	6	0.203311920166	7	0.5	0.173640167364017	0	1
7_17	7	A	26	17	other	spk17_26.wav	134	6	0.0344319343567	7	0.5	0.0606694560669456	0	1
7_17	7	A	56	17	other	spk17_56.wav	102	6	0.655417919159	7	0.5	-0.0732217573221757	0	1
7_17	7	A	27	17	other	spk17_27.wav	9	3	2.65755581856	7	0.5	-0.46234309623431	0	1
7_17	7	A	48	17	other	spk17_48.wav	30	3	0.287358045578	7	0.5	-0.374476987447699	0	1
7_17	7	A	53	17	other	spk17_53.wav	80	3	2.10793280602	7	0.5	-0.165271966527197	0	1
7_17	7	A	22	17	other	spk17_22.wav	53	3	0.972085952759	7	0.5	-0.278242677824268	0	1
7_17	7	A	57	17	other	spk17_57.wav	54	3	0.653997898102	7	0.5	-0.274058577405858	0	1
7_17	7	A	19	17	other	spk17_19.wav	7	1	1.42036294937	7	0.5	-0.47071129707113	0	1
7_17	7	A	25	17	other	spk17_25.wav	29	3	0.320149898529	7	0.5	-0.378661087866109	0	1
7_17	7	A	16	17	other	spk17_16.wav	191	6	0.337190151215	7	0.5	0.299163179916318	0	1
7_17	7	A	9	17	other	spk17_9.wav	139	6	0.38539481163	7	0.5	0.0815899581589958	0	1
7_17	7	A	15	17	other	spk17_15.wav	136	6	0.13675403595	7	0.5	0.0690376569037657	0	1
7_17	7	A	13	17	other	spk17_13.wav	181	6	0.620584964752	7	0.5	0.257322175732218	0	1
7_17	7	A	14	17	other	spk17_14.wav	155	6	0.270211935043	7	0.5	0.148535564853556	0	1
7_17	7	A	24	17	other	spk17_24.wav	22	3	1.9239358902	7	0.5	-0.407949790794979	0	1
7_17	7	A	40	17	other	spk17_40.wav	157	6	0.136556148529	7	0.5	0.156903765690377	0	1
7_17	7	A	18	17	other	spk17_18.wav	40	1	1.60438990593	7	0.5	-0.332635983263598	0	1
7_17	7	A	43	17	other	spk17_43.wav	38	3	1.05419802666	7	0.5	-0.341004184100418	0	1
7_17	7	A	35	17	other	spk17_35.wav	39	6	2.55879807472	7	0.5	-0.336820083682008	0	1
7_17	7	A	7	17	other	spk17_7.wav	201	6	0.284292936325	7	0.5	0.341004184100418	0	1
7_17	7	A	55	17	other	spk17_55.wav	42	6	2.5579020977	7	0.5	-0.324267782426778	0	1
7_17	7	A	34	17	other	spk17_34.wav	163	6	0.504462957382	7	0.5	0.182008368200837	0	1
7_17	7	A	31	17	other	spk17_31.wav	44	6	2.07445883751	7	0.5	-0.315899581589958	0	1
7_17	7	A	39	17	other	spk17_39.wav	165	6	0.185381889343	7	0.5	0.190376569037657	0	1
7_17	7	A	60	17	other	spk17_60.wav	127	6	0.103084087372	7	0.5	0.0313807531380753	0	1
7_17	7	A	10	17	other	spk17_10.wav	86	4	3.04215407372	7	0.5	-0.140167364016736	0	1
7_17	7	A	30	17	other	spk17_30.wav	47	3	0.954733133316	7	0.5	-0.303347280334728	0	1
7_17	7	A	50	17	other	spk17_50.wav	88	6	1.38935685158	7	0.5	-0.131799163179916	0	1
7_17	7	A	12	17	other	spk17_12.wav	130	3	1.00551509857	7	0.5	0.0439330543933054	0	1
7_17	7	A	44	17	other	spk17_44.wav	78	6	1.4734609127	7	0.5	-0.173640167364017	0	1
7_17	7	A	8	17	other	spk17_8.wav	11	3	2.44200587273	7	0.5	-0.45397489539749	0	1
7_17	7	A	54	17	other	spk17_54.wav	92	1	1.88880586624	7	0.5	-0.115062761506276	0	1
7_17	7	A	21	17	other	spk17_21.wav	93	3	1.3379240036	7	0.5	-0.110878661087866	0	1
7_17	7	A	51	17	other	spk17_51.wav	215	6	0.253700017929	7	0.5	0.399581589958159	0	1
7_17	7	A	41	17	other	spk17_41.wav	55	3	0.837423086166	7	0.5	-0.269874476987448	0	1
7_17	7	A	28	17	other	spk17_28.wav	137	6	0.45384311676	7	0.5	0.0732217573221757	0	1
7_17	7	A	32	17	other	spk17_32.wav	97	4	1.85713887215	7	0.5	-0.0941422594142259	0	1
7_17	7	A	5	17	other	spk17_5.wav	58	3	0.387244939804	7	0.5	-0.257322175732218	0	1
7_17	7	A	59	17	other	spk17_59.wav	99	1	1.70716094971	7	0.5	-0.0857740585774058	0	1
7_17	7	A	29	17	other	spk17_29.wav	221	6	0.803862094879	7	0.5	0.424686192468619	0	1
7_17	7	A	6	17	other	spk17_6.wav	222	6	0.536083936691	7	0.5	0.428870292887029	0	1
7_17	7	A	47	17	other	spk17_47.wav	223	6	0.654571056366	7	0.5	0.433054393305439	0	1
7_17	7	A	4	17	other	spk17_4.wav	224	6	0.721899032593	7	0.5	0.437238493723849	0	1
7_17	7	A	17	17	other	spk17_17.wav	64	3	0.754410028458	7	0.5	-0.232217573221757	0	1
7_17	7	A	49	17	other	spk17_49.wav	25	3	1.63770604134	7	0.5	-0.395397489539749	0	1
7_17	7	A	3	17	other	spk17_3.wav	66	6	1.18899798393	7	0.5	-0.223849372384937	0	1
7_17	7	A	42	17	other	spk17_42.wav	67	3	0.604717969894	7	0.5	-0.219665271966527	0	1
7_17	7	A	38	17	other	spk17_38.wav	108	6	1.10577297211	7	0.5	-0.0481171548117155	0	1
7_17	7	A	45	17	other	spk17_45.wav	230	6	0.219607114792	7	0.5	0.46234309623431	0	1
7_17	7	A	33	17	other	spk17_33.wav	231	6	0.167641878128	7	0.5	0.46652719665272	0	1
7_17	7	A	52	17	other	spk17_52.wav	152	6	0.169543981552	7	0.5	0.135983263598326	0	1
7_17	7	A	23	17	other	spk17_23.wav	153	6	0.852667093277	7	0.5	0.140167364016736	0	1
7_17	7	A	1	17	other	spk17_1.wav	154	6	0.220211982727	7	0.5	0.144351464435146	0	1
7_17	7	A	11	17	other	spk17_11.wav	235	6	0.336760997772	7	0.5	0.48326359832636	0	1
7_17	7	A	36	17	other	spk17_36.wav	36	6	2.20810580254	7	0.5	-0.349372384937238	0	1
7_17	7	A	37	17	other	spk17_37.wav	197	6	0.704653024673	7	0.5	0.324267782426778	0	1
7_17	7	A	46	17	other	spk17_46.wav	198	6	0.652796983719	7	0.5	0.328451882845188	0	1
7_17	7	A	58	17	other	spk17_58.wav	199	6	0.804470062256	7	0.5	0.332635983263598	0	1
7_21	7	A	23	21	other	spk21_23.wav	0	1	3.44419002533	7	0.5	-0.5	0	1
7_21	7	A	19	21	other	spk21_19.wav	1	1	3.01033496857	7	0.5	-0.49581589958159	0	1
7_21	7	A	56	21	other	spk21_56.wav	149	6	0.183727025986	7	0.5	0.123430962343096	0	1
7_21	7	A	13	21	other	spk21_13.wav	3	1	4.59723210335	7	0.5	-0.48744769874477	0	1
7_21	7	A	12	21	other	spk21_12.wav	4	1	2.45627498627	7	0.5	-0.48326359832636	0	1
7_21	7	A	1	21	other	spk21_1.wav	98	3	0.568661928177	7	0.5	-0.0899581589958159	0	1
7_21	7	A	35	21	other	spk21_35.wav	6	1	2.05835103989	7	0.5	-0.47489539748954	0	1
7_21	7	A	39	21	other	spk21_39.wav	168	6	0.553736925125	7	0.5	0.202928870292887	0	1
7_21	7	A	9	21	other	spk21_9.wav	8	1	1.57390499115	7	0.5	-0.46652719665272	0	1
7_21	7	A	51	21	other	spk21_51.wav	49	1	1.99069595337	7	0.5	-0.294979079497908	0	1
7_21	7	A	52	21	other	spk21_52.wav	10	1	2.60934996605	7	0.5	-0.4581589958159	0	1
7_21	7	A	17	21	other	spk21_17.wav	132	6	2.4251241684	7	0.5	0.0523012552301255	0	1
7_21	7	A	43	21	other	spk21_43.wav	12	1	3.32768321037	7	0.5	-0.449790794979079	0	1
7_21	7	A	15	21	other	spk21_15.wav	13	1	1.57127189636	7	0.5	-0.445606694560669	0	1
7_21	7	A	16	21	other	spk21_16.wav	94	3	1.90725207329	7	0.5	-0.106694560669456	0	1
7_21	7	A	37	21	other	spk21_37.wav	227	6	0.269057035446	7	0.5	0.449790794979079	0	1
7_21	7	A	54	21	other	spk21_54.wav	16	1	0.938627958298	7	0.5	-0.433054393305439	0	1
7_21	7	A	50	21	other	spk21_50.wav	178	6	0.320693969727	7	0.5	0.244769874476987	0	1
7_21	7	A	3	21	other	spk21_3.wav	31	1	0.988973140717	7	0.5	-0.370292887029289	0	1
7_21	7	A	14	21	other	spk21_14.wav	193	6	0.453664064407	7	0.5	0.307531380753138	0	1
7_21	7	A	6	21	other	spk21_6.wav	60	3	0.804610967636	7	0.5	-0.248953974895398	0	1
7_21	7	A	48	21	other	spk21_48.wav	21	1	1.12177395821	7	0.5	-0.412133891213389	0	1
7_21	7	A	33	21	other	spk21_33.wav	142	6	0.15292596817	7	0.5	0.0941422594142259	0	1
7_21	7	A	53	21	other	spk21_53.wav	23	1	0.905201911926	7	0.5	-0.403765690376569	0	1
7_21	7	A	42	21	other	spk21_42.wav	104	3	1.35491490364	7	0.5	-0.0648535564853556	0	1
7_21	7	A	18	21	other	spk21_18.wav	105	6	1.40626215935	7	0.5	-0.0606694560669456	0	1
7_21	7	A	21	21	other	spk21_21.wav	147	6	0.0196101665497	7	0.5	0.115062761506276	0	1
7_21	7	A	34	21	other	spk21_34.wav	228	6	0.0533349514008	7	0.5	0.45397489539749	0	1
7_21	7	A	58	21	other	spk21_58.wav	214	6	0.203642845154	7	0.5	0.395397489539749	0	1
7_21	7	A	28	21	other	spk21_28.wav	69	3	1.35499191284	7	0.5	-0.211297071129707	0	1
7_21	7	A	7	21	other	spk21_7.wav	70	3	0.585778951645	7	0.5	-0.207112970711297	0	1
7_21	7	A	40	21	other	spk21_40.wav	84	4	2.24140000343	7	0.5	-0.148535564853557	0	1
7_21	7	A	11	21	other	spk21_11.wav	232	6	0.303040981293	7	0.5	0.47071129707113	0	1
7_21	7	A	30	21	other	spk21_30.wav	194	6	0.570662021637	7	0.5	0.311715481171548	0	1
7_21	7	A	36	21	other	spk21_36.wav	34	6	2.54124188423	7	0.5	-0.357740585774059	0	1
7_21	7	A	38	21	other	spk21_38.wav	115	6	0.150709867477	7	0.5	-0.0188284518828452	0	1
7_21	7	A	46	21	other	spk21_46.wav	89	3	1.20624279976	7	0.5	-0.127615062761506	0	1
7_21	7	A	26	21	other	spk21_26.wav	117	1	1.47290802002	7	0.5	-0.0104602510460251	0	1
7_21	7	A	59	21	other	spk21_59.wav	118	3	0.202695131302	7	0.5	-0.00627615062761505	0	1
7_21	7	A	32	21	other	spk21_32.wav	160	6	0.167237997055	7	0.5	0.169456066945607	0	1
7_21	7	A	25	21	other	spk21_25.wav	174	6	0.420526027679	7	0.5	0.228033472803347	0	1
7_21	7	A	57	21	other	spk21_57.wav	124	6	0.236215829849	7	0.5	0.0188284518828452	0	1
7_21	7	A	47	21	other	spk21_47.wav	189	6	0.671449899673	7	0.5	0.290794979079498	0	1
7_21	7	A	41	21	other	spk21_41.wav	43	3	3.17567491531	7	0.5	-0.320083682008368	0	1
7_21	7	A	49	21	other	spk21_49.wav	218	6	0.485900163651	7	0.5	0.412133891213389	0	1
7_21	7	A	22	21	other	spk21_22.wav	234	6	0.569394826889	7	0.5	0.47907949790795	0	1
7_21	7	A	44	21	other	spk21_44.wav	46	1	2.09006404877	7	0.5	-0.307531380753138	0	1
7_21	7	A	4	21	other	spk21_4.wav	87	4	0.45441699028	7	0.5	-0.135983263598326	0	1
7_21	7	A	45	21	other	spk21_45.wav	74	1	0.972275018692	7	0.5	-0.190376569037657	0	1
7_21	7	A	55	21	other	spk21_55.wav	106	3	1.05504012108	7	0.5	-0.0564853556485356	0	1
7_21	7	A	60	21	other	spk21_60.wav	63	3	0.186393022537	7	0.5	-0.236401673640167	0	1
7_21	7	A	10	21	other	spk21_10.wav	172	6	0.38677406311	7	0.5	0.219665271966527	0	1
7_21	7	A	5	21	other	spk21_5.wav	173	6	0.0848178863525	7	0.5	0.223849372384937	0	1
7_21	7	A	31	21	other	spk21_31.wav	190	6	0.43776512146	7	0.5	0.294979079497908	0	1
7_21	7	A	2	21	other	spk21_2.wav	200	6	0.553069829941	7	0.5	0.336820083682008	0	1
7_21	7	A	8	21	other	spk21_8.wav	96	4	1.3392291069	7	0.5	-0.098326359832636	0	1
7_21	7	A	20	21	other	spk21_20.wav	225	6	0.250823974609	7	0.5	0.441422594142259	0	1
7_21	7	A	27	21	other	spk21_27.wav	113	3	0.754555940628	7	0.5	-0.0271966527196653	0	1
7_21	7	A	24	21	other	spk21_24.wav	109	3	1.58861398697	7	0.5	-0.0439330543933054	0	1
7_21	7	A	29	21	other	spk21_29.wav	103	3	1.79036307335	7	0.5	-0.0690376569037657	0	1
7_25	7	A	27	25	other	spk25_27.wav	162	6	0.386214017868	7	0.5	0.177824267782427	0	1
7_25	7	A	11	25	other	spk25_11.wav	15	1	2.90961790085	7	0.5	-0.437238493723849	0	1
7_25	7	A	43	25	other	spk25_43.wav	59	1	1.54033207893	7	0.5	-0.253138075313807	0	1
7_25	7	A	33	25	other	spk25_33.wav	19	1	4.34475302696	7	0.5	-0.420502092050209	0	1
7_25	7	A	2	25	other	spk25_2.wav	171	6	3.34414100647	7	0.5	0.215481171548117	0	1
7_25	7	A	57	25	other	spk25_57.wav	2	1	2.02298498154	7	0.5	-0.49163179916318	0	1
7_25	7	A	59	25	other	spk25_59.wav	76	1	0.903429031372	7	0.5	-0.182008368200837	0	1
7_25	7	A	25	25	other	spk25_25.wav	41	3	8.10623908043	7	0.5	-0.328451882845188	0	1
7_25	7	A	10	25	other	spk25_10.wav	95	6	1.07190990448	7	0.5	-0.102510460251046	0	1
7_25	7	A	7	25	other	spk25_7.wav	169	6	1.88916802406	7	0.5	0.207112970711297	0	1
7_25	7	A	31	25	other	spk25_31.wav	126	6	0.103161096573	7	0.5	0.0271966527196653	0	1
7_25	7	A	51	25	other	spk25_51.wav	45	1	0.636049032211	7	0.5	-0.311715481171548	0	1
7_25	7	A	34	25	other	spk25_34.wav	32	3	0.435146093369	7	0.5	-0.366108786610879	0	1
7_25	7	A	41	25	other	spk25_41.wav	140	6	0.603278875351	7	0.5	0.0857740585774058	0	1
7_25	7	A	22	25	other	spk25_22.wav	101	4	0.821257829666	7	0.5	-0.0774058577405858	0	1
7_25	7	A	50	25	other	spk25_50.wav	143	6	0.0365400314331	7	0.5	0.0983263598326359	0	1
7_25	7	A	9	25	other	spk25_9.wav	129	3	1.18921494484	7	0.5	0.0397489539748954	0	1
7_25	7	A	60	25	other	spk25_60.wav	145	6	0.501842021942	7	0.5	0.106694560669456	0	1
7_25	7	A	52	25	other	spk25_52.wav	159	6	0.350934028625	7	0.5	0.165271966527197	0	1
7_25	7	A	13	25	other	spk25_13.wav	213	6	0.00261497497559	7	0.5	0.391213389121339	0	1
7_25	7	A	35	25	other	spk25_35.wav	135	6	0.201747894287	7	0.5	0.0648535564853556	0	1
7_25	7	A	6	25	other	spk25_6.wav	202	6	0.40359210968	7	0.5	0.345188284518828	0	1
7_25	7	A	45	25	other	spk25_45.wav	148	6	0.587421178818	7	0.5	0.119246861924686	0	1
7_25	7	A	37	25	other	spk25_37.wav	204	6	0.619356155396	7	0.5	0.353556485355649	0	1
7_25	7	A	19	25	other	spk25_19.wav	179	6	0.236233949661	7	0.5	0.248953974895398	0	1
7_25	7	A	17	25	other	spk25_17.wav	85	3	0.0532360076904	7	0.5	-0.144351464435146	0	1
7_25	7	A	54	25	other	spk25_54.wav	207	6	0.0669870376587	7	0.5	0.366108786610879	0	1
7_25	7	A	28	25	other	spk25_28.wav	167	6	0.069356918335	7	0.5	0.198744769874477	0	1
7_25	7	A	56	25	other	spk25_56.wav	156	6	0.0506749153137	7	0.5	0.152719665271967	0	1
7_25	7	A	55	25	other	spk25_55.wav	62	6	1.00419807434	7	0.5	-0.240585774058577	0	1
7_25	7	A	48	25	other	spk25_48.wav	77	3	0.587959051132	7	0.5	-0.177824267782427	0	1
7_25	7	A	40	25	other	spk25_40.wav	91	6	0.303572893143	7	0.5	-0.119246861924686	0	1
7_25	7	A	8	25	other	spk25_8.wav	146	6	0.119980812073	7	0.5	0.110878661087866	0	1
7_25	7	A	49	25	other	spk25_49.wav	226	6	0.187087059021	7	0.5	0.445606694560669	0	1
7_25	7	A	21	25	other	spk25_21.wav	27	3	2.69176006317	7	0.5	-0.387029288702929	0	1
7_25	7	A	39	25	other	spk25_39.wav	121	6	0.854660987854	7	0.5	0.00627615062761511	0	1
7_25	7	A	53	25	other	spk25_53.wav	56	3	2.09099507332	7	0.5	-0.265690376569038	0	1
7_25	7	A	29	25	other	spk25_29.wav	177	6	0.236053943634	7	0.5	0.240585774058577	0	1
7_25	7	A	30	25	other	spk25_30.wav	217	6	0.320375204086	7	0.5	0.407949790794979	0	1
7_25	7	A	26	25	other	spk25_26.wav	220	6	0.218342065811	7	0.5	0.420502092050209	0	1
7_25	7	A	44	25	other	spk25_44.wav	33	6	1.63901591301	7	0.5	-0.361924686192469	0	1
7_25	7	A	23	25	other	spk25_23.wav	209	6	0.537805080414	7	0.5	0.374476987447699	0	1
7_25	7	A	47	25	other	spk25_47.wav	195	6	0.520492076874	7	0.5	0.315899581589958	0	1
7_25	7	A	32	25	other	spk25_32.wav	211	6	1.70500397682	7	0.5	0.382845188284519	0	1
7_25	7	A	38	25	other	spk25_38.wav	185	6	0.32018494606	7	0.5	0.274058577405858	0	1
7_25	7	A	42	25	other	spk25_42.wav	144	6	0.337188959122	7	0.5	0.102510460251046	0	1
7_25	7	A	3	25	other	spk25_3.wav	151	6	0.152791023254	7	0.5	0.131799163179916	0	1
7_25	7	A	1	25	other	spk25_1.wav	114	6	0.905432224274	7	0.5	-0.0230125523012552	0	1
7_25	7	A	46	25	other	spk25_46.wav	188	6	0.218613862991	7	0.5	0.286610878661088	0	1
7_25	7	A	24	25	other	spk25_24.wav	150	6	0.367738008499	7	0.5	0.127615062761506	0	1
7_25	7	A	18	25	other	spk25_18.wav	72	4	2.00506806374	7	0.5	-0.198744769874477	0	1
7_25	7	A	15	25	other	spk25_15.wav	68	6	1.08858299255	7	0.5	-0.215481171548117	0	1
7_25	7	A	14	25	other	spk25_14.wav	112	3	1.47286987305	7	0.5	-0.0313807531380753	0	1
7_25	7	A	58	25	other	spk25_58.wav	219	6	0.353368997574	7	0.5	0.416317991631799	0	1
7_25	7	A	36	25	other	spk25_36.wav	210	6	0.420307159424	7	0.5	0.378661087866109	0	1
7_25	7	A	20	25	other	spk25_20.wav	205	6	0.320419073105	7	0.5	0.357740585774059	0	1
7_25	7	A	4	25	other	spk25_4.wav	170	6	2.75943207741	7	0.5	0.211297071129707	0	1
7_25	7	A	12	25	other	spk25_12.wav	107	3	1.45619106293	7	0.5	-0.0523012552301255	0	1
7_25	7	A	16	25	other	spk25_16.wav	125	6	4.31328511238	7	0.5	0.0230125523012552	0	1
7_25	7	A	5	25	other	spk25_5.wav	111	1	1.2223610878	7	0.5	-0.0355648535564854	0	1
7_7	7	A	26	7	self	spk7_26.wav	35	1	2.743090868	7	-0.5	-0.353556485355649	0	1
7_7	7	A	37	7	self	spk7_37.wav	175	6	0.836369991302	7	-0.5	0.232217573221757	0	1
7_7	7	A	55	7	self	spk7_55.wav	133	6	0.937144994736	7	-0.5	0.0564853556485355	0	1
7_7	7	A	12	7	self	spk7_12.wav	18	3	0.818958997726	7	-0.5	-0.424686192468619	0	1
7_7	7	A	29	7	self	spk7_29.wav	71	3	0.153373003006	7	-0.5	-0.202928870292887	0	1
7_7	7	A	60	7	self	spk7_60.wav	82	3	1.08875608444	7	-0.5	-0.156903765690377	0	1
7_7	7	A	4	7	self	spk7_4.wav	79	4	1.95559215546	7	-0.5	-0.169456066945607	0	1
7_7	7	A	31	7	self	spk7_31.wav	119	4	1.13859796524	7	-0.5	-0.002092050209205	0	1
7_7	7	A	18	7	self	spk7_18.wav	116	6	0.0518450737	7	-0.5	-0.0146443514644352	0	1
7_7	7	A	50	7	self	spk7_50.wav	182	6	0.270239114761	7	-0.5	0.261506276150628	0	1
7_7	7	A	22	7	self	spk7_22.wav	37	1	0.654376029968	7	-0.5	-0.345188284518828	0	1
7_7	7	A	11	7	self	spk7_11.wav	61	6	0.803061962128	7	-0.5	-0.244769874476987	0	1
7_7	7	A	27	7	self	spk7_27.wav	51	6	0.836817026138	7	-0.5	-0.286610878661088	0	1
7_7	7	A	48	7	self	spk7_48.wav	187	6	0.353971004486	7	-0.5	0.282426778242678	0	1
7_7	7	A	23	7	self	spk7_23.wav	176	6	0.270254850388	7	-0.5	0.236401673640167	0	1
7_7	7	A	35	7	self	spk7_35.wav	120	6	0.904906988144	7	-0.5	0.002092050209205	0	1
7_7	7	A	46	7	self	spk7_46.wav	123	6	0.704556941986	7	-0.5	0.0146443514644351	0	1
7_7	7	A	56	7	self	spk7_56.wav	164	6	0.25244307518	7	-0.5	0.186192468619247	0	1
7_7	7	A	30	7	self	spk7_30.wav	138	6	0.251081943512	7	-0.5	0.0774058577405857	0	1
7_7	7	A	7	7	self	spk7_7.wav	122	6	0.31861114502	7	-0.5	0.0104602510460251	0	1
7_7	7	A	8	7	self	spk7_8.wav	128	3	1.1225810051	7	-0.5	0.0355648535564853	0	1
7_7	7	A	43	7	self	spk7_43.wav	208	6	1.38971400261	7	-0.5	0.370292887029289	0	1
7_7	7	A	41	7	self	spk7_41.wav	75	3	0.837522029877	7	-0.5	-0.186192468619247	0	1
7_7	7	A	16	7	self	spk7_16.wav	183	6	0.0367798805237	7	-0.5	0.265690376569038	0	1
7_7	7	A	15	7	self	spk7_15.wav	158	6	0.65359210968	7	-0.5	0.161087866108787	0	1
7_7	7	A	32	7	self	spk7_32.wav	65	4	0.169892072678	7	-0.5	-0.228033472803347	0	1
7_7	7	A	10	7	self	spk7_10.wav	239	6	1.43733286858	7	-0.5	0.5	0	1
7_7	7	A	25	7	self	spk7_25.wav	52	3	0.102885007858	7	-0.5	-0.282426778242678	0	1
7_7	7	A	51	7	self	spk7_51.wav	14	3	1.63890600204	7	-0.5	-0.441422594142259	0	1
7_7	7	A	54	7	self	spk7_54.wav	216	6	0.0336558818817	7	-0.5	0.403765690376569	0	1
7_7	7	A	39	7	self	spk7_39.wav	110	4	1.35461902618	7	-0.5	-0.0397489539748954	0	1
7_7	7	A	17	7	self	spk7_17.wav	83	4	0.150626897812	7	-0.5	-0.152719665271967	0	1
7_7	7	A	42	7	self	spk7_42.wav	20	3	0.720551013947	7	-0.5	-0.416317991631799	0	1
7_7	7	A	57	7	self	spk7_57.wav	100	4	0.454160928726	7	-0.5	-0.0815899581589958	0	1
7_7	7	A	52	7	self	spk7_52.wav	141	6	0.235230922699	7	-0.5	0.0899581589958159	0	1
7_7	7	A	49	7	self	spk7_49.wav	73	6	1.50625300407	7	-0.5	-0.194560669456067	0	1
7_7	7	A	53	7	self	spk7_53.wav	196	6	0.954637050629	7	-0.5	0.320083682008368	0	1
7_7	7	A	19	7	self	spk7_19.wav	131	3	1.33712315559	7	-0.5	0.0481171548117155	0	1
7_7	7	A	36	7	self	spk7_36.wav	238	6	1.20530796051	7	-0.5	0.49581589958159	0	1
7_7	7	A	21	7	self	spk7_21.wav	212	6	0.168027877808	7	-0.5	0.387029288702929	0	1
7_7	7	A	6	7	self	spk7_6.wav	186	6	0.352282047272	7	-0.5	0.278242677824268	0	1
7_7	7	A	58	7	self	spk7_58.wav	26	4	0.736315011978	7	-0.5	-0.391213389121339	0	1
7_7	7	A	59	7	self	spk7_59.wav	81	6	0.303074121475	7	-0.5	-0.161087866108787	0	1
7_7	7	A	44	7	self	spk7_44.wav	203	6	0.704231023788	7	-0.5	0.349372384937239	0	1
7_7	7	A	9	7	self	spk7_9.wav	17	3	2.17326998711	7	-0.5	-0.428870292887029	0	1
7_7	7	A	14	7	self	spk7_14.wav	5	3	4.44716191292	7	-0.5	-0.47907949790795	0	1
7_7	7	A	34	7	self	spk7_34.wav	166	6	0.470118999481	7	-0.5	0.194560669456067	0	1
7_7	7	A	33	7	self	spk7_33.wav	180	6	0.103447914124	7	-0.5	0.253138075313807	0	1
7_7	7	A	24	7	self	spk7_24.wav	24	3	0.704392910004	7	-0.5	-0.399581589958159	0	1
7_7	7	A	20	7	self	spk7_20.wav	90	3	1.32058000565	7	-0.5	-0.123430962343096	0	1
7_7	7	A	3	7	self	spk7_3.wav	237	6	0.654243946075	7	-0.5	0.49163179916318	0	1
7_7	7	A	38	7	self	spk7_38.wav	50	6	1.70446515083	7	-0.5	-0.290794979079498	0	1
7_7	7	A	28	7	self	spk7_28.wav	28	1	0.335176944733	7	-0.5	-0.382845188284519	0	1
7_7	7	A	40	7	self	spk7_40.wav	206	6	2.92619109154	7	-0.5	0.361924686192469	0	1
7_7	7	A	1	7	self	spk7_1.wav	57	6	1.27210283279	7	-0.5	-0.261506276150628	0	1
7_7	7	A	2	7	self	spk7_2.wav	229	6	0.203660011292	7	-0.5	0.4581589958159	0	1
7_7	7	A	13	7	self	spk7_13.wav	233	6	0.118680000305	7	-0.5	0.47489539748954	0	1
7_7	7	A	47	7	self	spk7_47.wav	192	6	0.703806877136	7	-0.5	0.303347280334728	0	1
7_7	7	A	45	7	self	spk7_45.wav	184	6	0.537590026855	7	-0.5	0.269874476987448	0	1
7_7	7	A	5	7	self	spk7_5.wav	236	6	1.22139000893	7	-0.5	0.48744769874477	0	1
8_10	8	C	16	10	other	spk10_16.wav	180	3	1.23954510689	8	0.5	0.253138075313807	1.8	3.5
8_10	8	C	42	10	other	spk10_42.wav	7	2	1.25441980362	8	0.5	-0.47071129707113	1.8	3.5
8_10	8	C	57	10	other	spk10_57.wav	141	3	0.436307907104	8	0.5	0.0899581589958159	1.8	3.5
8_10	8	C	21	10	other	spk10_21.wav	108	3	0.520379066467	8	0.5	-0.0481171548117155	1.8	3.5
8_10	8	C	18	10	other	spk10_18.wav	107	3	0.336558103561	8	0.5	-0.0523012552301255	1.8	3.5
8_10	8	C	52	10	other	spk10_52.wav	32	2	2.22274303436	8	0.5	-0.366108786610879	1.8	3.5
8_10	8	C	23	10	other	spk10_23.wav	146	3	1.08845210075	8	0.5	0.110878661087866	1.8	3.5
8_10	8	C	26	10	other	spk10_26.wav	89	2	0.670875072479	8	0.5	-0.127615062761506	1.8	3.5
8_10	8	C	56	10	other	spk10_56.wav	124	2	0.519693136215	8	0.5	0.0188284518828452	1.8	3.5
8_10	8	C	47	10	other	spk10_47.wav	169	4	1.28711891174	8	0.5	0.207112970711297	1.8	3.5
8_10	8	C	32	10	other	spk10_32.wav	20	2	5.64781284332	8	0.5	-0.416317991631799	1.8	3.5
8_10	8	C	39	10	other	spk10_39.wav	167	2	2.07447314262	8	0.5	0.198744769874477	1.8	3.5
8_10	8	C	50	10	other	spk10_50.wav	223	2	2.02422690392	8	0.5	0.433054393305439	1.8	3.5
8_10	8	C	49	10	other	spk10_49.wav	80	2	1.9901239872	8	0.5	-0.165271966527197	1.8	3.5
8_10	8	C	4	10	other	spk10_4.wav	64	3	0.771979808807	8	0.5	-0.232217573221757	1.8	3.5
8_10	8	C	15	10	other	spk10_15.wav	238	2	0.85479593277	8	0.5	0.49581589958159	1.8	3.5
8_10	8	C	28	10	other	spk10_28.wav	30	1	2.6086499691	8	0.5	-0.374476987447699	1.8	3.5
8_10	8	C	19	10	other	spk10_19.wav	177	2	3.97992014885	8	0.5	0.240585774058577	1.8	3.5
8_10	8	C	53	10	other	spk10_53.wav	139	2	2.00727581978	8	0.5	0.0815899581589958	1.8	3.5
8_10	8	C	54	10	other	spk10_54.wav	112	2	1.13848090172	8	0.5	-0.0313807531380753	1.8	3.5
8_10	8	C	20	10	other	spk10_20.wav	100	2	3.02652215958	8	0.5	-0.0815899581589958	1.8	3.5
8_10	8	C	45	10	other	spk10_45.wav	207	2	2.64255905151	8	0.5	0.366108786610879	1.8	3.5
8_10	8	C	24	10	other	spk10_24.wav	182	2	1.07181215286	8	0.5	0.261506276150628	1.8	3.5
8_10	8	C	51	10	other	spk10_51.wav	77	2	1.92391514778	8	0.5	-0.177824267782427	1.8	3.5
8_10	8	C	7	10	other	spk10_7.wav	131	2	3.97882008553	8	0.5	0.0481171548117155	1.8	3.5
8_10	8	C	46	10	other	spk10_46.wav	24	3	1.92442083359	8	0.5	-0.399581589958159	1.8	3.5
8_10	8	C	37	10	other	spk10_37.wav	119	3	0.837573051453	8	0.5	-0.002092050209205	1.8	3.5
8_10	8	C	30	10	other	spk10_30.wav	27	2	0.75195813179	8	0.5	-0.387029288702929	1.8	3.5
8_10	8	C	31	10	other	spk10_31.wav	56	3	1.37275505066	8	0.5	-0.265690376569038	1.8	3.5
8_10	8	C	8	10	other	spk10_8.wav	216	2	0.620723962784	8	0.5	0.403765690376569	1.8	3.5
8_10	8	C	40	10	other	spk10_40.wav	190	3	0.537178039551	8	0.5	0.294979079497908	1.8	3.5
8_10	8	C	9	10	other	spk10_9.wav	164	4	0.854573965073	8	0.5	0.186192468619247	1.8	3.5
8_10	8	C	29	10	other	spk10_29.wav	57	2	1.00349807739	8	0.5	-0.261506276150628	1.8	3.5
8_10	8	C	3	10	other	spk10_3.wav	113	2	0.169401168823	8	0.5	-0.0271966527196653	1.8	3.5
8_10	8	C	41	10	other	spk10_41.wav	140	4	1.22104501724	8	0.5	0.0857740585774058	1.8	3.5
8_10	8	C	58	10	other	spk10_58.wav	35	3	0.569034099579	8	0.5	-0.353556485355649	1.8	3.5
8_10	8	C	5	10	other	spk10_5.wav	22	4	2.82409787178	8	0.5	-0.407949790794979	1.8	3.5
8_10	8	C	34	10	other	spk10_34.wav	104	3	1.33935880661	8	0.5	-0.0648535564853556	1.8	3.5
8_10	8	C	1	10	other	spk10_1.wav	23	2	1.08834481239	8	0.5	-0.403765690376569	1.8	3.5
8_10	8	C	13	10	other	spk10_13.wav	225	2	4.36257004738	8	0.5	0.441422594142259	1.8	3.5
8_10	8	C	6	10	other	spk10_6.wav	187	2	0.919219970703	8	0.5	0.282426778242678	1.8	3.5
8_10	8	C	43	10	other	spk10_43.wav	53	4	1.33921194077	8	0.5	-0.278242677824268	1.8	3.5
8_10	8	C	55	10	other	spk10_55.wav	149	2	1.1386988163	8	0.5	0.123430962343096	1.8	3.5
8_10	8	C	22	10	other	spk10_22.wav	2	3	3.1276819706	8	0.5	-0.49163179916318	1.8	3.5
8_10	8	C	60	10	other	spk10_60.wav	217	3	0.386790990829	8	0.5	0.407949790794979	1.8	3.5
8_10	8	C	11	10	other	spk10_11.wav	151	2	0.971838951111	8	0.5	0.131799163179916	1.8	3.5
8_10	8	C	17	10	other	spk10_17.wav	117	3	1.52285599709	8	0.5	-0.0104602510460251	1.8	3.5
8_10	8	C	25	10	other	spk10_25.wav	237	3	1.10539603233	8	0.5	0.49163179916318	1.8	3.5
8_10	8	C	33	10	other	spk10_33.wav	73	2	1.75714993477	8	0.5	-0.194560669456067	1.8	3.5
8_10	8	C	48	10	other	spk10_48.wav	195	2	1.94034004211	8	0.5	0.315899581589958	1.8	3.5
8_10	8	C	36	10	other	spk10_36.wav	12	3	4.07717704773	8	0.5	-0.449790794979079	1.8	3.5
8_10	8	C	44	10	other	spk10_44.wav	122	2	2.05522704124	8	0.5	0.0104602510460251	1.8	3.5
8_10	8	C	35	10	other	spk10_35.wav	184	4	2.07453894615	8	0.5	0.269874476987448	1.8	3.5
8_10	8	C	14	10	other	spk10_14.wav	203	2	0.27027797699	8	0.5	0.349372384937239	1.8	3.5
8_10	8	C	10	10	other	spk10_10.wav	234	1	0.921487092972	8	0.5	0.47907949790795	1.8	3.5
8_10	8	C	59	10	other	spk10_59.wav	236	2	2.007365942	8	0.5	0.48744769874477	1.8	3.5
8_10	8	C	38	10	other	spk10_38.wav	229	4	0.186033964157	8	0.5	0.4581589958159	1.8	3.5
8_10	8	C	27	10	other	spk10_27.wav	202	2	0.101239919662	8	0.5	0.345188284518828	1.8	3.5
8_10	8	C	2	10	other	spk10_2.wav	15	4	1.12173700333	8	0.5	-0.437238493723849	1.8	3.5
8_10	8	C	12	10	other	spk10_12.wav	210	2	0.921459913254	8	0.5	0.378661087866109	1.8	3.5
8_13	8	C	9	13	other	spk13_9.wav	75	3	0.135107040405	8	0.5	-0.186192468619247	1.8	3.2
8_13	8	C	45	13	other	spk13_45.wav	8	2	0.536992073059	8	0.5	-0.46652719665272	1.8	3.2
8_13	8	C	27	13	other	spk13_27.wav	205	3	2.22263097763	8	0.5	0.357740585774059	1.8	3.2
8_13	8	C	16	13	other	spk13_16.wav	44	2	1.28857207298	8	0.5	-0.315899581589958	1.8	3.2
8_13	8	C	15	13	other	spk13_15.wav	26	2	1.62238287926	8	0.5	-0.391213389121339	1.8	3.2
8_13	8	C	4	13	other	spk13_4.wav	21	2	0.587990999222	8	0.5	-0.412133891213389	1.8	3.2
8_13	8	C	52	13	other	spk13_52.wav	55	2	2.45776796341	8	0.5	-0.269874476987448	1.8	3.2
8_13	8	C	17	13	other	spk13_17.wav	50	2	1.15353608131	8	0.5	-0.290794979079498	1.8	3.2
8_13	8	C	13	13	other	spk13_13.wav	176	1	0.536955833435	8	0.5	0.236401673640167	1.8	3.2
8_13	8	C	23	13	other	spk13_23.wav	105	3	2.62365603447	8	0.5	-0.0606694560669456	1.8	3.2
8_13	8	C	59	13	other	spk13_59.wav	62	3	1.40675401688	8	0.5	-0.240585774058577	1.8	3.2
8_13	8	C	58	13	other	spk13_58.wav	28	3	3.32746291161	8	0.5	-0.382845188284519	1.8	3.2
8_13	8	C	29	13	other	spk13_29.wav	6	3	3.41029405594	8	0.5	-0.47489539748954	1.8	3.2
8_13	8	C	30	13	other	spk13_30.wav	29	2	4.31179714203	8	0.5	-0.378661087866109	1.8	3.2
8_13	8	C	5	13	other	spk13_5.wav	17	4	3.11034393311	8	0.5	-0.428870292887029	1.8	3.2
8_13	8	C	12	13	other	spk13_12.wav	115	2	1.60638689995	8	0.5	-0.0188284518828452	1.8	3.2
8_13	8	C	54	13	other	spk13_54.wav	144	2	2.04099988937	8	0.5	0.102510460251046	1.8	3.2
8_13	8	C	1	13	other	spk13_1.wav	181	2	1.43933010101	8	0.5	0.257322175732218	1.8	3.2
8_13	8	C	55	13	other	spk13_55.wav	34	3	1.53944683075	8	0.5	-0.357740585774059	1.8	3.2
8_13	8	C	56	13	other	spk13_56.wav	66	3	1.53827309608	8	0.5	-0.223849372384937	1.8	3.2
8_13	8	C	49	13	other	spk13_49.wav	148	2	0.685803890228	8	0.5	0.119246861924686	1.8	3.2
8_13	8	C	46	13	other	spk13_46.wav	95	2	1.84050297737	8	0.5	-0.102510460251046	1.8	3.2
8_13	8	C	41	13	other	spk13_41.wav	78	3	1.22206401825	8	0.5	-0.173640167364017	1.8	3.2
8_13	8	C	11	13	other	spk13_11.wav	230	2	1.10547089577	8	0.5	0.46234309623431	1.8	3.2
8_13	8	C	51	13	other	spk13_51.wav	204	1	1.84030413628	8	0.5	0.353556485355649	1.8	3.2
8_13	8	C	36	13	other	spk13_36.wav	71	2	1.43984889984	8	0.5	-0.202928870292887	1.8	3.2
8_13	8	C	7	13	other	spk13_7.wav	82	4	1.80712795258	8	0.5	-0.156903765690377	1.8	3.2
8_13	8	C	18	13	other	spk13_18.wav	208	2	0.936264038086	8	0.5	0.370292887029289	1.8	3.2
8_13	8	C	2	13	other	spk13_2.wav	74	1	2.35674500465	8	0.5	-0.190376569037657	1.8	3.2
8_13	8	C	38	13	other	spk13_38.wav	155	3	0.719466924667	8	0.5	0.148535564853556	1.8	3.2
8_13	8	C	8	13	other	spk13_8.wav	86	2	1.52294206619	8	0.5	-0.140167364016736	1.8	3.2
8_13	8	C	40	13	other	spk13_40.wav	211	2	0.520429134369	8	0.5	0.382845188284519	1.8	3.2
8_13	8	C	35	13	other	spk13_35.wav	200	2	1.15531897545	8	0.5	0.336820083682008	1.8	3.2
8_13	8	C	6	13	other	spk13_6.wav	120	2	0.655025959015	8	0.5	0.002092050209205	1.8	3.2
8_13	8	C	19	13	other	spk13_19.wav	1	2	2.05535697937	8	0.5	-0.49581589958159	1.8	3.2
8_13	8	C	3	13	other	spk13_3.wav	14	3	2.99353384972	8	0.5	-0.441422594142259	1.8	3.2
8_13	8	C	33	13	other	spk13_33.wav	109	2	1.82363390923	8	0.5	-0.0439330543933054	1.8	3.2
8_13	8	C	37	13	other	spk13_37.wav	178	2	2.27384805679	8	0.5	0.244769874476987	1.8	3.2
8_13	8	C	31	13	other	spk13_31.wav	45	3	1.47050213814	8	0.5	-0.311715481171548	1.8	3.2
8_13	8	C	21	13	other	spk13_21.wav	31	4	1.45399403572	8	0.5	-0.370292887029289	1.8	3.2
8_13	8	C	44	13	other	spk13_44.wav	72	2	2.15633511543	8	0.5	-0.198744769874477	1.8	3.2
8_13	8	C	14	13	other	spk13_14.wav	49	2	2.69112300873	8	0.5	-0.294979079497908	1.8	3.2
8_13	8	C	48	13	other	spk13_48.wav	114	3	1.10280013084	8	0.5	-0.0230125523012552	1.8	3.2
8_13	8	C	10	13	other	spk13_10.wav	90	2	1.70616483688	8	0.5	-0.123430962343096	1.8	3.2
8_13	8	C	25	13	other	spk13_25.wav	130	2	0.838297128677	8	0.5	0.0439330543933054	1.8	3.2
8_13	8	C	47	13	other	spk13_47.wav	162	2	1.77122807503	8	0.5	0.177824267782427	1.8	3.2
8_13	8	C	32	13	other	spk13_32.wav	186	3	1.38810396194	8	0.5	0.278242677824268	1.8	3.2
8_13	8	C	34	13	other	spk13_34.wav	138	3	1.37341403961	8	0.5	0.0774058577405857	1.8	3.2
8_13	8	C	39	13	other	spk13_39.wav	41	1	1.02168416977	8	0.5	-0.328451882845188	1.8	3.2
8_13	8	C	57	13	other	spk13_57.wav	85	2	0.887843847275	8	0.5	-0.144351464435146	1.8	3.2
8_13	8	C	26	13	other	spk13_26.wav	42	2	0.969638109207	8	0.5	-0.324267782426778	1.8	3.2
8_13	8	C	53	13	other	spk13_53.wav	239	2	1.0892560482	8	0.5	0.5	1.8	3.2
8_13	8	C	20	13	other	spk13_20.wav	63	2	1.75523996353	8	0.5	-0.236401673640167	1.8	3.2
8_13	8	C	60	13	other	spk13_60.wav	196	4	0.487597942352	8	0.5	0.320083682008368	1.8	3.2
8_13	8	C	28	13	other	spk13_28.wav	175	2	1.07188296318	8	0.5	0.232217573221757	1.8	3.2
8_13	8	C	24	13	other	spk13_24.wav	215	2	0.855010032654	8	0.5	0.399581589958159	1.8	3.2
8_13	8	C	42	13	other	spk13_42.wav	212	1	3.26058983803	8	0.5	0.387029288702929	1.8	3.2
8_13	8	C	50	13	other	spk13_50.wav	54	3	0.954581022263	8	0.5	-0.274058577405858	1.8	3.2
8_13	8	C	22	13	other	spk13_22.wav	52	2	1.25537395477	8	0.5	-0.282426778242678	1.8	3.2
8_13	8	C	43	13	other	spk13_43.wav	161	4	0.971378803253	8	0.5	0.173640167364017	1.8	3.2
8_5	8	C	16	5	other	spk5_16.wav	0	3	2.59271097183	8	0.5	-0.5	1.8	4.4
8_5	8	C	59	5	other	spk5_59.wav	81	4	1.48861789703	8	0.5	-0.161087866108787	1.8	4.4
8_5	8	C	20	5	other	spk5_20.wav	123	2	1.33847808838	8	0.5	0.0146443514644351	1.8	4.4
8_5	8	C	56	5	other	spk5_56.wav	3	2	1.95704388618	8	0.5	-0.48744769874477	1.8	4.4
8_5	8	C	37	5	other	spk5_37.wav	218	2	2.44161701202	8	0.5	0.412133891213389	1.8	4.4
8_5	8	C	25	5	other	spk5_25.wav	5	4	1.82273602486	8	0.5	-0.47907949790795	1.8	4.4
8_5	8	C	43	5	other	spk5_43.wav	46	3	2.35618305206	8	0.5	-0.307531380753138	1.8	4.4
8_5	8	C	42	5	other	spk5_42.wav	128	2	1.43895697594	8	0.5	0.0355648535564853	1.8	4.4
8_5	8	C	11	5	other	spk5_11.wav	48	3	1.22205805779	8	0.5	-0.299163179916318	1.8	4.4
8_5	8	C	50	5	other	spk5_50.wav	9	2	1.30637407303	8	0.5	-0.46234309623431	1.8	4.4
8_5	8	C	46	5	other	spk5_46.wav	10	3	2.52546906471	8	0.5	-0.4581589958159	1.8	4.4
8_5	8	C	2	5	other	spk5_2.wav	11	3	3.99517297745	8	0.5	-0.45397489539749	1.8	4.4
8_5	8	C	54	5	other	spk5_54.wav	133	4	1.32183909416	8	0.5	0.0564853556485355	1.8	4.4
8_5	8	C	33	5	other	spk5_33.wav	134	3	1.30576086044	8	0.5	0.0606694560669456	1.8	4.4
8_5	8	C	21	5	other	spk5_21.wav	135	3	1.79044103622	8	0.5	0.0648535564853556	1.8	4.4
8_5	8	C	32	5	other	spk5_32.wav	121	4	1.48865389824	8	0.5	0.00627615062761511	1.8	4.4
8_5	8	C	49	5	other	spk5_49.wav	96	2	1.55637812614	8	0.5	-0.098326359832636	1.8	4.4
8_5	8	C	3	5	other	spk5_3.wav	110	4	0.887974023819	8	0.5	-0.0397489539748954	1.8	4.4
8_5	8	C	52	5	other	spk5_52.wav	58	2	1.02132701874	8	0.5	-0.257322175732218	1.8	4.4
8_5	8	C	4	5	other	spk5_4.wav	19	2	1.65698599815	8	0.5	-0.420502092050209	1.8	4.4
8_5	8	C	5	5	other	spk5_5.wav	220	3	0.719918966293	8	0.5	0.420502092050209	1.8	4.4
8_5	8	C	38	5	other	spk5_38.wav	61	4	2.97721409798	8	0.5	-0.244769874476987	1.8	4.4
8_5	8	C	23	5	other	spk5_23.wav	143	3	3.39347481728	8	0.5	0.0983263598326359	1.8	4.4
8_5	8	C	51	5	other	spk5_51.wav	103	1	1.53752398491	8	0.5	-0.0690376569037657	1.8	4.4
8_5	8	C	10	5	other	spk5_10.wav	145	1	1.17223191261	8	0.5	0.106694560669456	1.8	4.4
8_5	8	C	6	5	other	spk5_6.wav	65	2	1.23663401604	8	0.5	-0.228033472803347	1.8	4.4
8_5	8	C	44	5	other	spk5_44.wav	39	3	5.13219499588	8	0.5	-0.336820083682008	1.8	4.4
8_5	8	C	36	5	other	spk5_36.wav	67	3	1.4230659008	8	0.5	-0.219665271966527	1.8	4.4
8_5	8	C	14	5	other	spk5_14.wav	94	3	3.26067209244	8	0.5	-0.106694560669456	1.8	4.4
8_5	8	C	26	5	other	spk5_26.wav	69	2	2.60885190964	8	0.5	-0.211297071129707	1.8	4.4
8_5	8	C	30	5	other	spk5_30.wav	43	2	0.654939889908	8	0.5	-0.320083682008368	1.8	4.4
8_5	8	C	41	5	other	spk5_41.wav	192	4	2.2416639328	8	0.5	0.303347280334728	1.8	4.4
8_5	8	C	48	5	other	spk5_48.wav	193	4	0.471021175385	8	0.5	0.307531380753138	1.8	4.4
8_5	8	C	12	5	other	spk5_12.wav	33	4	1.35625505447	8	0.5	-0.361924686192469	1.8	4.4
8_5	8	C	29	5	other	spk5_29.wav	154	4	2.00514888763	8	0.5	0.144351464435146	1.8	4.4
8_5	8	C	15	5	other	spk5_15.wav	173	2	1.27139902115	8	0.5	0.223849372384937	1.8	4.4
8_5	8	C	45	5	other	spk5_45.wav	36	2	0.588485956192	8	0.5	-0.349372384937238	1.8	4.4
8_5	8	C	22	5	other	spk5_22.wav	157	3	0.754898071289	8	0.5	0.156903765690377	1.8	4.4
8_5	8	C	60	5	other	spk5_60.wav	118	4	1.90545606613	8	0.5	-0.00627615062761505	1.8	4.4
8_5	8	C	8	5	other	spk5_8.wav	47	4	2.19103193283	8	0.5	-0.303347280334728	1.8	4.4
8_5	8	C	53	5	other	spk5_53.wav	40	2	1.95631313324	8	0.5	-0.332635983263598	1.8	4.4
8_5	8	C	27	5	other	spk5_27.wav	93	4	1.57507300377	8	0.5	-0.110878661087866	1.8	4.4
8_5	8	C	7	5	other	spk5_7.wav	163	3	0.786009073257	8	0.5	0.182008368200837	1.8	4.4
8_5	8	C	47	5	other	spk5_47.wav	91	4	2.12473893166	8	0.5	-0.119246861924686	1.8	4.4
8_5	8	C	19	5	other	spk5_19.wav	83	3	1.15524792671	8	0.5	-0.152719665271967	1.8	4.4
8_5	8	C	9	5	other	spk5_9.wav	206	3	1.84075307846	8	0.5	0.361924686192469	1.8	4.4
8_5	8	C	31	5	other	spk5_31.wav	99	3	2.55855202675	8	0.5	-0.0857740585774058	1.8	4.4
8_5	8	C	55	5	other	spk5_55.wav	214	4	2.49195384979	8	0.5	0.395397489539749	1.8	4.4
8_5	8	C	34	5	other	spk5_34.wav	194	3	2.69329595566	8	0.5	0.311715481171548	1.8	4.4
8_5	8	C	28	5	other	spk5_28.wav	170	3	2.67566609383	8	0.5	0.211297071129707	1.8	4.4
8_5	8	C	58	5	other	spk5_58.wav	76	3	0.470022916794	8	0.5	-0.182008368200837	1.8	4.4
8_5	8	C	24	5	other	spk5_24.wav	231	3	1.55664300919	8	0.5	0.46652719665272	1.8	4.4
8_5	8	C	1	5	other	spk5_1.wav	224	2	0.886345148087	8	0.5	0.437238493723849	1.8	4.4
8_5	8	C	40	5	other	spk5_40.wav	174	2	0.620606184006	8	0.5	0.228033472803347	1.8	4.4
8_5	8	C	18	5	other	spk5_18.wav	98	3	2.07432389259	8	0.5	-0.0899581589958159	1.8	4.4
8_5	8	C	39	5	other	spk5_39.wav	111	2	0.635987997055	8	0.5	-0.0355648535564854	1.8	4.4
8_5	8	C	17	5	other	spk5_17.wav	213	3	1.50492405891	8	0.5	0.391213389121339	1.8	4.4
8_5	8	C	57	5	other	spk5_57.wav	197	3	2.8740530014	8	0.5	0.324267782426778	1.8	4.4
8_5	8	C	13	5	other	spk5_13.wav	92	3	1.03843784332	8	0.5	-0.115062761506276	1.8	4.4
8_5	8	C	35	5	other	spk5_35.wav	116	4	1.44027495384	8	0.5	-0.0146443514644352	1.8	4.4
8_8	8	C	47	8	self	spk8_47.wav	88	3	0.704118967056	8	-0.5	-0.131799163179916	1.8	1.9
8_8	8	C	57	8	self	spk8_57.wav	160	3	0.737862110138	8	-0.5	0.169456066945607	1.8	1.9
8_8	8	C	44	8	self	spk8_44.wav	126	3	0.905466079712	8	-0.5	0.0271966527196653	1.8	1.9
8_8	8	C	24	8	self	spk8_24.wav	179	3	1.15438604355	8	-0.5	0.248953974895398	1.8	1.9
8_8	8	C	46	8	self	spk8_46.wav	101	2	0.937868833542	8	-0.5	-0.0774058577405858	1.8	1.9
8_8	8	C	41	8	self	spk8_41.wav	168	4	0.0685391426086	8	-0.5	0.202928870292887	1.8	1.9
8_8	8	C	2	8	self	spk8_2.wav	18	2	1.4042930603	8	-0.5	-0.424686192468619	1.8	1.9
8_8	8	C	33	8	self	spk8_33.wav	68	2	0.921913862228	8	-0.5	-0.215481171548117	1.8	1.9
8_8	8	C	12	8	self	spk8_12.wav	188	3	0.836782932281	8	-0.5	0.286610878661088	1.8	1.9
8_8	8	C	45	8	self	spk8_45.wav	106	2	0.786457061768	8	-0.5	-0.0564853556485356	1.8	1.9
8_8	8	C	16	8	self	spk8_16.wav	25	3	1.75652885437	8	-0.5	-0.395397489539749	1.8	1.9
8_8	8	C	59	8	self	spk8_59.wav	165	4	1.38758897781	8	-0.5	0.190376569037657	1.8	1.9
8_8	8	C	8	8	self	spk8_8.wav	152	3	2.80934214592	8	-0.5	0.135983263598326	1.8	1.9
8_8	8	C	40	8	self	spk8_40.wav	153	2	0.320671796799	8	-0.5	0.140167364016736	1.8	1.9
8_8	8	C	23	8	self	spk8_23.wav	125	3	1.35591602325	8	-0.5	0.0230125523012552	1.8	1.9
8_8	8	C	5	8	self	spk8_5.wav	129	2	0.351042985916	8	-0.5	0.0397489539748954	1.8	1.9
8_8	8	C	3	8	self	spk8_3.wav	183	2	3.10882592201	8	-0.5	0.265690376569038	1.8	1.9
8_8	8	C	18	8	self	spk8_18.wav	38	4	1.33911204338	8	-0.5	-0.341004184100418	1.8	1.9
8_8	8	C	37	8	self	spk8_37.wav	60	2	1.65636396408	8	-0.5	-0.248953974895398	1.8	1.9
8_8	8	C	38	8	self	spk8_38.wav	159	4	0.818954944611	8	-0.5	0.165271966527197	1.8	1.9
8_8	8	C	11	8	self	spk8_11.wav	147	2	0.787891864777	8	-0.5	0.115062761506276	1.8	1.9
8_8	8	C	36	8	self	spk8_36.wav	201	3	0.286412000656	8	-0.5	0.341004184100418	1.8	1.9
8_8	8	C	26	8	self	spk8_26.wav	132	2	2.32494497299	8	-0.5	0.0523012552301255	1.8	1.9
8_8	8	C	43	8	self	spk8_43.wav	70	3	3.10793805122	8	-0.5	-0.207112970711297	1.8	1.9
8_8	8	C	50	8	self	spk8_50.wav	4	2	2.12412309647	8	-0.5	-0.48326359832636	1.8	1.9
8_8	8	C	29	8	self	spk8_29.wav	84	5	3.4275829792	8	-0.5	-0.148535564853557	1.8	1.9
8_8	8	C	1	8	self	spk8_1.wav	166	3	0.62077498436	8	-0.5	0.194560669456067	1.8	1.9
8_8	8	C	58	8	self	spk8_58.wav	127	3	0.65393781662	8	-0.5	0.0313807531380753	1.8	1.9
8_8	8	C	48	8	self	spk8_48.wav	142	3	0.119465112686	8	-0.5	0.0941422594142259	1.8	1.9
8_8	8	C	14	8	self	spk8_14.wav	209	3	0.755025148392	8	-0.5	0.374476987447699	1.8	1.9
8_8	8	C	31	8	self	spk8_31.wav	51	3	1.27228498459	8	-0.5	-0.286610878661088	1.8	1.9
8_8	8	C	10	8	self	spk8_10.wav	158	2	2.30825805664	8	-0.5	0.161087866108787	1.8	1.9
8_8	8	C	20	8	self	spk8_20.wav	172	2	2.18901801109	8	-0.5	0.219665271966527	1.8	1.9
8_8	8	C	51	8	self	spk8_51.wav	79	2	1.43938302994	8	-0.5	-0.169456066945607	1.8	1.9
8_8	8	C	52	8	self	spk8_52.wav	13	2	2.89295506477	8	-0.5	-0.445606694560669	1.8	1.9
8_8	8	C	32	8	self	spk8_32.wav	16	2	3.26001620293	8	-0.5	-0.433054393305439	1.8	1.9
8_8	8	C	49	8	self	spk8_49.wav	136	2	1.32089686394	8	-0.5	0.0690376569037657	1.8	1.9
8_8	8	C	55	8	self	spk8_55.wav	137	4	1.74002194405	8	-0.5	0.0732217573221757	1.8	1.9
8_8	8	C	21	8	self	spk8_21.wav	97	2	2.30820989609	8	-0.5	-0.0941422594142259	1.8	1.9
8_8	8	C	54	8	self	spk8_54.wav	219	5	0.903268098831	8	-0.5	0.416317991631799	1.8	1.9
8_8	8	C	39	8	self	spk8_39.wav	59	2	2.60901594162	8	-0.5	-0.253138075313807	1.8	1.9
8_8	8	C	60	8	self	spk8_60.wav	87	4	1.45708394051	8	-0.5	-0.135983263598326	1.8	1.9
8_8	8	C	22	8	self	spk8_22.wav	222	3	1.72154402733	8	-0.5	0.428870292887029	1.8	1.9
8_8	8	C	28	8	self	spk8_28.wav	102	2	2.34177899361	8	-0.5	-0.0732217573221757	1.8	1.9
8_8	8	C	53	8	self	spk8_53.wav	171	2	2.10727286339	8	-0.5	0.215481171548117	1.8	1.9
8_8	8	C	56	8	self	spk8_56.wav	185	2	1.28885102272	8	-0.5	0.274058577405858	1.8	1.9
8_8	8	C	19	8	self	spk8_19.wav	226	2	0.687590122223	8	-0.5	0.445606694560669	1.8	1.9
8_8	8	C	27	8	self	spk8_27.wav	227	3	0.336510896683	8	-0.5	0.449790794979079	1.8	1.9
8_8	8	C	17	8	self	spk8_17.wav	228	3	0.451674938202	8	-0.5	0.45397489539749	1.8	1.9
8_8	8	C	35	8	self	spk8_35.wav	189	3	3.77920103073	8	-0.5	0.290794979079498	1.8	1.9
8_8	8	C	9	8	self	spk8_9.wav	150	3	0.853193998337	8	-0.5	0.127615062761506	1.8	1.9
8_8	8	C	4	8	self	spk8_4.wav	191	2	1.27107095718	8	-0.5	0.299163179916318	1.8	1.9
8_8	8	C	13	8	self	spk8_13.wav	232	2	1.0219180584	8	-0.5	0.47071129707113	1.8	1.9
8_8	8	C	6	8	self	spk8_6.wav	233	2	0.100542068481	8	-0.5	0.47489539748954	1.8	1.9
8_8	8	C	15	8	self	spk8_15.wav	221	2	1.82231903076	8	-0.5	0.424686192468619	1.8	1.9
8_8	8	C	7	8	self	spk8_7.wav	235	2	0.486401796341	8	-0.5	0.48326359832636	1.8	1.9
8_8	8	C	42	8	self	spk8_42.wav	156	2	3.69516992569	8	-0.5	0.152719665271967	1.8	1.9
8_8	8	C	30	8	self	spk8_30.wav	37	2	0.821063995361	8	-0.5	-0.345188284518828	1.8	1.9
8_8	8	C	34	8	self	spk8_34.wav	198	2	0.736603021622	8	-0.5	0.328451882845188	1.8	1.9
8_8	8	C	25	8	self	spk8_25.wav	199	3	0.103273153305	8	-0.5	0.332635983263598	1.8	1.9
9_12	9	D	42	12	other	spk12_42.wav	145	2	1.38920712471	9	0.5	0.106694560669456	4.06666666666667	4.5
9_12	9	D	36	12	other	spk12_36.wav	129	3	3.27765107155	9	0.5	0.0397489539748954	4.06666666666667	4.5
9_12	9	D	19	12	other	spk12_19.wav	23	1	5.85029006004	9	0.5	-0.403765690376569	4.06666666666667	4.5
9_12	9	D	59	12	other	spk12_59.wav	41	3	2.84275484085	9	0.5	-0.328451882845188	4.06666666666667	4.5
9_12	9	D	1	12	other	spk12_1.wav	179	1	0.702651977539	9	0.5	0.248953974895398	4.06666666666667	4.5
9_12	9	D	35	12	other	spk12_35.wav	47	3	1.48815989494	9	0.5	-0.303347280334728	4.06666666666667	4.5
9_12	9	D	33	12	other	spk12_33.wav	22	2	1.60539698601	9	0.5	-0.407949790794979	4.06666666666667	4.5
9_12	9	D	34	12	other	spk12_34.wav	10	1	0.569149017334	9	0.5	-0.4581589958159	4.06666666666667	4.5
9_12	9	D	27	12	other	spk12_27.wav	11	1	0.754528999329	9	0.5	-0.45397489539749	4.06666666666667	4.5
9_12	9	D	31	12	other	spk12_31.wav	130	2	1.58991312981	9	0.5	0.0439330543933054	4.06666666666667	4.5
9_12	9	D	6	12	other	spk12_6.wav	214	2	1.13684296608	9	0.5	0.395397489539749	4.06666666666667	4.5
9_12	9	D	16	12	other	spk12_16.wav	13	2	2.45645594597	9	0.5	-0.445606694560669	4.06666666666667	4.5
9_12	9	D	11	12	other	spk12_11.wav	72	3	2.10779500008	9	0.5	-0.198744769874477	4.06666666666667	4.5
9_12	9	D	4	12	other	spk12_4.wav	54	3	0.921583890915	9	0.5	-0.274058577405858	4.06666666666667	4.5
9_12	9	D	57	12	other	spk12_57.wav	4	3	2.20708584785	9	0.5	-0.48326359832636	4.06666666666667	4.5
9_12	9	D	30	12	other	spk12_30.wav	236	3	1.77190089226	9	0.5	0.48744769874477	4.06666666666667	4.5
9_12	9	D	25	12	other	spk12_25.wav	224	2	0.803866147995	9	0.5	0.437238493723849	4.06666666666667	4.5
9_12	9	D	37	12	other	spk12_37.wav	141	1	1.70482993126	9	0.5	0.0899581589958159	4.06666666666667	4.5
9_12	9	D	56	12	other	spk12_56.wav	168	4	1.05309700966	9	0.5	0.202928870292887	4.06666666666667	4.5
9_12	9	D	39	12	other	spk12_39.wav	66	3	1.32231378555	9	0.5	-0.223849372384937	4.06666666666667	4.5
9_12	9	D	24	12	other	spk12_24.wav	133	1	2.33938789368	9	0.5	0.0564853556485355	4.06666666666667	4.5
9_12	9	D	28	12	other	spk12_28.wav	64	2	3.32455992699	9	0.5	-0.232217573221757	4.06666666666667	4.5
9_12	9	D	15	12	other	spk12_15.wav	69	3	1.90448904037	9	0.5	-0.211297071129707	4.06666666666667	4.5
9_12	9	D	48	12	other	spk12_48.wav	70	2	1.43931317329	9	0.5	-0.207112970711297	4.06666666666667	4.5
9_12	9	D	5	12	other	spk12_5.wav	32	1	2.10736393929	9	0.5	-0.366108786610879	4.06666666666667	4.5
9_12	9	D	32	12	other	spk12_32.wav	166	5	1.28753089905	9	0.5	0.194560669456067	4.06666666666667	4.5
9_12	9	D	23	12	other	spk12_23.wav	153	2	2.32503986359	9	0.5	0.140167364016736	4.06666666666667	4.5
9_12	9	D	20	12	other	spk12_20.wav	87	3	2.67735886574	9	0.5	-0.135983263598326	4.06666666666667	4.5
9_12	9	D	60	12	other	spk12_60.wav	181	1	4.53041195869	9	0.5	0.257322175732218	4.06666666666667	4.5
9_12	9	D	7	12	other	spk12_7.wav	102	2	1.03526306152	9	0.5	-0.0732217573221757	4.06666666666667	4.5
9_12	9	D	44	12	other	spk12_44.wav	170	1	3.67691516876	9	0.5	0.211297071129707	4.06666666666667	4.5
9_12	9	D	17	12	other	spk12_17.wav	12	2	2.18920993805	9	0.5	-0.449790794979079	4.06666666666667	4.5
9_12	9	D	38	12	other	spk12_38.wav	52	2	3.97733807564	9	0.5	-0.282426778242678	4.06666666666667	4.5
9_12	9	D	10	12	other	spk12_10.wav	227	2	1.01934790611	9	0.5	0.449790794979079	4.06666666666667	4.5
9_12	9	D	53	12	other	spk12_53.wav	173	2	0.821097135544	9	0.5	0.223849372384937	4.06666666666667	4.5
9_12	9	D	51	12	other	spk12_51.wav	148	1	5.24997186661	9	0.5	0.119246861924686	4.06666666666667	4.5
9_12	9	D	3	12	other	spk12_3.wav	56	3	1.70676517487	9	0.5	-0.265690376569038	4.06666666666667	4.5
9_12	9	D	43	12	other	spk12_43.wav	58	2	1.55446910858	9	0.5	-0.257322175732218	4.06666666666667	4.5
9_12	9	D	12	12	other	spk12_12.wav	152	3	1.02017498016	9	0.5	0.135983263598326	4.06666666666667	4.5
9_12	9	D	50	12	other	spk12_50.wav	192	2	1.08859300613	9	0.5	0.303347280334728	4.06666666666667	4.5
9_12	9	D	54	12	other	spk12_54.wav	100	4	0.972165822983	9	0.5	-0.0815899581589958	4.06666666666667	4.5
9_12	9	D	41	12	other	spk12_41.wav	155	3	3.10963702202	9	0.5	0.148535564853556	4.06666666666667	4.5
9_12	9	D	40	12	other	spk12_40.wav	221	1	1.28897714615	9	0.5	0.424686192468619	4.06666666666667	4.5
9_12	9	D	46	12	other	spk12_46.wav	146	2	2.97680592537	9	0.5	0.110878661087866	4.06666666666667	4.5
9_12	9	D	22	12	other	spk12_22.wav	225	2	1.23694419861	9	0.5	0.441422594142259	4.06666666666667	4.5
9_12	9	D	29	12	other	spk12_29.wav	186	5	1.5727519989	9	0.5	0.278242677824268	4.06666666666667	4.5
9_12	9	D	8	12	other	spk12_8.wav	172	1	4.37789487839	9	0.5	0.219665271966527	4.06666666666667	4.5
9_12	9	D	26	12	other	spk12_26.wav	138	1	0.519460916519	9	0.5	0.0774058577405857	4.06666666666667	4.5
9_12	9	D	18	12	other	spk12_18.wav	105	2	1.2367310524	9	0.5	-0.0606694560669456	4.06666666666667	4.5
9_12	9	D	14	12	other	spk12_14.wav	230	3	0.553417205811	9	0.5	0.46234309623431	4.06666666666667	4.5
9_12	9	D	9	12	other	spk12_9.wav	204	3	0.988955974579	9	0.5	0.353556485355649	4.06666666666667	4.5
9_12	9	D	52	12	other	spk12_52.wav	234	2	1.55654191971	9	0.5	0.47907949790795	4.06666666666667	4.5
9_12	9	D	58	12	other	spk12_58.wav	125	1	1.03911304474	9	0.5	0.0230125523012552	4.06666666666667	4.5
9_12	9	D	45	12	other	spk12_45.wav	207	1	1.07203888893	9	0.5	0.366108786610879	4.06666666666667	4.5
9_12	9	D	55	12	other	spk12_55.wav	163	2	2.29193687439	9	0.5	0.182008368200837	4.06666666666667	4.5
9_12	9	D	21	12	other	spk12_21.wav	231	4	0.921766996384	9	0.5	0.46652719665272	4.06666666666667	4.5
9_12	9	D	49	12	other	spk12_49.wav	176	2	0.971988916397	9	0.5	0.236401673640167	4.06666666666667	4.5
9_12	9	D	13	12	other	spk12_13.wav	177	2	1.06978487968	9	0.5	0.240585774058577	4.06666666666667	4.5
9_12	9	D	2	12	other	spk12_2.wav	232	3	1.15528893471	9	0.5	0.47071129707113	4.06666666666667	4.5
9_12	9	D	47	12	other	spk12_47.wav	162	2	4.72752690315	9	0.5	0.177824267782427	4.06666666666667	4.5
9_2	9	D	44	2	other	spk2_44.wav	94	6	0.654624938965	9	0.5	-0.106694560669456	4.06666666666667	6
9_2	9	D	34	2	other	spk2_34.wav	132	2	1.00156092644	9	0.5	0.0523012552301255	4.06666666666667	6
9_2	9	D	52	2	other	spk2_52.wav	75	3	2.45856690407	9	0.5	-0.186192468619247	4.06666666666667	6
9_2	9	D	5	2	other	spk2_5.wav	121	2	2.4929599762	9	0.5	0.00627615062761511	4.06666666666667	6
9_2	9	D	14	2	other	spk2_14.wav	18	3	3.0242600441	9	0.5	-0.424686192468619	4.06666666666667	6
9_2	9	D	40	2	other	spk2_40.wav	24	4	0.604777097702	9	0.5	-0.399581589958159	4.06666666666667	6
9_2	9	D	11	2	other	spk2_11.wav	36	4	2.09116292	9	0.5	-0.349372384937238	4.06666666666667	6
9_2	9	D	36	2	other	spk2_36.wav	14	4	0.837146997452	9	0.5	-0.441422594142259	4.06666666666667	6
9_2	9	D	8	2	other	spk2_8.wav	131	4	0.988445997238	9	0.5	0.0481171548117155	4.06666666666667	6
9_2	9	D	6	2	other	spk2_6.wav	15	4	3.37794709206	9	0.5	-0.437238493723849	4.06666666666667	6
9_2	9	D	15	2	other	spk2_15.wav	107	4	1.48768401146	9	0.5	-0.0523012552301255	4.06666666666667	6
9_2	9	D	58	2	other	spk2_58.wav	53	3	2.55661702156	9	0.5	-0.278242677824268	4.06666666666667	6
9_2	9	D	7	2	other	spk2_7.wav	67	3	6.88423299789	9	0.5	-0.219665271966527	4.06666666666667	6
9_2	9	D	56	2	other	spk2_56.wav	193	3	2.09087395668	9	0.5	0.307531380753138	4.06666666666667	6
9_2	9	D	17	2	other	spk2_17.wav	48	3	2.84014201164	9	0.5	-0.299163179916318	4.06666666666667	6
9_2	9	D	25	2	other	spk2_25.wav	34	2	3.57709908485	9	0.5	-0.357740585774059	4.06666666666667	6
9_2	9	D	54	2	other	spk2_54.wav	35	3	3.5263299942	9	0.5	-0.353556485355649	4.06666666666667	6
9_2	9	D	47	2	other	spk2_47.wav	157	6	1.61989307404	9	0.5	0.156903765690377	4.06666666666667	6
9_2	9	D	53	2	other	spk2_53.wav	118	4	1.03850197792	9	0.5	-0.00627615062761505	4.06666666666667	6
9_2	9	D	33	2	other	spk2_33.wav	199	4	3.49428987503	9	0.5	0.332635983263598	4.06666666666667	6
9_2	9	D	21	2	other	spk2_21.wav	26	4	2.4752600193	9	0.5	-0.391213389121339	4.06666666666667	6
9_2	9	D	55	2	other	spk2_55.wav	80	5	0.754284143448	9	0.5	-0.165271966527197	4.06666666666667	6
9_2	9	D	32	2	other	spk2_32.wav	68	5	2.13978099823	9	0.5	-0.215481171548117	4.06666666666667	6
9_2	9	D	12	2	other	spk2_12.wav	17	4	1.00519585609	9	0.5	-0.428870292887029	4.06666666666667	6
9_2	9	D	60	2	other	spk2_60.wav	57	4	1.34068083763	9	0.5	-0.261506276150628	4.06666666666667	6
9_2	9	D	50	2	other	spk2_50.wav	139	4	0.33474111557	9	0.5	0.0815899581589958	4.06666666666667	6
9_2	9	D	2	2	other	spk2_2.wav	45	5	1.72457098961	9	0.5	-0.311715481171548	4.06666666666667	6
9_2	9	D	49	2	other	spk2_49.wav	127	4	0.95161485672	9	0.5	0.0313807531380753	4.06666666666667	6
9_2	9	D	35	2	other	spk2_35.wav	128	3	3.14041280746	9	0.5	0.0355648535564853	4.06666666666667	6
9_2	9	D	26	2	other	spk2_26.wav	169	4	0.56845498085	9	0.5	0.207112970711297	4.06666666666667	6
9_2	9	D	24	2	other	spk2_24.wav	9	4	1.68856287003	9	0.5	-0.46234309623431	4.06666666666667	6
9_2	9	D	16	2	other	spk2_16.wav	50	4	3.86218905449	9	0.5	-0.290794979079498	4.06666666666667	6
9_2	9	D	23	2	other	spk2_23.wav	212	4	1.84231305122	9	0.5	0.387029288702929	4.06666666666667	6
9_2	9	D	10	2	other	spk2_10.wav	213	4	3.54316902161	9	0.5	0.391213389121339	4.06666666666667	6
9_2	9	D	41	2	other	spk2_41.wav	93	4	1.40510988235	9	0.5	-0.110878661087866	4.06666666666667	6
9_2	9	D	28	2	other	spk2_28.wav	215	4	0.786278009415	9	0.5	0.399581589958159	4.06666666666667	6
9_2	9	D	48	2	other	spk2_48.wav	216	3	4.79660582542	9	0.5	0.403765690376569	4.06666666666667	6
9_2	9	D	27	2	other	spk2_27.wav	164	4	0.803575992584	9	0.5	0.186192468619247	4.06666666666667	6
9_2	9	D	39	2	other	spk2_39.wav	84	4	0.70436501503	9	0.5	-0.148535564853557	4.06666666666667	6
9_2	9	D	4	2	other	spk2_4.wav	98	5	0.652443885803	9	0.5	-0.0899581589958159	4.06666666666667	6
9_2	9	D	30	2	other	spk2_30.wav	99	4	1.05344295502	9	0.5	-0.0857740585774058	4.06666666666667	6
9_2	9	D	9	2	other	spk2_9.wav	20	3	4.279733181	9	0.5	-0.416317991631799	4.06666666666667	6
9_2	9	D	29	2	other	spk2_29.wav	21	3	4.32774305344	9	0.5	-0.412133891213389	4.06666666666667	6
9_2	9	D	19	2	other	spk2_19.wav	62	4	1.70682787895	9	0.5	-0.240585774058577	4.06666666666667	6
9_2	9	D	43	2	other	spk2_43.wav	103	4	0.788094043732	9	0.5	-0.0690376569037657	4.06666666666667	6
9_2	9	D	22	2	other	spk2_22.wav	185	4	0.336930036545	9	0.5	0.274058577405858	4.06666666666667	6
9_2	9	D	13	2	other	spk2_13.wav	65	4	0.989499092102	9	0.5	-0.228033472803347	4.06666666666667	6
9_2	9	D	38	2	other	spk2_38.wav	106	4	3.29390287399	9	0.5	-0.0564853556485356	4.06666666666667	6
9_2	9	D	59	2	other	spk2_59.wav	228	4	2.62532901764	9	0.5	0.45397489539749	4.06666666666667	6
9_2	9	D	57	2	other	spk2_57.wav	108	5	1.15365219116	9	0.5	-0.0481171548117155	4.06666666666667	6
9_2	9	D	1	2	other	spk2_1.wav	16	3	2.2747130394	9	0.5	-0.433054393305439	4.06666666666667	6
9_2	9	D	45	2	other	spk2_45.wav	97	3	2.40810894966	9	0.5	-0.0941422594142259	4.06666666666667	6
9_2	9	D	46	2	other	spk2_46.wav	112	3	3.55930399895	9	0.5	-0.0313807531380753	4.06666666666667	6
9_2	9	D	18	2	other	spk2_18.wav	233	5	0.755101919174	9	0.5	0.47489539748954	4.06666666666667	6
9_2	9	D	51	2	other	spk2_51.wav	73	3	2.42446899414	9	0.5	-0.194560669456067	4.06666666666667	6
9_2	9	D	31	2	other	spk2_31.wav	114	4	0.620629072189	9	0.5	-0.0230125523012552	4.06666666666667	6
9_2	9	D	37	2	other	spk2_37.wav	196	4	0.752138137817	9	0.5	0.320083682008368	4.06666666666667	6
9_2	9	D	42	2	other	spk2_42.wav	116	4	12.0170361996	9	0.5	-0.0146443514644352	4.06666666666667	6
9_2	9	D	20	2	other	spk2_20.wav	77	4	2.97397494316	9	0.5	-0.177824267782427	4.06666666666667	6
9_2	9	D	3	2	other	spk2_3.wav	239	4	1.27082800865	9	0.5	0.5	4.06666666666667	6
9_20	9	D	17	20	other	spk20_17.wav	0	2	3.10899209976	9	0.5	-0.5	4.06666666666667	5.6
9_20	9	D	38	20	other	spk20_38.wav	1	4	0.97039604187	9	0.5	-0.49581589958159	4.06666666666667	5.6
9_20	9	D	58	20	other	spk20_58.wav	2	2	2.99317908287	9	0.5	-0.49163179916318	4.06666666666667	5.6
9_20	9	D	8	20	other	spk20_8.wav	3	2	1.52259492874	9	0.5	-0.48744769874477	4.06666666666667	5.6
9_20	9	D	21	20	other	spk20_21.wav	205	5	0.720652103424	9	0.5	0.357740585774059	4.06666666666667	5.6
9_20	9	D	50	20	other	spk20_50.wav	5	1	0.903159141541	9	0.5	-0.47907949790795	4.06666666666667	5.6
9_20	9	D	60	20	other	spk20_60.wav	6	2	2.1240708828	9	0.5	-0.47489539748954	4.06666666666667	5.6
9_20	9	D	23	20	other	spk20_23.wav	7	3	3.828125	9	0.5	-0.47071129707113	4.06666666666667	5.6
9_20	9	D	54	20	other	spk20_54.wav	182	3	1.24062895775	9	0.5	0.261506276150628	4.06666666666667	5.6
9_20	9	D	5	20	other	spk20_5.wav	49	2	2.54123806953	9	0.5	-0.294979079497908	4.06666666666667	5.6
9_20	9	D	47	20	other	spk20_47.wav	211	4	1.43745112419	9	0.5	0.382845188284519	4.06666666666667	5.6
9_20	9	D	7	20	other	spk20_7.wav	51	3	1.47254109383	9	0.5	-0.286610878661088	4.06666666666667	5.6
9_20	9	D	34	20	other	spk20_34.wav	92	1	1.17150712013	9	0.5	-0.115062761506276	4.06666666666667	5.6
9_20	9	D	55	20	other	spk20_55.wav	134	2	2.09298396111	9	0.5	0.0606694560669456	4.06666666666667	5.6
9_20	9	D	52	20	other	spk20_52.wav	27	2	1.20467495918	9	0.5	-0.387029288702929	4.06666666666667	5.6
9_20	9	D	6	20	other	spk20_6.wav	136	2	2.00766301155	9	0.5	0.0690376569037657	4.06666666666667	5.6
9_20	9	D	57	20	other	spk20_57.wav	137	3	0.96871304512	9	0.5	0.0732217573221757	4.06666666666667	5.6
9_20	9	D	44	20	other	spk20_44.wav	178	3	1.03567695618	9	0.5	0.244769874476987	4.06666666666667	5.6
9_20	9	D	19	20	other	spk20_19.wav	219	1	0.819756031036	9	0.5	0.416317991631799	4.06666666666667	5.6
9_20	9	D	2	20	other	spk20_2.wav	19	4	3.01067304611	9	0.5	-0.420502092050209	4.06666666666667	5.6
9_20	9	D	31	20	other	spk20_31.wav	60	1	1.87412118912	9	0.5	-0.248953974895398	4.06666666666667	5.6
9_20	9	D	3	20	other	spk20_3.wav	74	3	1.08747315407	9	0.5	-0.190376569037657	4.06666666666667	5.6
9_20	9	D	13	20	other	spk20_13.wav	222	2	2.34062004089	9	0.5	0.428870292887029	4.06666666666667	5.6
9_20	9	D	53	20	other	spk20_53.wav	76	2	2.5430970192	9	0.5	-0.182008368200837	4.06666666666667	5.6
9_20	9	D	24	20	other	spk20_24.wav	158	2	1.50626301765	9	0.5	0.161087866108787	4.06666666666667	5.6
9_20	9	D	1	20	other	spk20_1.wav	25	2	6.23318195343	9	0.5	-0.395397489539749	4.06666666666667	5.6
9_20	9	D	11	20	other	spk20_11.wav	147	4	1.97578001022	9	0.5	0.115062761506276	4.06666666666667	5.6
9_20	9	D	49	20	other	spk20_49.wav	40	2	3.76197695732	9	0.5	-0.332635983263598	4.06666666666667	5.6
9_20	9	D	32	20	other	spk20_32.wav	149	5	0.702555179596	9	0.5	0.123430962343096	4.06666666666667	5.6
9_20	9	D	37	20	other	spk20_37.wav	29	4	3.02730989456	9	0.5	-0.378661087866109	4.06666666666667	5.6
9_20	9	D	28	20	other	spk20_28.wav	150	4	1.01983690262	9	0.5	0.127615062761506	4.06666666666667	5.6
9_20	9	D	27	20	other	spk20_27.wav	71	5	2.24159884453	9	0.5	-0.202928870292887	4.06666666666667	5.6
9_20	9	D	35	20	other	spk20_35.wav	85	4	1.47271990776	9	0.5	-0.144351464435146	4.06666666666667	5.6
9_20	9	D	12	20	other	spk20_12.wav	113	4	0.754437923431	9	0.5	-0.0271966527196653	4.06666666666667	5.6
9_20	9	D	22	20	other	spk20_22.wav	126	3	1.92512392998	9	0.5	0.0271966527196653	4.06666666666667	5.6
9_20	9	D	56	20	other	spk20_56.wav	156	4	2.15510392189	9	0.5	0.152719665271967	4.06666666666667	5.6
9_20	9	D	10	20	other	spk20_10.wav	119	1	1.23644685745	9	0.5	-0.002092050209205	4.06666666666667	5.6
9_20	9	D	16	20	other	spk20_16.wav	237	3	6.98533797264	9	0.5	0.49163179916318	4.06666666666667	5.6
9_20	9	D	45	20	other	spk20_45.wav	159	3	2.15651297569	9	0.5	0.165271966527197	4.06666666666667	5.6
9_20	9	D	36	20	other	spk20_36.wav	79	4	1.03834199905	9	0.5	-0.169456066945607	4.06666666666667	5.6
9_20	9	D	59	20	other	spk20_59.wav	218	2	1.50586700439	9	0.5	0.412133891213389	4.06666666666667	5.6
9_20	9	D	33	20	other	spk20_33.wav	201	5	1.50359106064	9	0.5	0.341004184100418	4.06666666666667	5.6
9_20	9	D	30	20	other	spk20_30.wav	82	3	4.7285130024	9	0.5	-0.156903765690377	4.06666666666667	5.6
9_20	9	D	20	20	other	spk20_20.wav	43	5	1.37264800072	9	0.5	-0.320083682008368	4.06666666666667	5.6
9_20	9	D	4	20	other	spk20_4.wav	101	3	1.00378203392	9	0.5	-0.0774058577405858	4.06666666666667	5.6
9_20	9	D	26	20	other	spk20_26.wav	111	2	3.26036405563	9	0.5	-0.0355648535564854	4.06666666666667	5.6
9_20	9	D	39	20	other	spk20_39.wav	167	6	0.838187932968	9	0.5	0.198744769874477	4.06666666666667	5.6
9_20	9	D	40	20	other	spk20_40.wav	117	3	2.17435383797	9	0.5	-0.0104602510460251	4.06666666666667	5.6
9_20	9	D	42	20	other	spk20_42.wav	226	3	0.705138206482	9	0.5	0.445606694560669	4.06666666666667	5.6
9_20	9	D	29	20	other	spk20_29.wav	83	4	0.838057041168	9	0.5	-0.152719665271967	4.06666666666667	5.6
9_20	9	D	15	20	other	spk20_15.wav	217	1	1.23875904083	9	0.5	0.407949790794979	4.06666666666667	5.6
9_20	9	D	43	20	other	spk20_43.wav	55	4	3.20822191238	9	0.5	-0.269874476987448	4.06666666666667	5.6
9_20	9	D	9	20	other	spk20_9.wav	96	4	2.49007296562	9	0.5	-0.098326359832636	4.06666666666667	5.6
9_20	9	D	14	20	other	spk20_14.wav	235	2	2.12441301346	9	0.5	0.48326359832636	4.06666666666667	5.6
9_20	9	D	41	20	other	spk20_41.wav	197	4	1.92400503159	9	0.5	0.324267782426778	4.06666666666667	5.6
9_20	9	D	51	20	other	spk20_51.wav	123	2	2.3082549572	9	0.5	0.0146443514644351	4.06666666666667	5.6
9_20	9	D	48	20	other	spk20_48.wav	189	2	2.5591070652	9	0.5	0.290794979079498	4.06666666666667	5.6
9_20	9	D	18	20	other	spk20_18.wav	238	4	0.853851079941	9	0.5	0.49581589958159	4.06666666666667	5.6
9_20	9	D	46	20	other	spk20_46.wav	122	3	0.836920976639	9	0.5	0.0104602510460251	4.06666666666667	5.6
9_20	9	D	25	20	other	spk20_25.wav	200	4	0.688570022583	9	0.5	0.336820083682008	4.06666666666667	5.6
9_9	9	D	50	9	self	spk9_50.wav	63	1	1.25546193123	9	-0.5	-0.236401673640167	4.06666666666667	1.3
9_9	9	D	43	9	self	spk9_43.wav	115	1	0.670861959457	9	-0.5	-0.0188284518828452	4.06666666666667	1.3
9_9	9	D	23	9	self	spk9_23.wav	88	1	1.01944112778	9	-0.5	-0.131799163179916	4.06666666666667	1.3
9_9	9	D	19	9	self	spk9_19.wav	188	1	0.28459405899	9	-0.5	0.286610878661088	4.06666666666667	1.3
9_9	9	D	60	9	self	spk9_60.wav	81	2	3.69480395317	9	-0.5	-0.161087866108787	4.06666666666667	1.3
9_9	9	D	7	9	self	spk9_7.wav	91	1	3.76303982735	9	-0.5	-0.119246861924686	4.06666666666667	1.3
9_9	9	D	17	9	self	spk9_17.wav	78	3	11.7981579304	9	-0.5	-0.173640167364017	4.06666666666667	1.3
9_9	9	D	6	9	self	spk9_6.wav	46	2	1.20423603058	9	-0.5	-0.307531380753138	4.06666666666667	1.3
9_9	9	D	31	9	self	spk9_31.wav	44	1	1.13894581795	9	-0.5	-0.315899581589958	4.06666666666667	1.3
9_9	9	D	54	9	self	spk9_54.wav	95	1	1.33963084221	9	-0.5	-0.102510460251046	4.06666666666667	1.3
9_9	9	D	53	9	self	spk9_53.wav	171	1	0.854753017426	9	-0.5	0.215481171548117	4.06666666666667	1.3
9_9	9	D	12	9	self	spk9_12.wav	90	1	0.670078039169	9	-0.5	-0.123430962343096	4.06666666666667	1.3
9_9	9	D	57	9	self	spk9_57.wav	89	1	0.770653009415	9	-0.5	-0.127615062761506	4.06666666666667	1.3
9_9	9	D	3	9	self	spk9_3.wav	8	2	0.787724018097	9	-0.5	-0.46652719665272	4.06666666666667	1.3
9_9	9	D	38	9	self	spk9_38.wav	161	3	4.71432113647	9	-0.5	0.173640167364017	4.06666666666667	1.3
9_9	9	D	4	9	self	spk9_4.wav	175	1	1.38922905922	9	-0.5	0.232217573221757	4.06666666666667	1.3
9_9	9	D	32	9	self	spk9_32.wav	39	2	1.99044489861	9	-0.5	-0.336820083682008	4.06666666666667	1.3
9_9	9	D	26	9	self	spk9_26.wav	135	1	2.13944411278	9	-0.5	0.0648535564853556	4.06666666666667	1.3
9_9	9	D	34	9	self	spk9_34.wav	59	1	0.752418994904	9	-0.5	-0.253138075313807	4.06666666666667	1.3
9_9	9	D	29	9	self	spk9_29.wav	33	1	3.37623810768	9	-0.5	-0.361924686192469	4.06666666666667	1.3
9_9	9	D	44	9	self	spk9_44.wav	140	1	3.32766103745	9	-0.5	0.0857740585774058	4.06666666666667	1.3
9_9	9	D	46	9	self	spk9_46.wav	30	1	1.00672197342	9	-0.5	-0.374476987447699	4.06666666666667	1.3
9_9	9	D	45	9	self	spk9_45.wav	183	2	0.969182014465	9	-0.5	0.265690376569038	4.06666666666667	1.3
9_9	9	D	56	9	self	spk9_56.wav	143	1	0.502619981766	9	-0.5	0.0983263598326359	4.06666666666667	1.3
9_9	9	D	47	9	self	spk9_47.wav	144	2	2.52529597282	9	-0.5	0.102510460251046	4.06666666666667	1.3
9_9	9	D	27	9	self	spk9_27.wav	195	1	1.10344099998	9	-0.5	0.315899581589958	4.06666666666667	1.3
9_9	9	D	13	9	self	spk9_13.wav	187	1	0.736340045929	9	-0.5	0.282426778242678	4.06666666666667	1.3
9_9	9	D	42	9	self	spk9_42.wav	120	1	0.989299058914	9	-0.5	0.002092050209205	4.06666666666667	1.3
9_9	9	D	41	9	self	spk9_41.wav	229	2	6.15134596825	9	-0.5	0.4581589958159	4.06666666666667	1.3
9_9	9	D	30	9	self	spk9_30.wav	104	2	0.620333909988	9	-0.5	-0.0648535564853556	4.06666666666667	1.3
9_9	9	D	37	9	self	spk9_37.wav	42	1	1.47184085846	9	-0.5	-0.324267782426778	4.06666666666667	1.3
9_9	9	D	1	9	self	spk9_1.wav	151	1	0.420252084732	9	-0.5	0.131799163179916	4.06666666666667	1.3
9_9	9	D	55	9	self	spk9_55.wav	220	3	4.43107008934	9	-0.5	0.420502092050209	4.06666666666667	1.3
9_9	9	D	36	9	self	spk9_36.wav	194	2	1.65622091293	9	-0.5	0.311715481171548	4.06666666666667	1.3
9_9	9	D	48	9	self	spk9_48.wav	208	1	1.50507998466	9	-0.5	0.370292887029289	4.06666666666667	1.3
9_9	9	D	18	9	self	spk9_18.wav	142	2	0.551102161407	9	-0.5	0.0941422594142259	4.06666666666667	1.3
9_9	9	D	9	9	self	spk9_9.wav	209	1	0.416646957397	9	-0.5	0.374476987447699	4.06666666666667	1.3
9_9	9	D	16	9	self	spk9_16.wav	198	2	1.85845518112	9	-0.5	0.328451882845188	4.06666666666667	1.3
9_9	9	D	25	9	self	spk9_25.wav	37	1	0.620630979538	9	-0.5	-0.345188284518828	4.06666666666667	1.3
9_9	9	D	10	9	self	spk9_10.wav	38	2	4.53137016296	9	-0.5	-0.341004184100418	4.06666666666667	1.3
9_9	9	D	11	9	self	spk9_11.wav	174	1	0.403620958328	9	-0.5	0.228033472803347	4.06666666666667	1.3
9_9	9	D	21	9	self	spk9_21.wav	160	1	0.621174097061	9	-0.5	0.169456066945607	4.06666666666667	1.3
9_9	9	D	33	9	self	spk9_33.wav	28	1	1.13844299316	9	-0.5	-0.382845188284519	4.06666666666667	1.3
9_9	9	D	20	9	self	spk9_20.wav	202	3	1.22143101692	9	-0.5	0.345188284518828	4.06666666666667	1.3
9_9	9	D	59	9	self	spk9_59.wav	124	2	0.722491025925	9	-0.5	0.0188284518828452	4.06666666666667	1.3
9_9	9	D	2	9	self	spk9_2.wav	165	2	2.94311094284	9	-0.5	0.190376569037657	4.06666666666667	1.3
9_9	9	D	22	9	self	spk9_22.wav	206	1	0.687428951263	9	-0.5	0.361924686192469	4.06666666666667	1.3
9_9	9	D	15	9	self	spk9_15.wav	86	1	1.90697789192	9	-0.5	-0.140167364016736	4.06666666666667	1.3
9_9	9	D	58	9	self	spk9_58.wav	154	1	0.903851985931	9	-0.5	0.144351464435146	4.06666666666667	1.3
9_9	9	D	39	9	self	spk9_39.wav	61	1	2.22595095634	9	-0.5	-0.244769874476987	4.06666666666667	1.3
9_9	9	D	40	9	self	spk9_40.wav	210	1	0.48689198494	9	-0.5	0.378661087866109	4.06666666666667	1.3
9_9	9	D	24	9	self	spk9_24.wav	184	1	0.553371906281	9	-0.5	0.269874476987448	4.06666666666667	1.3
9_9	9	D	49	9	self	spk9_49.wav	180	2	2.2751789093	9	-0.5	0.253138075313807	4.06666666666667	1.3
9_9	9	D	8	9	self	spk9_8.wav	190	1	4.69722104073	9	-0.5	0.294979079497908	4.06666666666667	1.3
9_9	9	D	28	9	self	spk9_28.wav	191	2	7.53528189659	9	-0.5	0.299163179916318	4.06666666666667	1.3
9_9	9	D	35	9	self	spk9_35.wav	31	1	1.30368614197	9	-0.5	-0.370292887029289	4.06666666666667	1.3
9_9	9	D	5	9	self	spk9_5.wav	110	1	0.453964948654	9	-0.5	-0.0397489539748954	4.06666666666667	1.3
9_9	9	D	51	9	self	spk9_51.wav	203	2	1.88777184486	9	-0.5	0.349372384937239	4.06666666666667	1.3
9_9	9	D	14	9	self	spk9_14.wav	223	1	1.08693003654	9	-0.5	0.433054393305439	4.06666666666667	1.3
9_9	9	D	52	9	self	spk9_52.wav	109	1	0.700523138046	9	-0.5	-0.0439330543933054	4.06666666666667	1.3
